output_file,status,transparent,character_id,character_cn,character_source,naming_role,talent_slot,talent_type,talent_type_cn,talent_name_en,talent_name_cn,parent_talent_name_en,parent_talent_name_cn,description_cn,description_en,source_filename,talent_page,source_page,source_url,sha1
1009_T01.png,downloaded,unknown,1009,安柏,Amber,skill,combat2,Elemental Skill,元素战技,Explosive Puppet,爆弹玩偶,,,"请可靠的兔兔伯爵上阵。

兔兔伯爵
·持续嘲讽周围的敌人，吸引火力；
·耐久度按比例继承安柏的生命值上限；
·被摧毁或持续时间结束时，会发生剧烈的爆炸，造成火元素范围伤害。

长按
调整投掷方向。
投掷距离随长按时间增加。","The ever-reliable Baron Bunny takes the stage.

Baron Bunny
·Continuously taunts the enemy, drawing their fire.
·Baron Bunny's HP scales with Amber's Max HP.
·When destroyed or when its timer expires, Baron Bunny explodes, dealing AoE Pyro DMG.

Hold
Adjusts the throwing direction of Baron Bunny.
The longer the button is held, the further the throw.",Talent Explosive Puppet.png,https://genshin-impact.fandom.com/wiki/Explosive_Puppet,https://genshin-impact.fandom.com/wiki/File%3ATalent_Explosive_Puppet.png,https://static.wikia.nocookie.net/gensin-impact/images/e/e0/Talent_Explosive_Puppet.png/revision/latest?cb=20210607085822,257836bf79062f397c62e928b16af742a2a9bab8
1009_T02.png,downloaded,unknown,1009,安柏,Amber,burst,combat3,Elemental Burst,元素爆发,Fiery Rain,箭雨,,,射出火焰箭雨，持续造成火元素范围伤害。,"Fires off a shower of arrows, dealing continuous AoE Pyro DMG.",Talent Fiery Rain.png,https://genshin-impact.fandom.com/wiki/Fiery_Rain,https://genshin-impact.fandom.com/wiki/File%3ATalent_Fiery_Rain.png,https://static.wikia.nocookie.net/gensin-impact/images/6/6c/Talent_Fiery_Rain.png/revision/latest?cb=20210607085953,e7d280ae5b99e6abd87e9925061173e414880089
1009_T03.png,downloaded,unknown,1009,安柏,Amber,passive,passive1,1st Ascension Passive,突破天赋1,Every Arrow Finds Its Target,百发百中！,,,箭雨的暴击率提高10%，影响范围扩大30%。,Increases the CRIT Rate of Fiery Rain by 10% and widens its AoE by 30%.,Talent Every Arrow Finds Its Target.png,https://genshin-impact.fandom.com/wiki/Every_Arrow_Finds_Its_Target,https://genshin-impact.fandom.com/wiki/File%3ATalent_Every_Arrow_Finds_Its_Target.png,https://static.wikia.nocookie.net/gensin-impact/images/5/54/Talent_Every_Arrow_Finds_Its_Target.png/revision/latest?cb=20210607085811,0c3fb0ffee7788c33f288b665fc05dd523bd38a5
1009_T04.png,downloaded,unknown,1009,安柏,Amber,passive,passive2,4th Ascension Passive,突破天赋2,Precise Shot,压制射击,,,瞄准射击命中弱点时，攻击力提高15%，持续10秒。,Aimed Shot hits on weak points increase ATK by 15% for 10s.,Talent Precise Shot.png,https://genshin-impact.fandom.com/wiki/Precise_Shot,https://genshin-impact.fandom.com/wiki/File%3ATalent_Precise_Shot.png,https://static.wikia.nocookie.net/gensin-impact/images/5/51/Talent_Precise_Shot.png/revision/latest?cb=20210607091338,268cec12b8708db1823c73721a487fece2ffaa62
1009_T05.png,downloaded,unknown,1009,安柏,Amber,passive,passive3,Utility Passive,探索天赋,Gliding Champion,飞行冠军,,,"队伍中自己的角色滑翔消耗的体力降低20%。
无法与效果完全相同的固有天赋叠加。","Decreases gliding Stamina consumption for your own party members by 20%.
Not stackable with Passive Talents that provide the exact same effects.",Talent Gliding Champion.png,https://genshin-impact.fandom.com/wiki/Gliding_Champion,https://genshin-impact.fandom.com/wiki/File%3ATalent_Gliding_Champion.png,https://static.wikia.nocookie.net/gensin-impact/images/d/df/Talent_Gliding_Champion.png/revision/latest?cb=20210607090319,373c8bf8634446b6aab307ca2083aa057fa2eac0
1010_T01.png,downloaded,unknown,1010,凯亚,Kaeya,skill,combat2,Elemental Skill,元素战技,Frostgnaw,霜袭,,,瞬间放出急冻的寒气，对前方的敌人造成冰元素伤害。,"Unleashes a frigid blast, dealing Cryo DMG to opponents in front of Kaeya.",Talent Frostgnaw.png,https://genshin-impact.fandom.com/wiki/Frostgnaw,https://genshin-impact.fandom.com/wiki/File%3ATalent_Frostgnaw.png,https://static.wikia.nocookie.net/gensin-impact/images/5/51/Talent_Frostgnaw.png/revision/latest?cb=20210607090157,d3b85b20b9c0f5b73c43c20b5608c554bf5e6b6a
1010_T02.png,downloaded,unknown,1010,凯亚,Kaeya,burst,combat3,Elemental Burst,元素爆发,Glacial Waltz,凛冽轮舞,,,"凝聚空气中的寒霜，召唤3枚围绕自身旋转的寒冰之棱。
存在期间内，寒冰之棱会跟随角色运动，对路径上的敌人造成冰元素伤害。","Coalescing the frost in the air, Kaeya summons 3 icicles that revolve around him.
These icicles will follow the character around and deal Cryo DMG to opponents in their path for the ability's duration.",Talent Glacial Waltz.png,https://genshin-impact.fandom.com/wiki/Glacial_Waltz,https://genshin-impact.fandom.com/wiki/File%3ATalent_Glacial_Waltz.png,https://static.wikia.nocookie.net/gensin-impact/images/2/29/Talent_Glacial_Waltz.png/revision/latest?cb=20210607090308,ec0deb373a4c98e8f4eef65a4e4a702cb0ba9fbc
1010_T03.png,downloaded,unknown,1010,凯亚,Kaeya,passive,passive1,1st Ascension Passive,突破天赋1,Cold-Blooded Strike,冷血之剑,,,霜袭每击中一个单位，便为凯亚恢复等同于攻击力15%的生命值。,Every hit with Frostgnaw regenerates HP for Kaeya equal to 15% of his ATK.,Talent Cold-Blooded Strike.png,https://genshin-impact.fandom.com/wiki/Cold-Blooded_Strike,https://genshin-impact.fandom.com/wiki/File%3ATalent_Cold-Blooded_Strike.png,https://static.wikia.nocookie.net/gensin-impact/images/c/c4/Talent_Cold-Blooded_Strike.png/revision/latest?cb=20210607085327,0713f99f7973097f7c31183d2604e19902abd0a1
1010_T04.png,downloaded,unknown,1010,凯亚,Kaeya,passive,passive2,4th Ascension Passive,突破天赋2,Glacial Heart,冰渊之心,,,"霜袭使敌人冻结时，被冻结的敌人会掉落额外的元素微粒。
一次霜袭至多因此产生2个额外元素微粒。","Opponents Frozen by Frostgnaw will drop additional Elemental Particles.
Frostgnaw may only produce a maximum of 2 additional Elemental Particles per use.",Talent Glacial Heart.png,https://genshin-impact.fandom.com/wiki/Glacial_Heart,https://genshin-impact.fandom.com/wiki/File%3ATalent_Glacial_Heart.png,https://static.wikia.nocookie.net/gensin-impact/images/6/6f/Talent_Glacial_Heart.png/revision/latest?cb=20210607090245,ee5f322ee3e9453df5178cd9af35f68a28b23272
1010_T05.png,skipped_existing,unknown,1010,凯亚,Kaeya,passive,passive3,Utility Passive,探索天赋,Hidden Strength,隐藏的实力,,,"队伍中自己的角色冲刺消耗的体力降低20%。
无法与效果完全相同的固有天赋叠加。","Decreases sprinting Stamina consumption for your own party members by 20%.
Not stackable with Passive Talents that provide the exact same effects.",Talent Hidden Strength.png,https://genshin-impact.fandom.com/wiki/Hidden_Strength,https://genshin-impact.fandom.com/wiki/File%3ATalent_Hidden_Strength.png,https://static.wikia.nocookie.net/gensin-impact/images/8/8e/Talent_Hidden_Strength.png/revision/latest?cb=20210607090538,1c6b3a3ca06cc6b405e904f47338ee3d95b867d2
1011_T01.png,downloaded,unknown,1011,丽莎,Lisa,skill,combat2,Elemental Skill,元素战技,Violet Arc,苍雷,,,"导引雷电的力量，把麻烦的东西都清理干净。

点按
放出能自行索敌的球形闪电。
命中时，会造成雷元素伤害，并对小范围内的敌人施加至多叠加3层的引雷状态。

长按
持续咏唱后，召唤雷电从天而降，对附近的所有敌人造成大量雷元素伤害。
对处于引雷状态下的敌人，会根据叠加层数造成大量额外伤害，并清除引雷效果。","Channels the power of lightning to sweep bothersome matters away.

Press
Releases a homing Lightning Orb.
On hit, it deals Electro DMG and applies a stack of the Conductive status (max 3 stacks) to opponents in a small AoE.

Hold
After an extended casting time, calls down lightning from the heavens, dealing massive Electro DMG to all nearby opponents.
Deals great amounts of extra damage to opponents based on the number of Conductive stacks applied to them, and clears their Conductive status.",Talent Violet Arc.png,https://genshin-impact.fandom.com/wiki/Violet_Arc,https://genshin-impact.fandom.com/wiki/File%3ATalent_Violet_Arc.png,https://static.wikia.nocookie.net/gensin-impact/images/c/c8/Talent_Violet_Arc.png/revision/latest?cb=20210607092641,e6329856ad1d943f61b77808e3865adcee0137db
1011_T02.png,downloaded,unknown,1011,丽莎,Lisa,burst,combat3,Elemental Burst,元素爆发,Lightning Rose,蔷薇的雷光,,,"召唤蔷薇雷光，释放强大的雷电之力，击退周围的敌人并造成雷元素伤害。
存在期间内，蔷薇雷光会持续放电攻击附近的敌人，造成雷元素伤害。","Summons a Lightning Rose that unleashes powerful lightning bolts, launching surrounding opponents and dealing Electro DMG.
The Lightning Rose will continuously emit lightning to knock back opponents and deal Electro DMG throughout the ability's duration.",Talent Lightning Rose.png,https://genshin-impact.fandom.com/wiki/Lightning_Rose,https://genshin-impact.fandom.com/wiki/File%3ATalent_Lightning_Rose.png,https://static.wikia.nocookie.net/gensin-impact/images/f/fd/Talent_Lightning_Rose.png/revision/latest?cb=20210607090930,c4abdb4cd15e041b37059a193b8789218c69f8d0
1011_T03.png,downloaded,unknown,1011,丽莎,Lisa,passive,passive1,1st Ascension Passive,突破天赋1,Induced Aftershock,电感余震,,,重击命中时，会为敌人附加苍雷的引雷效果。,Hits by Charged Attacks apply Violet Arc's Conductive status to opponents.,Talent Induced Aftershock.png,https://genshin-impact.fandom.com/wiki/Induced_Aftershock,https://genshin-impact.fandom.com/wiki/File%3ATalent_Induced_Aftershock.png,https://static.wikia.nocookie.net/gensin-impact/images/4/48/Talent_Induced_Aftershock.png/revision/latest?cb=20210607090659,ca458a3e20b50e24d5cdf440e5234d309de516de
1011_T04.png,skipped_existing,unknown,1011,丽莎,Lisa,passive,passive2,4th Ascension Passive,突破天赋2,Static Electricity Field,静电场力,,,敌人受到蔷薇的雷光攻击后，降低15%防御力，持续10秒。,Opponents hit by Lightning Rose have their DEF decreased by 15% for 10s.,Talent Static Electricity Field.png,https://genshin-impact.fandom.com/wiki/Static_Electricity_Field,https://genshin-impact.fandom.com/wiki/File%3ATalent_Static_Electricity_Field.png,https://static.wikia.nocookie.net/gensin-impact/images/9/9a/Talent_Static_Electricity_Field.png/revision/latest?cb=20210607092149,fee0f4786d6b9e4236824a66e006d974d43123d7
1011_T05.png,downloaded,unknown,1011,丽莎,Lisa,passive,passive3,Utility Passive,探索天赋,General Pharmaceutics,药剂通识,,,合成药剂时，有20%概率返还部分合成材料。,"When Lisa crafts a potion, she has a 20% chance to refund a portion of the crafting materials used.",Talent General Pharmaceutics.png,https://genshin-impact.fandom.com/wiki/General_Pharmaceutics,https://genshin-impact.fandom.com/wiki/File%3ATalent_General_Pharmaceutics.png,https://static.wikia.nocookie.net/gensin-impact/images/7/7c/Talent_General_Pharmaceutics.png/revision/latest?cb=20210607090233,6fda9b61589cb1bfaf1156ed544c1292367d37e0
1011_T06.png,skipped_existing,unknown,1011,丽莎,Lisa,extra,,,,Witch of Purple Rose,,,,,,Talent Witch of Purple Rose.png,https://genshin-impact.fandom.com/wiki/Witch_of_Purple_Rose,https://genshin-impact.fandom.com/wiki/File%3ATalent_Witch_of_Purple_Rose.png,https://static.wikia.nocookie.net/gensin-impact/images/2/2d/Talent_Witch_of_Purple_Rose.png/revision/latest?cb=20200603084858,ff985a0448c3e25319428fc937f72b94a8f6c151
1012_T01.png,downloaded,unknown,1012,温迪,Venti,skill,combat2,Elemental Skill,元素战技,Skyward Sonnet,高天之歌,,,"呼唤与诗和乐协鸣的风，将在尘泥中行走的事物送上高空吧。

点按
在敌人所在的位置唤出风域，造成风元素范围伤害，并击飞其中的敌人。

长按
以自身为中心，唤出更大的风域，造成风元素范围伤害，并击飞其中的敌人。
长按施放后，温迪会乘风飞到空中。

被高天之歌击飞的敌人，在短时间内会缓慢坠落。","O wind upon which all hymns and songs fly, bear these earth-walkers up into the sky!

Press
Summons a Wind Domain at the opponent's location, dealing AoE Anemo DMG and launching opponents into the air.

Hold
Summons an even larger Wind Domain with Venti as the epicenter, dealing AoE Anemo DMG and launching affected opponents into the air.
After unleashing the Hold version of this ability, Venti rides the wind into the air.

Opponents hit by Skyward Sonnet will fall to the ground slowly.",Talent Skyward Sonnet.png,https://genshin-impact.fandom.com/wiki/Skyward_Sonnet,https://genshin-impact.fandom.com/wiki/File%3ATalent_Skyward_Sonnet.png,https://static.wikia.nocookie.net/gensin-impact/images/1/17/Talent_Skyward_Sonnet.png/revision/latest?cb=20210607091913,ac54118310555d6d7a5052cfee3c558f1b9741eb
1012_T02.png,downloaded,unknown,1012,温迪,Venti,burst,combat3,Elemental Burst,元素爆发,Wind's Grand Ode,风神之诗,,,"射出千风汇聚而成的箭矢，在前方造出巨大的暴风之眼，将敌人卷入，持续造成风元素伤害。

元素转化
若暴风之眼在技能持续期间接触了水元素/火元素/冰元素/雷元素，则会获得对应元素属性，额外造成该元素的附加伤害。
元素转化在技能持续期间仅会发生一次。","Fires off an arrow made of countless coalesced winds, creating a huge Stormeye that sucks in opponents and deals continuous Anemo DMG.

Elemental Absorption
If the Stormeye comes into contact with Hydro/Pyro/Cryo/Electro, it will deal additional elemental DMG of that type.
Elemental Absorption may only occur once per use.",Talent Wind's Grand Ode.png,https://genshin-impact.fandom.com/wiki/Wind%27s_Grand_Ode,https://genshin-impact.fandom.com/wiki/File%3ATalent_Wind%27s_Grand_Ode.png,https://static.wikia.nocookie.net/gensin-impact/images/3/32/Talent_Wind%27s_Grand_Ode.png/revision/latest?cb=20210607092753,df7d4225b7050b523685c582382838fca479c8ad
1012_T03.png,downloaded,unknown,1012,温迪,Venti,passive,passive1,1st Ascension Passive,突破天赋1,Embrace of Winds,绪风之拥,,,长按高天之歌后，会产生上升气流，持续20秒。,Holding Skyward Sonnet creates an upcurrent that lasts for 20s.,Talent Embrace of Winds.png,https://genshin-impact.fandom.com/wiki/Embrace_of_Winds,https://genshin-impact.fandom.com/wiki/File%3ATalent_Embrace_of_Winds.png,https://static.wikia.nocookie.net/gensin-impact/images/7/70/Talent_Embrace_of_Winds.png/revision/latest?cb=20210607085739,615239f961fd117c54dfe5d9f37ed1a7d1376b78
1012_T04.png,downloaded,unknown,1012,温迪,Venti,passive,passive2,4th Ascension Passive,突破天赋2,Stormeye,暴风之眼,,,"风神之诗效果结束后，会为温迪恢复15点元素能量；
若产生了元素转化，则同样为队伍中所有对应元素的角色恢复15点元素能量。","Regenerates 15 Energy for Venti after the effects of Wind's Grand Ode end.
If an Elemental Absorption occurred, this also restores 15 Energy to all characters of that corresponding element in the party.",Talent Stormeye.png,https://genshin-impact.fandom.com/wiki/Stormeye,https://genshin-impact.fandom.com/wiki/File%3ATalent_Stormeye.png,https://static.wikia.nocookie.net/gensin-impact/images/b/b2/Talent_Stormeye.png/revision/latest?cb=20210607092319,ff383708105d44c8c2b046b248483700203b3702
1012_T05.png,downloaded,unknown,1012,温迪,Venti,passive,passive3,Utility Passive,探索天赋,Windrider,恒风随行,,,"队伍中自己的角色滑翔消耗的体力降低20%。
无法与效果完全相同的固有天赋叠加。","Decreases gliding Stamina consumption for your own party members by 20%.
Not stackable with Passive Talents that provide the exact same effects.",Talent Windrider.png,https://genshin-impact.fandom.com/wiki/Windrider,https://genshin-impact.fandom.com/wiki/File%3ATalent_Windrider.png,https://static.wikia.nocookie.net/gensin-impact/images/0/05/Talent_Windrider.png/revision/latest?cb=20210607092806,6c5b5ee57284f4607b863a20f3a19ff9f6f55878
1012_T06.png,downloaded,unknown,1012,温迪,Venti,extra,,,,Temporal Wind's Eulogy,,,,,,Talent Temporal Wind's Eulogy.png,https://genshin-impact.fandom.com/wiki/Temporal_Wind%27s_Eulogy,https://genshin-impact.fandom.com/wiki/File%3ATalent_Temporal_Wind%27s_Eulogy.png,https://static.wikia.nocookie.net/gensin-impact/images/2/2d/Talent_Temporal_Wind%27s_Eulogy.png/revision/latest?cb=20251204235656,58ac0789a461a151fefe0cbfdd18af5166816cab
1012_T07.png,downloaded,unknown,1012,温迪,Venti,extra,,,,Wherever a Breeze Blows,,,,,,Talent Wherever a Breeze Blows.png,https://genshin-impact.fandom.com/wiki/Wherever_a_Breeze_Blows,https://genshin-impact.fandom.com/wiki/File%3ATalent_Wherever_a_Breeze_Blows.png,https://static.wikia.nocookie.net/gensin-impact/images/0/03/Talent_Wherever_a_Breeze_Blows.png/revision/latest?cb=20251213121459,1daaf283df0362d0dade01125e39479738fd6485
1013_T01.png,downloaded,unknown,1013,琴,Jean,skill,combat2,Elemental Skill,元素战技,Gale Blade,风压剑,,,"将无形的风之力汇聚在剑上，释放微型的风暴，将敌人向瞄准的方向击飞，造成大量风元素伤害。

长按
以持续消耗体力为代价，令旋风将周围的敌人与物体牵引至面前。
可以调整方向。
期间无法移动。","Focusing the might of the formless wind around her blade, Jean releases a miniature storm, launching opponents in the direction she aims at, dealing massive Anemo DMG.

Hold
At the cost of continued stamina consumption, Jean can command the whirlwind to pull surrounding opponents and objects towards her front.
Direction can be adjusted.
Character is immobile during skill duration.",Talent Gale Blade.png,https://genshin-impact.fandom.com/wiki/Gale_Blade,https://genshin-impact.fandom.com/wiki/File%3ATalent_Gale_Blade.png,https://static.wikia.nocookie.net/gensin-impact/images/2/24/Talent_Gale_Blade.png/revision/latest?cb=20210607090209,025311ecb5c0ff904fa704f1d30f24df28d68ffe
1013_T02.png,skipped_existing,unknown,1013,琴,Jean,burst,combat3,Elemental Burst,元素爆发,Dandelion Breeze,蒲公英之风,,,"呼唤风的护佑，创造千风涌动的蒲公英领域，击退周围的敌人并造成风元素伤害。
同时，为队伍中的所有角色瞬间恢复大量生命值，回复量受益于琴的攻击力。

蒲公英领域
·为其中的角色持续恢复生命值；
·令其中的角色持续受到风元素影响；
·对出入领域的敌人造成风元素伤害。","Calling upon the wind's protection, Jean creates a swirling Dandelion Field, launching surrounding opponents and dealing Anemo DMG.
At the same time, she instantly regenerates a large amount of HP for all party members. The amount of HP restored scales off Jean's ATK.

Dandelion Field
·Continuously regenerates HP of characters within the AoE and continuously imbues them with Anemo.
·Deals Anemo DMG to opponents entering or exiting the Dandelion Field.",Talent Dandelion Breeze.png,https://genshin-impact.fandom.com/wiki/Dandelion_Breeze,https://genshin-impact.fandom.com/wiki/File%3ATalent_Dandelion_Breeze.png,https://static.wikia.nocookie.net/gensin-impact/images/e/ef/Talent_Dandelion_Breeze.png/revision/latest?cb=20210607085505,a0c485e21096994dcc8ca2ec39dd8b495b428ddc
1013_T03.png,downloaded,unknown,1013,琴,Jean,passive,passive1,1st Ascension Passive,突破天赋1,Wind Companion,顺风而行,,,琴的普通攻击命中时，有50%的几率为队伍中所有角色恢复等同于琴攻击力15%的生命值。,"On hit, Jean's Normal Attacks have a 50% chance to regenerate HP equal to 15% of Jean's ATK for all party members.",Talent Wind Companion.png,https://genshin-impact.fandom.com/wiki/Wind_Companion,https://genshin-impact.fandom.com/wiki/File%3ATalent_Wind_Companion.png,https://static.wikia.nocookie.net/gensin-impact/images/7/79/Talent_Wind_Companion.png/revision/latest?cb=20210607092818,ef7507078dc5d58a5897bf8b9efcd5f2ba530f3a
1013_T04.png,downloaded,unknown,1013,琴,Jean,passive,passive2,4th Ascension Passive,突破天赋2,Let the Wind Lead,听凭风引,,,使用蒲公英之风后，恢复20%元素能量。,Using Dandelion Breeze will regenerate 20% of its Energy.,Talent Let the Wind Lead.png,https://genshin-impact.fandom.com/wiki/Let_the_Wind_Lead,https://genshin-impact.fandom.com/wiki/File%3ATalent_Let_the_Wind_Lead.png,https://static.wikia.nocookie.net/gensin-impact/images/1/1d/Talent_Let_the_Wind_Lead.png/revision/latest?cb=20210607090854,5dc52cbfe1c8c8cd000a29497e37d1168e0958de
1013_T05.png,downloaded,unknown,1013,琴,Jean,passive,passive3,Utility Passive,探索天赋,Guiding Breeze,引领之风,,,完美烹饪恢复类食物时，有12%概率获得2倍产出。,"When a Perfect Cooking is achieved on a dish with restorative effects, there is a 12% chance to obtain double the product.",Talent Guiding Breeze.png,https://genshin-impact.fandom.com/wiki/Guiding_Breeze,https://genshin-impact.fandom.com/wiki/File%3ATalent_Guiding_Breeze.png,https://static.wikia.nocookie.net/gensin-impact/images/c/cc/Talent_Guiding_Breeze.png/revision/latest?cb=20210607090437,e78ddb1fea5807c74e231bc3dd762c051eb8a19a
1013_T06.png,downloaded,unknown,1013,琴,Jean,extra,,,,Continuous Improvement,,,,,,Talent Continuous Improvement.png,https://genshin-impact.fandom.com/wiki/Continuous_Improvement,https://genshin-impact.fandom.com/wiki/File%3ATalent_Continuous_Improvement.png,https://static.wikia.nocookie.net/gensin-impact/images/0/0c/Talent_Continuous_Improvement.png/revision/latest?cb=20200820120948,e8fe7a89bec704e7d7dc36cac6684d03d67a1290
1014_T01.png,downloaded,unknown,1014,芭芭拉,Barbara,skill,combat2,Elemental Skill,元素战技,Let the Show Begin♪,演唱，开始♪,,,"唤出歌声般跃动的水珠，形成歌声之环，对周围的敌人造成水元素伤害，并施加潮湿状态。

歌声之环
·芭芭拉的普通攻击命中时，为队伍中自己的角色，以及附近的友方角色恢复生命值，回复量受益于芭芭拉的生命值上限；
·重击命中时，能产生4倍回复量；
·每隔一段时间，为当前场上自己的角色恢复生命值；
·对角色与触及的敌人施加潮湿状态。","Summons water droplets resembling musical notes that form a Melody Loop, dealing Hydro DMG to surrounding opponents and applying the Wet status to them.

Melody Loop
·On hit, Barbara's Normal Attacks heal your own party members and nearby teammates for a certain amount of HP, which scales with Barbara's Max HP.
·On hit, Barbara's Charged Attack generates 4 times the amount of healing.
·Periodically regenerates your own active character's HP.
·Applies the Wet status to the character and to opponents who come in contact with them.",Talent Let the Show Begin♪.png,https://genshin-impact.fandom.com/wiki/Let_the_Show_Begin%E2%99%AA,https://genshin-impact.fandom.com/wiki/File%3ATalent_Let_the_Show_Begin%E2%99%AA.png,https://static.wikia.nocookie.net/gensin-impact/images/9/95/Talent_Let_the_Show_Begin%E2%99%AA.png/revision/latest?cb=20210607090841,7ee52bc8582bbf3eb14c5a2dbabf96296bce6f69
1014_T02.png,downloaded,unknown,1014,芭芭拉,Barbara,burst,combat3,Elemental Burst,元素爆发,Shining Miracle♪,闪耀奇迹♪,,,为附近的友方角色及队伍中自己的角色恢复大量生命值，回复量受益于芭芭拉的生命值上限。,Heals your own party members and nearby teammates for a large amount of HP that scales with Barbara's Max HP.,Talent Shining Miracle♪.png,https://genshin-impact.fandom.com/wiki/Shining_Miracle%E2%99%AA,https://genshin-impact.fandom.com/wiki/File%3ATalent_Shining_Miracle%E2%99%AA.png,https://static.wikia.nocookie.net/gensin-impact/images/c/cb/Talent_Shining_Miracle%E2%99%AA.png/revision/latest?cb=20210607091837,ecbf38565cc5fc51c74063c7e41d7b56d0b4c305
1014_T03.png,downloaded,unknown,1014,芭芭拉,Barbara,passive,passive1,1st Ascension Passive,突破天赋1,Glorious Season,光辉的季节,,,角色在演唱，开始♪的歌声之环中时，体力消耗降低12%。,The Stamina Consumption of characters within Let the Show Begin♪'s Melody Loop is reduced by 12%.,Talent Glorious Season.png,https://genshin-impact.fandom.com/wiki/Glorious_Season,https://genshin-impact.fandom.com/wiki/File%3ATalent_Glorious_Season.png,https://static.wikia.nocookie.net/gensin-impact/images/4/49/Talent_Glorious_Season.png/revision/latest?cb=20210607090333,8b950c23ef1205363c9ca51ea0fac2e68730f6e3
1014_T04.png,downloaded,unknown,1014,芭芭拉,Barbara,passive,passive2,4th Ascension Passive,突破天赋2,Encore,安可,,,"当前场上自己的角色获得元素晶球或元素微粒时，延长演唱，开始♪歌声之环持续时间1秒。
通过这种方式，至多延长5秒。","When your active character gains an Elemental Orb/Particle, the duration of the Melody Loop of Let the Show Begin♪ is extended by 1s.
The maximum extension is 5s.",Talent Encore.png,https://genshin-impact.fandom.com/wiki/Encore,https://genshin-impact.fandom.com/wiki/File%3ATalent_Encore.png,https://static.wikia.nocookie.net/gensin-impact/images/3/3f/Talent_Encore.png/revision/latest?cb=20210607085750,3f771bd19e90ef6f338e2b77a007dbd2aeca3eec
1014_T05.png,skipped_existing,unknown,1014,芭芭拉,Barbara,passive,passive3,Utility Passive,探索天赋,With My Whole Heart♪,心意♪注入,,,完美烹饪恢复类食物时，有12%概率获得2倍产出。,"When a Perfect Cooking is achieved on a dish with restorative effects, there is a 12% chance to obtain double the product.",Talent With My Whole Heart♪.png,https://genshin-impact.fandom.com/wiki/With_My_Whole_Heart%E2%99%AA,https://genshin-impact.fandom.com/wiki/File%3ATalent_With_My_Whole_Heart%E2%99%AA.png,https://static.wikia.nocookie.net/gensin-impact/images/4/4f/Talent_With_My_Whole_Heart%E2%99%AA.png/revision/latest?cb=20210607092843,bc0220b179988e55b29d8f8706fd89cab9c763a6
1015_T01.png,downloaded,unknown,1015,迪卢克,Diluc,skill,combat2,Elemental Skill,元素战技,Searing Onslaught,逆焰之刃,,,"挥舞大剑向前劈砍，造成火元素伤害。

可以连续施放3次。
若在短时间内没有施放，则会进入冷却。","Performs a forward slash that deals Pyro DMG.

This skill can be consecutively used 3 times.
Enters CD if not cast again within a short period.",Talent Searing Onslaught.png,https://genshin-impact.fandom.com/wiki/Searing_Onslaught,https://genshin-impact.fandom.com/wiki/File%3ATalent_Searing_Onslaught.png,https://static.wikia.nocookie.net/gensin-impact/images/5/53/Talent_Searing_Onslaught.png/revision/latest?cb=20210607091725,f2e32d2a1b903535070e0ab81c6472212d8baf4b
1015_T02.png,skipped_existing,unknown,1015,迪卢克,Diluc,burst,combat3,Elemental Burst,元素爆发,Dawn,黎明,,,"爆发出烈焰的力量，击退周围的敌人，造成火元素伤害。随后，将烈焰凝聚在武器上，挥出向前飞行的火之鸟，对路径上的敌人造成高额火元素伤害，并在火之鸟行进的终点爆裂造成大量的火元素范围伤害。
武器上凝聚的烈焰会使迪卢克获得火元素附魔。","Releases intense flames to knock back nearby opponents, dealing Pyro DMG. The flames then converge into the weapon, summoning a Phoenix that flies forward and deals massive Pyro DMG to all opponents in its path. The Phoenix explodes upon reaching its destination, causing a large amount of AoE Pyro DMG.
The searing flames that run down his blade cause it to be infused with Pyro.",Talent Dawn.png,https://genshin-impact.fandom.com/wiki/Dawn,https://genshin-impact.fandom.com/wiki/File%3ATalent_Dawn.png,https://static.wikia.nocookie.net/gensin-impact/images/f/f5/Talent_Dawn.png/revision/latest?cb=20210607085517,b2b3ebd612174495eea2c6254ee4185ad41cb6d2
1015_T03.png,skipped_existing,unknown,1015,迪卢克,Diluc,passive,passive1,1st Ascension Passive,突破天赋1,Relentless,永不休止,,,迪卢克的重击体力消耗降低50%，最大持续时间增加3秒。,"Diluc's Charged Attack Stamina Cost is decreased by 50%, and its duration is increased by 3s.",Talent Relentless.png,https://genshin-impact.fandom.com/wiki/Relentless,https://genshin-impact.fandom.com/wiki/File%3ATalent_Relentless.png,https://static.wikia.nocookie.net/gensin-impact/images/5/5f/Talent_Relentless.png/revision/latest?cb=20210607091519,b52e9e661e5917a33e9d70cc8354ed219bb559c3
1015_T04.png,downloaded,unknown,1015,迪卢克,Diluc,passive,passive2,4th Ascension Passive,突破天赋2,Blessing of Phoenix,熔毁之翼,,,黎明提供的火元素附魔持续时间延长4秒；此外，在效果持续期间，迪卢克获得20%火元素伤害加成。,"The Pyro Infusion provided by Dawn lasts for 4s longer. Additionally, Diluc gains 20% Pyro DMG Bonus during the duration of this effect.",Talent Blessing of Phoenix.png,https://genshin-impact.fandom.com/wiki/Blessing_of_Phoenix,https://genshin-impact.fandom.com/wiki/File%3ATalent_Blessing_of_Phoenix.png,https://static.wikia.nocookie.net/gensin-impact/images/c/c3/Talent_Blessing_of_Phoenix.png/revision/latest?cb=20210607085117,f23512c84eac1d464519bc56a8b4b85f9819178b
1015_T05.png,downloaded,unknown,1015,迪卢克,Diluc,passive,passive3,Utility Passive,探索天赋,Tradition of the Dawn Knight,晨曦的传统,,,锻造双手剑类武器时，返还15%消耗的矿石。,Refunds 15% of the ore used when crafting Claymore-type weapons.,Talent Tradition of the Dawn Knight.png,https://genshin-impact.fandom.com/wiki/Tradition_of_the_Dawn_Knight,https://genshin-impact.fandom.com/wiki/File%3ATalent_Tradition_of_the_Dawn_Knight.png,https://static.wikia.nocookie.net/gensin-impact/images/a/af/Talent_Tradition_of_the_Dawn_Knight.png/revision/latest?cb=20210607092526,86c2d611cb403aa339e1e6019e7f158b3736ca46
1015_T06.png,downloaded,unknown,1015,迪卢克,Diluc,extra,,,,Searing Onslaught 2,,,,,,Talent Searing Onslaught 2.png,https://genshin-impact.fandom.com/wiki/Searing_Onslaught_2,https://genshin-impact.fandom.com/wiki/File%3ATalent_Searing_Onslaught_2.png,https://static.wikia.nocookie.net/gensin-impact/images/c/ca/Talent_Searing_Onslaught_2.png/revision/latest?cb=20220116212351,898764fe61e95a05081b34b887edf8b4f5a449bb
1015_T07.png,downloaded,unknown,1015,迪卢克,Diluc,extra,,,,Searing Onslaught 3,,,,,,Talent Searing Onslaught 3.png,https://genshin-impact.fandom.com/wiki/Searing_Onslaught_3,https://genshin-impact.fandom.com/wiki/File%3ATalent_Searing_Onslaught_3.png,https://static.wikia.nocookie.net/gensin-impact/images/e/e7/Talent_Searing_Onslaught_3.png/revision/latest?cb=20220116212352,91f210a0b450602e56d0fc4fa129881d05f69fac
1016_T01.png,downloaded,unknown,1016,可莉,Klee,skill,combat2,Elemental Skill,元素战技,Jumpy Dumpty,蹦蹦炸弹,,,"投出带来无限快乐的蹦蹦炸弹！
蹦蹦炸弹会连续弹跳三次，每次弹跳都会引发爆炸，造成火元素范围伤害。

第三次弹跳后，将分裂成许多诡雷。
诡雷会在接触到敌人或一段时间后爆炸，造成火元素范围伤害。

初始拥有2次可使用次数。","Jumpy Dumpty is tons of boom-bang-fun! 
When thrown, Jumpy Dumpty bounces thrice, igniting and dealing AoE Pyro DMG with every bounce.

On the third bounce, the bomb splits into many mines.
The mines will explode upon contact with opponents, or after a short period of time, dealing AoE Pyro DMG.

Starts with 2 charges.",Talent Jumpy Dumpty.png,https://genshin-impact.fandom.com/wiki/Jumpy_Dumpty,https://genshin-impact.fandom.com/wiki/File%3ATalent_Jumpy_Dumpty.png,https://static.wikia.nocookie.net/gensin-impact/images/3/33/Talent_Jumpy_Dumpty.png/revision/latest?cb=20210607090734,8f37d2875d1e96e02cff57867008412764c18fbd
1016_T02.png,downloaded,unknown,1016,可莉,Klee,burst,combat3,Elemental Burst,元素爆发,Sparks 'n' Splash,轰轰火花,,,可莉火力全开！在技能持续时间内，不停召唤轰轰火花攻击附近的敌人，造成火元素范围伤害。,"Klee's Blazing Delight! For the duration of this ability, continuously summons Sparks 'n' Splash to attack nearby opponents, dealing AoE Pyro DMG.",Talent Sparks 'n' Splash.png,https://genshin-impact.fandom.com/wiki/Sparks_%27n%27_Splash,https://genshin-impact.fandom.com/wiki/File%3ATalent_Sparks_%27n%27_Splash.png,https://static.wikia.nocookie.net/gensin-impact/images/6/64/Talent_Sparks_%27n%27_Splash.png/revision/latest?cb=20210607092004,d8267dff48202c9d45c1068ab3ff46075120b756
1016_T03.png,skipped_existing,unknown,1016,可莉,Klee,passive,passive1,1st Ascension Passive,突破天赋1,Pounding Surprise,砰砰礼物,,,"蹦蹦炸弹与普通攻击造成伤害时，有50%的几率赋予可莉一朵爆裂火花。
施放重击时将消耗爆裂火花，使本次重击不消耗体力，造成的伤害提升50%。","When Jumpy Dumpty and Normal Attacks deal DMG, Klee has a 50% chance to obtain an Explosive Spark.
This Explosive Spark is consumed by the next Charged Attack, which costs no Stamina and deals 50% increased DMG.",Talent Pounding Surprise.png,https://genshin-impact.fandom.com/wiki/Pounding_Surprise,https://genshin-impact.fandom.com/wiki/File%3ATalent_Pounding_Surprise.png,https://static.wikia.nocookie.net/gensin-impact/images/9/97/Talent_Pounding_Surprise.png/revision/latest?cb=20210607091327,1067f3d7ef2eaa4abd6e134513d4537ddd6bc9ef
1016_T04.png,downloaded,unknown,1016,可莉,Klee,passive,passive2,4th Ascension Passive,突破天赋2,Sparkling Burst,火花无限,,,可莉的重击造成暴击后，为队伍中所有角色恢复2点元素能量。,"When Klee's Charged Attack results in a CRIT Hit, all party members gain 2 Elemental Energy.",Talent Sparkling Burst.png,https://genshin-impact.fandom.com/wiki/Sparkling_Burst,https://genshin-impact.fandom.com/wiki/File%3ATalent_Sparkling_Burst.png,https://static.wikia.nocookie.net/gensin-impact/images/9/90/Talent_Sparkling_Burst.png/revision/latest?cb=20210607091937,3fa60d442747d8a8aefaa3a5102c13d3fa7d0ccb
1016_T05.png,downloaded,unknown,1016,可莉,Klee,passive,passive3,Utility Passive,探索天赋,All Of My Treasures!,全是宝藏,,,在小地图上显示周围的蒙德区域特产的位置。,Displays the location of nearby resources unique to Mondstadt on the mini-map.,Talent All Of My Treasures!.png,https://genshin-impact.fandom.com/wiki/All_Of_My_Treasures%21,https://genshin-impact.fandom.com/wiki/File%3ATalent_All_Of_My_Treasures%21.png,https://static.wikia.nocookie.net/gensin-impact/images/a/ad/Talent_All_Of_My_Treasures%21.png/revision/latest?cb=20210607084824,a4e50b8b36a56b64e6ba848116d2cf568b92edbd
1016_T06.png,downloaded,unknown,1016,可莉,Klee,extra,,,,Sparkborne Magic,,,,,,Talent Sparkborne Magic.png,https://genshin-impact.fandom.com/wiki/Sparkborne_Magic,https://genshin-impact.fandom.com/wiki/File%3ATalent_Sparkborne_Magic.png,https://static.wikia.nocookie.net/gensin-impact/images/9/96/Talent_Sparkborne_Magic.png/revision/latest?cb=20251204235706,8e7dd47767ea69bfc997ccd9bbd8f7bcb342f6d5
1017_T01.png,downloaded,unknown,1017,凝光,Ningguang,skill,combat2,Elemental Skill,元素战技,Jade Screen,璇玑屏,,,"借由黄金、黑曜岩与强者的余裕，构建出坚固的璇玑屏，并造成岩元素范围伤害。

璇玑屏
·阻挡敌人发射的投射物；
·耐久度按比例继承凝光的生命值上限。

璇玑屏被视为岩元素创造物，可以阻挡部分攻击，不可攀爬。同时只能存在一个。","Ningguang creates a Jade Screen out of gold, obsidian, and her great opulence, dealing AoE Geo DMG.

Jade Screen
·Blocks opponents' projectiles.
·Endurance scales based on Ningguang's Max HP.

Jade Screen is considered a Geo Construct and can be used to block certain attacks, but cannot be climbed. Only one Jade Screen may exist at any one time.",Talent Jade Screen.png,https://genshin-impact.fandom.com/wiki/Jade_Screen,https://genshin-impact.fandom.com/wiki/File%3ATalent_Jade_Screen.png,https://static.wikia.nocookie.net/gensin-impact/images/e/e8/Talent_Jade_Screen.png/revision/latest?cb=20210607090721,50602d4b3cd6441315f10cc66d155b4b4496c556
1017_T02.png,downloaded,unknown,1017,凝光,Ningguang,burst,combat3,Elemental Burst,元素爆发,Starshatter,天权崩玉,,,"凝光在身边凝聚诸多宝石，散之一瞬，自动索敌打击附近的敌人，造成大量岩元素伤害。
施放天权崩玉时，如果附近有璇玑屏存在，璇玑屏将发射额外的宝石飞弹协同攻击。","Gathering a great number of gems, Ningguang scatters them all at once, sending homing projectiles at her opponents that deal massive Geo DMG.
If Starshatter is cast when a Jade Screen is nearby, the Jade Screen will fire additional gem projectiles at the same time.",Talent Starshatter.png,https://genshin-impact.fandom.com/wiki/Starshatter,https://genshin-impact.fandom.com/wiki/File%3ATalent_Starshatter.png,https://static.wikia.nocookie.net/gensin-impact/images/4/47/Talent_Starshatter.png/revision/latest?cb=20210607092121,5687704e4f270f81df3e7061164b110b54a4bd1d
1017_T03.png,downloaded,unknown,1017,凝光,Ningguang,passive,passive1,1st Ascension Passive,突破天赋1,Backup Plan,星移势转,,,拥有星璇时，凝光的重击不会消耗体力。,"When Ningguang is in possession of Star Jades, her Charged Attack does not consume Stamina.",Talent Backup Plan.png,https://genshin-impact.fandom.com/wiki/Backup_Plan,https://genshin-impact.fandom.com/wiki/File%3ATalent_Backup_Plan.png,https://static.wikia.nocookie.net/gensin-impact/images/2/2d/Talent_Backup_Plan.png/revision/latest?cb=20210607085016,77fed64aef722b7dcc1bb746b8df04236528d944
1017_T04.png,downloaded,unknown,1017,凝光,Ningguang,passive,passive2,4th Ascension Passive,突破天赋2,Strategic Reserve,储之千日，用之一刻,,,穿过璇玑屏的角色会获得12%岩元素伤害加成，持续10秒。,A character that passes through the Jade Screen will gain a 12% Geo DMG Bonus for 10s.,Talent Strategic Reserve.png,https://genshin-impact.fandom.com/wiki/Strategic_Reserve,https://genshin-impact.fandom.com/wiki/File%3ATalent_Strategic_Reserve.png,https://static.wikia.nocookie.net/gensin-impact/images/6/62/Talent_Strategic_Reserve.png/revision/latest?cb=20210607092331,8c5bc0755ae7ecb1da00302ccd4f551f61f2b435
1017_T05.png,downloaded,unknown,1017,凝光,Ningguang,passive,passive3,Utility Passive,探索天赋,Trove of Marvelous Treasures,奇石珠宝录,,,在小地图上显示周围能产出锻造用矿石的矿脉位置。,Displays the location of nearby ore veins used in forging on the mini-map.,Talent Trove of Marvelous Treasures.png,https://genshin-impact.fandom.com/wiki/Trove_of_Marvelous_Treasures,https://genshin-impact.fandom.com/wiki/File%3ATalent_Trove_of_Marvelous_Treasures.png,https://static.wikia.nocookie.net/gensin-impact/images/4/43/Talent_Trove_of_Marvelous_Treasures.png/revision/latest?cb=20210607092608,0477499745d48d994825782977eaac049fc4f1dc
1017_T06.png,downloaded,unknown,1017,凝光,Ningguang,extra,,,,Meticulous Calculation,,,,,,Talent Meticulous Calculation.png,https://genshin-impact.fandom.com/wiki/Meticulous_Calculation,https://genshin-impact.fandom.com/wiki/File%3ATalent_Meticulous_Calculation.png,https://static.wikia.nocookie.net/gensin-impact/images/c/cb/Talent_Meticulous_Calculation.png/revision/latest?cb=20200718001200,8a04f1c06e8a20c4e9e0202a4d3e39882071f505
1018_T01.png,downloaded,unknown,1018,北斗,Beidou,skill,combat2,Elemental Skill,元素战技,Tidecaller,捉浪,,,"没有什么好担心的。如果有人敢对她或她的人出手，那就以雷电与大剑十倍奉还。

点按
积聚雷之力，猛烈向前挥舞大剑，造成雷元素伤害。

长按
举起武器形成护盾，伤害吸收量受益于北斗的生命值上限。
松开技能或持续时间结束时，会挥舞大剑释放积攒的力量进行攻击，造成雷元素伤害。依据技能期间受到攻击的次数，提高释放时造成的伤害。触发2次达到最高伤害加成。
护盾具有如下效果：
·对雷元素伤害有250%的吸收效果；
·施放的瞬间，为北斗施加雷元素附着。","Nothing to worry about. Should anyone raise a hand against her or her men, she will avenge it ten-fold with sword and thunder.

Press
Accumulating the power of lightning, Beidou swings her blade forward fiercely, dealing Electro DMG.

Hold
Lifts her weapon up as a shield. Max DMG absorbed scales off Beidou's Max HP.
Attacks using the energy stored within the greatsword upon release or once this ability's duration expires, dealing Electro DMG. DMG dealt scales with the number of times Beidou is attacked in the skill's duration. The greatest DMG Bonus will be attained once this effect is triggered twice.
The shield possesses the following properties:
·Has 250% Electro DMG Absorption Efficiency.
·Applies the Electro element to Beidou upon activation.",Talent Tidecaller.png,https://genshin-impact.fandom.com/wiki/Tidecaller,https://genshin-impact.fandom.com/wiki/File%3ATalent_Tidecaller.png,https://static.wikia.nocookie.net/gensin-impact/images/9/92/Talent_Tidecaller.png/revision/latest?cb=20210607092512,fc772754f333fd23b5096ae98c48252f3b475e2c
1018_T02.png,downloaded,unknown,1018,北斗,Beidou,burst,combat3,Elemental Burst,元素爆发,Stormbreaker,斫雷,,,"重忆斩灭海山巨兽之战，唤起巨兽与雷电的力量，创造环绕自身的雷兽之盾，并对周围的敌人造成雷元素伤害。

雷兽之盾
·普通攻击与重击命中时，释放雷电之力，引来1道能在敌人之间跃动的闪雷，造成雷元素伤害；
·提高角色的抗打断能力，并降低受到的伤害。

每秒至多触发1道闪雷。","Recalling her slaying of the great beast Haishan, Beidou calls upon that monstrous strength and the lightning to create a Thunderbeast's Targe around herself, dealing Electro DMG to nearby opponents.

Thunderbeast's Targe
·When Normal and Charged Attacks hit, they create a lightning discharge that can jump between opponents, dealing Electro DMG.
·Increases the character's resistance to interruption, and decreases DMG taken.

A maximum of 1 lightning discharge can be triggered per second.",Talent Stormbreaker.png,https://genshin-impact.fandom.com/wiki/Stormbreaker,https://genshin-impact.fandom.com/wiki/File%3ATalent_Stormbreaker.png,https://static.wikia.nocookie.net/gensin-impact/images/3/33/Talent_Stormbreaker.png/revision/latest?cb=20210607092304,371bb7360cf74dd159ba638722f614433b6cf09b
1018_T03.png,downloaded,unknown,1018,北斗,Beidou,passive,passive1,1st Ascension Passive,突破天赋1,Retribution,遍宇灵光,,,在被攻击瞬间施放的捉浪反击，拥有最高伤害加成。,Counterattacking with Tidecaller at the precise moment when the character is hit grants the maximum DMG Bonus.,Talent Retribution.png,https://genshin-impact.fandom.com/wiki/Retribution,https://genshin-impact.fandom.com/wiki/File%3ATalent_Retribution.png,https://static.wikia.nocookie.net/gensin-impact/images/6/69/Talent_Retribution.png/revision/latest?cb=20210607091543,af23149340e1f3161099b6ed26d8deeba6e25f80
1018_T04.png,downloaded,unknown,1018,北斗,Beidou,passive,passive2,4th Ascension Passive,突破天赋2,Lightning Storm,霹雳连霄,,,"施放拥有最高伤害加成的捉浪后的10秒内，获得如下效果：
·普通攻击与重击造成的伤害提高15%，攻击速度提高15%；
·大幅减少重击需要的准备时间。","Gain the following effects for 10s after unleashing Tidecaller with its maximum DMG Bonus: 
·DMG dealt by Normal and Charged Attacks is increased by 15%. ATK SPD of Normal and Charged Attacks is increased by 15%.
·Greatly reduced delay before unleashing Charged Attacks.",Talent Lightning Storm.png,https://genshin-impact.fandom.com/wiki/Lightning_Storm,https://genshin-impact.fandom.com/wiki/File%3ATalent_Lightning_Storm.png,https://static.wikia.nocookie.net/gensin-impact/images/8/8a/Talent_Lightning_Storm.png/revision/latest?cb=20210607090943,6082381cff647763bad8c7ad98c96d3447391ee7
1018_T05.png,downloaded,unknown,1018,北斗,Beidou,passive,passive3,Utility Passive,探索天赋,Conqueror of Tides,拥涛踏潮,,,"队伍中自己的角色游泳消耗的体力降低20%。
无法与效果完全相同的固有天赋叠加。","Decreases swimming Stamina consumption for your own party members by 20%.
Not stackable with Passive Talents that provide the exact same effects.",Talent Conqueror of Tides.png,https://genshin-impact.fandom.com/wiki/Conqueror_of_Tides,https://genshin-impact.fandom.com/wiki/File%3ATalent_Conqueror_of_Tides.png,https://static.wikia.nocookie.net/gensin-impact/images/d/d3/Talent_Conqueror_of_Tides.png/revision/latest?cb=20210607085415,ef1397720a1b6bc8cae87dcb9ae446ac26f27b55
1018_T06.png,downloaded,unknown,1018,北斗,Beidou,extra,,,,Polaris,,,,,,Talent Polaris.png,https://genshin-impact.fandom.com/wiki/Polaris,https://genshin-impact.fandom.com/wiki/File%3ATalent_Polaris.png,https://static.wikia.nocookie.net/gensin-impact/images/4/4a/Talent_Polaris.png/revision/latest?cb=20260704004325,b12f9a35129f73bfd94a39423263f960b2138dc2
1019_T01.png,downloaded,unknown,1019,雷泽,Razor,skill,combat2,Elemental Skill,元素战技,Claw and Thunder,利爪与苍雷,,,"用师父与他的「家人」教他的方法，来解决猎物。

点按
向前挥动雷狼之爪，对前方的敌人造成雷元素伤害。
若命中敌人，则会为雷泽积攒一个雷之印，提高雷泽的元素充能效率。
最多同时存在3个雷之印，叠加刷新持续时间。

长按
积聚雷电力量引发小范围的雷爆，造成大量雷元素伤害，并清除已有的雷之印。
每个因此被清除的雷之印，都会转为雷泽的元素能量。","Hunts his prey using the techniques taught to him by his master and his lupical.

Press
Swings the Thunder Wolf Claw, dealing Electro DMG to opponents in front of Razor.
Upon striking an opponent, Razor will gain an Electro Sigil, which increases his Energy Recharge rate.
Razor can have up to 3 Electro Sigils simultaneously, and gaining a new Electro Sigil refreshes their duration.

Hold
Gathers Electro energy to unleash a lightning storm over a small AoE, causing massive Electro DMG, and clears all of Razor's Electro Sigils.
Each Electro Sigil cleared in this manner will be converted into Energy for Razor.",Talent Claw and Thunder.png,https://genshin-impact.fandom.com/wiki/Claw_and_Thunder,https://genshin-impact.fandom.com/wiki/File%3ATalent_Claw_and_Thunder.png,https://static.wikia.nocookie.net/gensin-impact/images/0/06/Talent_Claw_and_Thunder.png/revision/latest?cb=20210607085314,99ba17335b5dd734a9f7c368bd165dba85e9331f
1019_T02.png,downloaded,unknown,1019,雷泽,Razor,burst,combat3,Elemental Burst,元素爆发,Lightning Fang,雷牙,,,"唤醒无形的雷狼守护自己，对周围的敌人造成雷元素伤害，并消耗所有雷之印，为雷泽恢复元素能量。
雷狼存在期间，会与雷泽共同战斗。

雷狼
·会随雷泽的普通攻击协同攻击，造成雷元素伤害；
·提高雷泽的攻击速度、雷元素抗性；
·使雷泽免疫感电反应的伤害；
·无法施放重击；
·提高雷泽的抗打断能力。

效果将在雷泽退场时解除。
退场时，会依据剩余的持续时间，返还至多10点元素能量。","Summons the Wolf Within, which deals Electro DMG to all nearby opponents. This clears all of Razor's Electro Sigils, which will be converted into Elemental Energy for him.
The Wolf Within will fight alongside Razor for the skill's duration.

The Wolf Within
·Strikes alongside Razor's normal attacks, dealing Electro DMG.
·Raises Razor's ATK SPD and Electro RES.
·Causes Razor to be immune to DMG inflicted by the Electro-Charged status.
·Disables Razor's Charged Attacks.
·Increases Razor's resistance to interruption.

These effects end when Razor leaves the battlefield.
When Razor leaves the field, a maximum of 10 Energy will be returned to him based off the duration remaining on this skill.",Talent Lightning Fang.png,https://genshin-impact.fandom.com/wiki/Lightning_Fang,https://genshin-impact.fandom.com/wiki/File%3ATalent_Lightning_Fang.png,https://static.wikia.nocookie.net/gensin-impact/images/3/3a/Talent_Lightning_Fang.png/revision/latest?cb=20210607090917,7099bd20b56f2c6101b8c0ead6d69ec56164da40
1019_T03.png,downloaded,unknown,1019,雷泽,Razor,passive,passive1,1st Ascension Passive,突破天赋1,Awakening,觉醒,,,"利爪与苍雷的冷却时间减少18%。
施放雷牙时，重置利爪与苍雷的冷却时间。","Decreases Claw and Thunder's CD by 18%.
Using Lightning Fang resets the CD of Claw and Thunder.",Talent Awakening.png,https://genshin-impact.fandom.com/wiki/Awakening,https://genshin-impact.fandom.com/wiki/File%3ATalent_Awakening.png,https://static.wikia.nocookie.net/gensin-impact/images/5/5c/Talent_Awakening.png/revision/latest?cb=20210607084951,9937acd4fe5f40e2da2dc7e841d79779476437f9
1019_T04.png,downloaded,unknown,1019,雷泽,Razor,passive,passive2,4th Ascension Passive,突破天赋2,Hunger,饥饿,,,雷泽的元素能量在50%以下时，元素充能效率提高30%。,"When Razor's Energy is below 50%, increases Energy Recharge by 30%.",Talent Hunger.png,https://genshin-impact.fandom.com/wiki/Hunger,https://genshin-impact.fandom.com/wiki/File%3ATalent_Hunger.png,https://static.wikia.nocookie.net/gensin-impact/images/b/be/Talent_Hunger.png/revision/latest?cb=20210607090602,6f547d7041bcda1c3c21b3ed739bcbebb0ad2a21
1019_T05.png,downloaded,unknown,1019,雷泽,Razor,passive,passive3,Utility Passive,探索天赋,Wolvensprint,奔狼,,,"队伍中自己的角色冲刺消耗的体力降低20%。
无法与效果完全相同的固有天赋叠加。","Decreases sprinting Stamina consumption for your own party members by 20%.
Not stackable with Passive Talents that provide the exact same effects.",Talent Wolvensprint.png,https://genshin-impact.fandom.com/wiki/Wolvensprint,https://genshin-impact.fandom.com/wiki/File%3ATalent_Wolvensprint.png,https://static.wikia.nocookie.net/gensin-impact/images/0/0a/Talent_Wolvensprint.png/revision/latest?cb=20210607092854,42bdaaf38b80c272750234ee0a0c54147414d91f
1019_T06.png,downloaded,unknown,1019,雷泽,Razor,extra,,,,Surge of Lightning,,,,,,Talent Surge of Lightning.png,https://genshin-impact.fandom.com/wiki/Surge_of_Lightning,https://genshin-impact.fandom.com/wiki/File%3ATalent_Surge_of_Lightning.png,https://static.wikia.nocookie.net/gensin-impact/images/8/8c/Talent_Surge_of_Lightning.png/revision/latest?cb=20251204235727,399fbfde99658b21be399904f721e3fc5d444ac9
1020_T01.png,downloaded,unknown,1020,班尼特,Bennett,skill,combat2,Elemental Skill,元素战技,Passion Overload,热情过载,,,"班尼特将火元素与冒险的热情凝聚在剑上。根据热情凝聚的程度，可能会发生不同的事情…

点按
快速向前挥出火焰一击，造成火元素伤害。

长按
根据长按时间进行蓄力，释放时依照蓄力段数造成不同的效果。
·一段蓄力：发动二段攻击，造成火元素伤害并将敌人击飞；
·二段蓄力：发动三段连续攻击，造成可观的火元素伤害。最后一击会发生爆炸，将班尼特与敌人同时击飞。被击飞时，班尼特不会受到伤害。","Bennett puts all his fire and passion for adventuring into his sword. Results may vary based on how fired up he is...

Press
A single, swift flame strike that deals Pyro DMG.

Hold (Short)
Charges up, resulting in different effects when unleashed based on the Charge Level.
·Level 1: Strikes twice, dealing Pyro DMG and launching opponents.
·Level 2: Unleashes 3 consecutive attacks that deal impressive Pyro DMG, but the last attack triggers an explosion that launches both Bennett and the enemy.
Bennett takes no damage from being launched.",Talent Passion Overload.png,https://genshin-impact.fandom.com/wiki/Passion_Overload,https://genshin-impact.fandom.com/wiki/File%3ATalent_Passion_Overload.png,https://static.wikia.nocookie.net/gensin-impact/images/6/66/Talent_Passion_Overload.png/revision/latest?cb=20210607091246,04c7eb96864ca9912dbcb6155404672fd518c37c
1020_T02.png,downloaded,unknown,1020,班尼特,Bennett,burst,combat3,Elemental Burst,元素爆发,Fantastic Voyage,美妙旅程,,,"班尼特进行腾跃轰击，造成火元素伤害，并生成鼓舞领域。

鼓舞领域
·领域内的角色如果生命值低于或等于70%，会持续恢复生命值，回复量受益于班尼特的最大生命值；
·领域内的角色如果生命值高于70%，会基于班尼特的基础攻击力，以一定比例获得攻击力加成；
·为其中的角色施加火元素附着。","Bennett performs a jumping attack that deals Pyro DMG, creating an Inspiration Field.

Inspiration Field
·If the health of a character within the AoE is equal to or falls below 70%, their health will continuously regenerate. The amount of HP restored scales off Bennett's Max HP.
·If the health of a character within the AoE is higher than 70%, they gain an ATK Bonus that is based on Bennett's Base ATK.
·Imbues characters within the AoE with Pyro.",Talent Fantastic Voyage.png,https://genshin-impact.fandom.com/wiki/Fantastic_Voyage,https://genshin-impact.fandom.com/wiki/File%3ATalent_Fantastic_Voyage.png,https://static.wikia.nocookie.net/gensin-impact/images/a/a2/Talent_Fantastic_Voyage.png/revision/latest?cb=20210607085835,2706c74c9b818ab22a96c55d266eac72491cbf15
1020_T03.png,downloaded,unknown,1020,班尼特,Bennett,passive,passive1,1st Ascension Passive,突破天赋1,Rekindle,热情复燃,,,热情过载的冷却时间减少20%。,Decreases Passion Overload's CD by 20%.,Talent Rekindle.png,https://genshin-impact.fandom.com/wiki/Rekindle,https://genshin-impact.fandom.com/wiki/File%3ATalent_Rekindle.png,https://static.wikia.nocookie.net/gensin-impact/images/7/77/Talent_Rekindle.png/revision/latest?cb=20210607091507,3b1d36de16ba34c345d57a2032b329bde58fe5eb
1020_T04.png,downloaded,unknown,1020,班尼特,Bennett,passive,passive2,4th Ascension Passive,突破天赋2,Fearnaught,无畏的热血,,,"在美妙旅程领域内，热情过载具有如下效果：
·冷却时间减少50%；
·二段蓄力不会将班尼特自身击飞。","Within the area created by Fantastic Voyage, Passion Overload takes on the following effects:
·CD is reduced by 50%.
·Bennett will not be launched by the effects of Charge Level 2.",Talent Fearnaught.png,https://genshin-impact.fandom.com/wiki/Fearnaught,https://genshin-impact.fandom.com/wiki/File%3ATalent_Fearnaught.png,https://static.wikia.nocookie.net/gensin-impact/images/1/1a/Talent_Fearnaught.png/revision/latest?cb=20210607085941,1c5bd295d4ea64976b7cfdcc02a4b27a034a3f72
1020_T05.png,downloaded,unknown,1020,班尼特,Bennett,passive,passive3,Utility Passive,探索天赋,It Should Be Safe...,应该安全,,,在蒙德执行探索派遣任务时，消耗的时间缩短25%。,"When dispatched on an expedition in Mondstadt, time consumed is reduced by 25%.",Talent It Should Be Safe....png,https://genshin-impact.fandom.com/wiki/It_Should_Be_Safe...,https://genshin-impact.fandom.com/wiki/File%3ATalent_It_Should_Be_Safe....png,https://static.wikia.nocookie.net/gensin-impact/images/2/2a/Talent_It_Should_Be_Safe....png/revision/latest?cb=20210607090711,3969c678a636978d5e7dbc3aad7783283915d8b8
1021_T01.png,skipped_existing,unknown,1021,诺艾尔,Noelle,skill,combat2,Elemental Skill,元素战技,Breastplate,护心铠,,,"唤出护体的岩铠，对周围的敌人造成岩元素伤害，并形成护盾，伤害吸收量基于诺艾尔的防御力。
护盾具有如下效果：
·诺艾尔的普通攻击与重击命中时，都有几率为队伍中所有角色恢复生命值；
·对所有元素伤害与物理伤害有150%的吸收效果。

触发治疗时的治疗量受益于诺艾尔的防御力。","Summons protective stone armor, dealing Geo DMG to surrounding opponents and creating a shield. The shield's DMG Absorption scales based on Noelle's DEF.
The shield has the following properties:
·When Noelle's Normal and Charged Attacks hit a target, they have a certain chance to regenerate HP for all characters.
·Possesses 150% DMG Absorption efficiency against all Elemental and Physical DMG.

The amount of HP healed when regeneration is triggered scales based on Noelle's DEF.",Talent Breastplate.png,https://genshin-impact.fandom.com/wiki/Breastplate,https://genshin-impact.fandom.com/wiki/File%3ATalent_Breastplate.png,https://static.wikia.nocookie.net/gensin-impact/images/5/5a/Talent_Breastplate.png/revision/latest?cb=20210607085145,e5dfd6fa3a1e19d758dc7275b53d24eb4d5b6439
1021_T02.png,downloaded,unknown,1021,诺艾尔,Noelle,burst,combat3,Elemental Burst,元素爆发,Sweeping Time,大扫除,,,"将磐石的力量凝聚在武器上，冲击周围的敌人并进行一次大范围扫击，造成岩元素伤害。
此后，获得如下效果：
·提高诺艾尔的攻击范围；
·将攻击伤害转为岩元素伤害，该元素转化无法被附魔覆盖；
·基于诺艾尔的防御力，提高攻击力。","Gathering the strength of stone around her weapon, Noelle strikes the opponents surrounding her within a large AoE, dealing Geo DMG.
Afterwards, Noelle gains the following effects:
·Larger attack AoE.
·Converts attack DMG to Geo DMG that cannot be overridden by any other elemental infusion.
·Increased ATK that scales based on her DEF.",Talent Sweeping Time.png,https://genshin-impact.fandom.com/wiki/Sweeping_Time,https://genshin-impact.fandom.com/wiki/File%3ATalent_Sweeping_Time.png,https://static.wikia.nocookie.net/gensin-impact/images/7/7c/Talent_Sweeping_Time.png/revision/latest?cb=20210607092409,e05a282e531aeb575d0e3e35e317a492f1f5fd5d
1021_T03.png,downloaded,unknown,1021,诺艾尔,Noelle,passive,passive1,1st Ascension Passive,突破天赋1,Devotion,全心全意,,,"诺艾尔处于队伍后台，且当前场上自己的角色的生命值低于30%时自动触发：
为当前场上自己的角色生成一个伤害吸收量等同于诺艾尔防御力400%的护盾，持续20秒。
·对所有元素伤害与物理伤害有150%的吸收效果。
该效果60秒内只能触发一次。","When Noelle is in the party but not on the field, this ability triggers automatically when your active character's HP falls below 30%:
Creates a shield for your active character that lasts for 20s and absorbs DMG equal to 400% of Noelle's DEF.
The shield has a 150% DMG Absorption effectiveness against all Elemental and Physical DMG.
This effect can only occur once every 60s.",Talent Devotion.png,https://genshin-impact.fandom.com/wiki/Devotion,https://genshin-impact.fandom.com/wiki/File%3ATalent_Devotion.png,https://static.wikia.nocookie.net/gensin-impact/images/b/b2/Talent_Devotion.png/revision/latest?cb=20210607085544,4b00833cb4c4b9c22631c9171470d25e75e1c629
1021_T04.png,skipped_existing,unknown,1021,诺艾尔,Noelle,passive,passive2,4th Ascension Passive,突破天赋2,Nice and Clean,干净利落,,,"诺艾尔的普通攻击或重击累计命中敌人4次，会减少护心铠1秒的冷却。
每0.1秒至多计数一次。","Noelle will decrease the CD of Breastplate by 1s for every 4 Normal or Charged Attack hits she scores on opponents.
One hit may be counted every 0.1s.",Talent Nice and Clean.png,https://genshin-impact.fandom.com/wiki/Nice_and_Clean,https://genshin-impact.fandom.com/wiki/File%3ATalent_Nice_and_Clean.png,https://static.wikia.nocookie.net/gensin-impact/images/9/9a/Talent_Nice_and_Clean.png/revision/latest?cb=20210607091143,f26a997c994de391d60736b525c9914587545cd5
1021_T05.png,downloaded,unknown,1021,诺艾尔,Noelle,passive,passive3,Utility Passive,探索天赋,Maid's Knighthood,女仆的态度,,,完美烹饪防御类食物时，有12%概率获得2倍产出。,"When a Perfect Cooking is achieved on a DEF-boosting dish, Noelle has a 12% chance to obtain double the product.",Talent Maid's Knighthood.png,https://genshin-impact.fandom.com/wiki/Maid%27s_Knighthood,https://genshin-impact.fandom.com/wiki/File%3ATalent_Maid%27s_Knighthood.png,https://static.wikia.nocookie.net/gensin-impact/images/d/dd/Talent_Maid%27s_Knighthood.png/revision/latest?cb=20210607091019,2b3f5313b544044866ca9d7dd02663b7de603841
1022_T01.png,downloaded,unknown,1022,香菱,Xiangling,skill,combat2,Elemental Skill,元素战技,Guoba Attack,锅巴出击,,,唤出喷火的锅巴，存在期间内，不断对敌人喷火，造成火元素范围伤害。,"Summons Guoba, who will continuously breathe fire at opponents, dealing AoE Pyro DMG.",Talent Guoba Attack.png,https://genshin-impact.fandom.com/wiki/Guoba_Attack,https://genshin-impact.fandom.com/wiki/File%3ATalent_Guoba_Attack.png,https://static.wikia.nocookie.net/gensin-impact/images/a/a9/Talent_Guoba_Attack.png/revision/latest?cb=20210607090448,6d43920a34e23376e3d0716861047c7d41a4eeea
1022_T02.png,downloaded,unknown,1022,香菱,Xiangling,burst,combat3,Elemental Burst,元素爆发,Pyronado,旋火轮,,,"以控制火候与枪术的精湛技巧，甩出围绕自己快速旋转的旋火轮。
存在期间内，旋火轮会跟随角色运动，对路径上的敌人造成火元素伤害。","Displaying her mastery over both fire and polearms, Xiangling sends a Pyronado whirling around her.
The Pyronado will move with your character for the ability's duration, dealing Pyro DMG to all opponents in its path.",Talent Pyronado.png,https://genshin-impact.fandom.com/wiki/Pyronado,https://genshin-impact.fandom.com/wiki/File%3ATalent_Pyronado.png,https://static.wikia.nocookie.net/gensin-impact/images/2/29/Talent_Pyronado.png/revision/latest?cb=20210607091423,6d3eb31137ebc4959875b3b8f219324e0f614286
1022_T03.png,skipped_existing,unknown,1022,香菱,Xiangling,passive,passive1,1st Ascension Passive,突破天赋1,Crossfire,交叉火力,,,锅巴的喷火距离提高20%。,Increases the flame range of Guoba by 20%.,Talent Crossfire.png,https://genshin-impact.fandom.com/wiki/Crossfire,https://genshin-impact.fandom.com/wiki/File%3ATalent_Crossfire.png,https://static.wikia.nocookie.net/gensin-impact/images/3/3e/Talent_Crossfire.png/revision/latest?cb=20210607085427,373d49811ab0244301cf685a78f29a7d6e99ca1a
1022_T04.png,downloaded,unknown,1022,香菱,Xiangling,passive,passive2,4th Ascension Passive,突破天赋2,"Beware, It's Super Hot!",绝云朝天椒,,,锅巴出击效果结束时，锅巴会在消失的位置留下辣椒。拾取辣椒会提高10%攻击力，持续10秒。,"When Guoba Attack's effect ends, Guoba leaves a chili pepper on the spot where it disappeared. Picking up a chili pepper increases ATK by 10% for 10s.","Talent Beware, It's Super Hot!.png",https://genshin-impact.fandom.com/wiki/Beware%2C_It%27s_Super_Hot%21,https://genshin-impact.fandom.com/wiki/File%3ATalent_Beware%2C_It%27s_Super_Hot%21.png,https://static.wikia.nocookie.net/gensin-impact/images/4/49/Talent_Beware%2C_It%27s_Super_Hot%21.png/revision/latest?cb=20210607085045,b125dcf349ae61090ed1d07b12061f3e8cbc8b67
1022_T05.png,downloaded,unknown,1022,香菱,Xiangling,passive,passive3,Utility Passive,探索天赋,Chef de Cuisine,万民堂大厨,,,完美烹饪攻击类食物时，有12%概率获得2倍产出。,"When Xiangling cooks an ATK-boosting dish perfectly, she has a 12% chance to receive double the product.",Talent Chef de Cuisine.png,https://genshin-impact.fandom.com/wiki/Chef_de_Cuisine,https://genshin-impact.fandom.com/wiki/File%3ATalent_Chef_de_Cuisine.png,https://static.wikia.nocookie.net/gensin-impact/images/4/4e/Talent_Chef_de_Cuisine.png/revision/latest?cb=20210607085303,0b1b28641b922c5e2eb597d10a695868ac268cba
1022_T06.png,downloaded,unknown,1022,香菱,Xiangling,extra,,,,Guoba Attack Disabled,,,,,,Talent Guoba Attack Disabled.png,https://genshin-impact.fandom.com/wiki/Guoba_Attack_Disabled,https://genshin-impact.fandom.com/wiki/File%3ATalent_Guoba_Attack_Disabled.png,https://static.wikia.nocookie.net/gensin-impact/images/5/5c/Talent_Guoba_Attack_Disabled.png/revision/latest?cb=20220719040659,a31736484cc3e6225007f828f248642dd86d532f
1023_T01.png,downloaded,unknown,1023,行秋,Xingqiu,skill,combat2,Elemental Skill,元素战技,Guhua Sword: Fatal Rainscreen,古华剑·画雨笼山,,,"使出连续两段的剑技，对前方的敌人造成水元素伤害。同时，生成最大数量的雨帘剑围绕在当前场上自己的角色身边。
具有如下特性：
·角色受到伤害时会破碎，降低受到的伤害；
·提高角色的抗打断能力。
行秋水元素伤害加成的20%将转换为雨帘剑的额外伤害减免。

最多通过这种方式获得24%额外伤害减免。
初始雨帘剑的最大数量为3柄。
施放的瞬间，为角色施加潮湿状态。","Xingqiu performs twin strikes with his sword, dealing Hydro DMG. At the same time, this ability creates the maximum number of Rain Swords, which will orbit your active character.
The Rain Swords have the following properties:
·When a character takes DMG, the Rain Sword will shatter, reducing the amount of DMG taken.
·Increases the character's resistance to interruption.

20% of Xingqiu's Hydro DMG Bonus will be converted to additional DMG Reduction for the Rain Swords.

The maximum amount of additional DMG Reduction that can be gained this way is 24%.
The initial maximum number of Rain Swords is 3.
Using this ability applies the Wet status onto the character.",Talent Guhua Sword Fatal Rainscreen.png,https://genshin-impact.fandom.com/wiki/Guhua_Sword_Fatal_Rainscreen,https://genshin-impact.fandom.com/wiki/File%3ATalent_Guhua_Sword_Fatal_Rainscreen.png,https://static.wikia.nocookie.net/gensin-impact/images/5/5d/Talent_Guhua_Sword_Fatal_Rainscreen.png/revision/latest?cb=20210607090400,59c765634e3a74c59968ba39d2a9053db4e4cb27
1023_T02.png,downloaded,unknown,1023,行秋,Xingqiu,burst,combat3,Elemental Burst,元素爆发,Guhua Sword: Raincutter,古华剑·裁雨留虹,,,"展开虹剑势，驾御幻影剑雨战斗，并生成最大数量的雨帘剑。

虹剑势
·当前场上自己的角色进行普通攻击时，会产生剑雨连携攻击，造成水元素伤害；
·雨帘剑的数量将始终维持在最大数量。","Initiate Rainbow Bladework and fight using an illusory sword rain, while creating the maximum number of Rain Swords.

Rainbow Bladework
·Your active character's Normal Attacks will trigger consecutive sword rain attacks, dealing Hydro DMG.
·Rain Swords will remain at the maximum number throughout the ability's duration.",Talent Guhua Sword Raincutter.png,https://genshin-impact.fandom.com/wiki/Guhua_Sword_Raincutter,https://genshin-impact.fandom.com/wiki/File%3ATalent_Guhua_Sword_Raincutter.png,https://static.wikia.nocookie.net/gensin-impact/images/2/23/Talent_Guhua_Sword_Raincutter.png/revision/latest?cb=20210607090412,efab4f2a815cdeba06b8cec3776ea44dd3be102d
1023_T03.png,downloaded,unknown,1023,行秋,Xingqiu,passive,passive1,1st Ascension Passive,突破天赋1,Hydropathic,生水要诀,,,雨帘剑受击破碎时或持续时间结束时，基于行秋最大生命值的6%，恢复当前角色的生命值。,"When a Rain Sword is shattered or when its duration expires, it regenerates the current character's HP based on 6% of Xingqiu's Max HP.",Talent Hydropathic.png,https://genshin-impact.fandom.com/wiki/Hydropathic,https://genshin-impact.fandom.com/wiki/File%3ATalent_Hydropathic.png,https://static.wikia.nocookie.net/gensin-impact/images/f/f6/Talent_Hydropathic.png/revision/latest?cb=20210607090612,7d284c26b9f38591483ddde4b94c2ec1c2c22d89
1023_T04.png,downloaded,unknown,1023,行秋,Xingqiu,passive,passive2,4th Ascension Passive,突破天赋2,Blades Amidst Raindrops,虚实工笔,,,行秋获得20%水元素伤害加成。,Xingqiu gains a 20% Hydro DMG Bonus.,Talent Blades Amidst Raindrops.png,https://genshin-impact.fandom.com/wiki/Blades_Amidst_Raindrops,https://genshin-impact.fandom.com/wiki/File%3ATalent_Blades_Amidst_Raindrops.png,https://static.wikia.nocookie.net/gensin-impact/images/9/90/Talent_Blades_Amidst_Raindrops.png/revision/latest?cb=20210607085056,587a32cae08a660325f76e15dbcc5016373fed8a
1023_T05.png,downloaded,unknown,1023,行秋,Xingqiu,extra,,,,Flash of Genius (Xingqiu),,,,,,Talent Flash of Genius (Xingqiu).png,https://genshin-impact.fandom.com/wiki/Flash_of_Genius_%28Xingqiu%29,https://genshin-impact.fandom.com/wiki/File%3ATalent_Flash_of_Genius_%28Xingqiu%29.png,https://static.wikia.nocookie.net/gensin-impact/images/6/6a/Talent_Flash_of_Genius_%28Xingqiu%29.png/revision/latest?cb=20210607090006,58633114abbc210af1683a578c663277569ff4c8
1024_T01.png,downloaded,unknown,1024,菲谢尔,Fischl,skill,combat2,Elemental Skill,元素战技,Nightrider,夜巡影翼,,,"召唤奥兹。暗影与雷电构成的夜鸦降生尘世时，会在小范围内造成雷元素伤害。
存在期间内，奥兹会持续发射雷之魔弹攻击附近的敌人。

长按以调整技能生效位置。
奥兹存在期间内再次点按可以将其召唤至身旁。","Summons Oz. The night raven forged of darkness and lightning descends upon the land, dealing Electro DMG in a small AoE.
For the ability's duration, Oz will continuously attack nearby opponents with Freikugel.

Hold to adjust the location Oz will be summoned to.
Press again any time during the ability's duration to once again summon him to Fischl's side.",Talent Nightrider.png,https://genshin-impact.fandom.com/wiki/Nightrider,https://genshin-impact.fandom.com/wiki/File%3ATalent_Nightrider.png,https://static.wikia.nocookie.net/gensin-impact/images/b/b3/Talent_Nightrider.png/revision/latest?cb=20210607091155,d2e2804b6335594b6b5ca8f85a38469a3f29f517
1024_T02.png,downloaded,unknown,1024,菲谢尔,Fischl,burst,combat3,Elemental Burst,元素爆发,Midnight Phantasmagoria,至夜幻现,,,"呼唤奥兹，张开纯粹的夜色编织成的双翼，守护菲谢尔。
持续期间，具有如下效果：
·以奥兹的形态进行高速移动；
·对附近的敌人降下落雷，造成雷元素伤害。每个敌人只能受到一次落雷伤害；
·效果结束时，奥兹将会停留在战场上，攻击皇女的敌人。若奥兹已经在场，则重置奥兹的存在时间。","Summons Oz to spread his twin wings of twilight and defend Fischl.
Has the following properties during the ability's duration:
·Fischl takes on Oz's form, greatly increasing her Movement Speed.
·Strikes nearby opponents with lightning, dealing Electro DMG to opponents she comes into contact with. Each opponent can only be struck once.
·Once this ability's effects end, Oz will remain on the battlefield and attack his Prinzessin's foes. If Oz is already on the field, then this will reset the duration of his presence.",Talent Midnight Phantasmagoria.png,https://genshin-impact.fandom.com/wiki/Midnight_Phantasmagoria,https://genshin-impact.fandom.com/wiki/File%3ATalent_Midnight_Phantasmagoria.png,https://static.wikia.nocookie.net/gensin-impact/images/f/ff/Talent_Midnight_Phantasmagoria.png/revision/latest?cb=20210607091055,868b7aa809697cd834098c7da305e4d64e570065
1024_T03.png,downloaded,unknown,1024,菲谢尔,Fischl,passive,passive1,1st Ascension Passive,突破天赋1,Stellar Predator,噬星魔鸦,,,菲谢尔以蓄力完成的瞄准射击命中奥兹时，奥兹会对附近敌人降下圣裁之雷，造成等同射击伤害152.7%的雷元素范围伤害。,"When Fischl hits Oz with a fully-charged Aimed Shot, Oz brings down Thundering Retribution, dealing AoE Electro DMG equal to 152.7% of the arrow's DMG.",Talent Stellar Predator.png,https://genshin-impact.fandom.com/wiki/Stellar_Predator,https://genshin-impact.fandom.com/wiki/File%3ATalent_Stellar_Predator.png,https://static.wikia.nocookie.net/gensin-impact/images/2/28/Talent_Stellar_Predator.png/revision/latest?cb=20210607092239,f65ec9403f0dd12443a8e896054df404f6d3114a
1024_T04.png,downloaded,unknown,1024,菲谢尔,Fischl,passive,passive2,4th Ascension Passive,突破天赋2,Undone Be Thy Sinful Hex,断罪雷影,,,奥兹在场时，若当前场上自己的角色攻击敌人时触发了雷元素相关反应，则会对敌人降下圣裁之雷，造成菲谢尔80%攻击力的雷元素伤害。,"If your current active character triggers an Electro-related Elemental Reaction when Oz is on the field, the opponent shall be stricken with Thundering Retribution that deals Electro DMG equal to 80% of Fischl's ATK.",Talent Undone Be Thy Sinful Hex.png,https://genshin-impact.fandom.com/wiki/Undone_Be_Thy_Sinful_Hex,https://genshin-impact.fandom.com/wiki/File%3ATalent_Undone_Be_Thy_Sinful_Hex.png,https://static.wikia.nocookie.net/gensin-impact/images/7/75/Talent_Undone_Be_Thy_Sinful_Hex.png/revision/latest?cb=20210607092630,426677682ea99a00728e7dc970a9019cbe4a0326
1024_T05.png,downloaded,unknown,1024,菲谢尔,Fischl,passive,passive3,Utility Passive,探索天赋,Mein Hausgarten,吾之后花园,,,在蒙德执行探索派遣任务时，消耗的时间缩短25%。,"When dispatched on an expedition in Mondstadt, time consumed is reduced by 25%.",Talent Mein Hausgarten.png,https://genshin-impact.fandom.com/wiki/Mein_Hausgarten,https://genshin-impact.fandom.com/wiki/File%3ATalent_Mein_Hausgarten.png,https://static.wikia.nocookie.net/gensin-impact/images/6/60/Talent_Mein_Hausgarten.png/revision/latest?cb=20210607091043,e204f006f9d7d6760671ceec617fce4840ae54b7
1024_T06.png,downloaded,unknown,1024,菲谢尔,Fischl,extra,,,,Midnight Phantasmagoria Disabled,,,,,,Talent Midnight Phantasmagoria Disabled.png,https://genshin-impact.fandom.com/wiki/Midnight_Phantasmagoria_Disabled,https://genshin-impact.fandom.com/wiki/File%3ATalent_Midnight_Phantasmagoria_Disabled.png,https://static.wikia.nocookie.net/gensin-impact/images/0/0d/Talent_Midnight_Phantasmagoria_Disabled.png/revision/latest?cb=20220719035421,e2ad85d9eff376822ffa9bbfafb86738934fe0dc
1024_T07.png,downloaded,unknown,1024,菲谢尔,Fischl,extra,,,,Nightrider 2,,,,,,Talent Nightrider 2.png,https://genshin-impact.fandom.com/wiki/Nightrider_2,https://genshin-impact.fandom.com/wiki/File%3ATalent_Nightrider_2.png,https://static.wikia.nocookie.net/gensin-impact/images/d/db/Talent_Nightrider_2.png/revision/latest?cb=20220116214147,32450773673ce9d0f4e041df566df3a2fd17fc7a
1024_T08.png,downloaded,unknown,1024,菲谢尔,Fischl,extra,,,,Nightrider Disabled,,,,,,Talent Nightrider Disabled.png,https://genshin-impact.fandom.com/wiki/Nightrider_Disabled,https://genshin-impact.fandom.com/wiki/File%3ATalent_Nightrider_Disabled.png,https://static.wikia.nocookie.net/gensin-impact/images/d/d2/Talent_Nightrider_Disabled.png/revision/latest?cb=20220719035422,824cf30dc2930b4fc5569806c858e6b4f23a0abd
1024_T09.png,downloaded,unknown,1024,菲谢尔,Fischl,extra,,,,Phantasmal Nocturne,,,,,,Talent Phantasmal Nocturne.png,https://genshin-impact.fandom.com/wiki/Phantasmal_Nocturne,https://genshin-impact.fandom.com/wiki/File%3ATalent_Phantasmal_Nocturne.png,https://static.wikia.nocookie.net/gensin-impact/images/0/00/Talent_Phantasmal_Nocturne.png/revision/latest?cb=20251204235734,903e19560fb1579a1b5353052c85bfb7960e4793
1025_T01.png,downloaded,unknown,1025,重云,Chongyun,skill,combat2,Elemental Skill,元素战技,Spirit Blade: Chonghua's Layered Frost,灵刃·重华叠霜,,,"重云挥动巨剑猛击地面，在前方圆形范围内引发冰爆，并对敌人造成冰元素伤害。
短暂延迟后，冰爆引发的寒气汇聚成重华叠霜领域，其中的单手剑、大剑、长柄武器角色获得冰元素附魔。","Chongyun strikes the ground with his greatsword, causing a Cryo explosion in a circular AoE in front of him that deals Cryo DMG.
After a short delay, the cold air created by the Cryo explosion will coalesce into a Chonghua Frost Field, within which all Sword, Claymore and Polearm-wielding characters' weapons will be infused with Cryo.",Talent Spirit Blade Chonghua's Layered Frost.png,https://genshin-impact.fandom.com/wiki/Spirit_Blade_Chonghua%27s_Layered_Frost,https://genshin-impact.fandom.com/wiki/File%3ATalent_Spirit_Blade_Chonghua%27s_Layered_Frost.png,https://static.wikia.nocookie.net/gensin-impact/images/a/aa/Talent_Spirit_Blade_Chonghua%27s_Layered_Frost.png/revision/latest?cb=20210607092029,1bc370f834595167d75c4a69a27575445b26098f
1025_T02.png,downloaded,unknown,1025,重云,Chongyun,burst,combat3,Elemental Burst,元素爆发,Spirit Blade: Cloud-Parting Star,灵刃·云开星落,,,"重云结印，在前方半空中连续召唤出三柄巨大灵刃，短时间内依次落向地面并爆裂。
灵刃爆裂时，会造成冰元素范围伤害，并击飞敌人。","Performing the secret hand seals, Chongyun summons 3 giant spirit blades in mid-air that fall to the earth one by one after a short delay, exploding as they hit the ground.
When the spirit blades explode, they will deal AoE Cryo DMG and launch opponents.",Talent Spirit Blade Cloud-Parting Star.png,https://genshin-impact.fandom.com/wiki/Spirit_Blade_Cloud-Parting_Star,https://genshin-impact.fandom.com/wiki/File%3ATalent_Spirit_Blade_Cloud-Parting_Star.png,https://static.wikia.nocookie.net/gensin-impact/images/9/93/Talent_Spirit_Blade_Cloud-Parting_Star.png/revision/latest?cb=20210607092042,df6b000dcc0ae186b059923b526d3a847983f8e0
1025_T03.png,downloaded,unknown,1025,重云,Chongyun,passive,passive1,1st Ascension Passive,突破天赋1,Steady Breathing,吐纳真定,,,处在灵刃·重华叠霜领域内的单手剑、双手剑、长柄武器角色，普通攻击的攻击速度提升8%。,"Sword, Claymore, or Polearm-wielding characters within the field created by Spirit Blade: Chonghua's Layered Frost have their Normal ATK SPD increased by 8%.",Talent Steady Breathing.png,https://genshin-impact.fandom.com/wiki/Steady_Breathing,https://genshin-impact.fandom.com/wiki/File%3ATalent_Steady_Breathing.png,https://static.wikia.nocookie.net/gensin-impact/images/4/49/Talent_Steady_Breathing.png/revision/latest?cb=20210607092201,9cdd875e28517849d1b197161987648b90f70b61
1025_T04.png,downloaded,unknown,1025,重云,Chongyun,passive,passive2,4th Ascension Passive,突破天赋2,Rimechaser Blade,追冰剑诀,,,灵刃·重华叠霜领域消失时，会唤出一柄灵刃自动攻击附近的敌人，造成相当于灵刃·重华叠霜技能伤害100%的冰元素范围伤害。被击中的敌人冰元素抗性降低10%，持续8秒。,"When the field created by Spirit Blade: Chonghua's Layered Frost disappears, another spirit blade will be summoned to strike nearby opponents, dealing 100% of Chonghua's Layered Frost's Skill DMG as AoE Cryo DMG. Opponents hit by this blade will have their Cryo RES decreased by 10% for 8s.",Talent Rimechaser Blade.png,https://genshin-impact.fandom.com/wiki/Rimechaser_Blade,https://genshin-impact.fandom.com/wiki/File%3ATalent_Rimechaser_Blade.png,https://static.wikia.nocookie.net/gensin-impact/images/1/12/Talent_Rimechaser_Blade.png/revision/latest?cb=20210607091606,c128697d71546e2f1fba8e50fe9ddc323f614c4e
1025_T05.png,downloaded,unknown,1025,重云,Chongyun,passive,passive3,Utility Passive,探索天赋,Gallant Journey,云游山海,,,在璃月执行探索派遣任务时，消耗的时间缩短25%。,"When dispatched on an expedition in Liyue, time consumed is reduced by 25%.",Talent Gallant Journey.png,https://genshin-impact.fandom.com/wiki/Gallant_Journey,https://genshin-impact.fandom.com/wiki/File%3ATalent_Gallant_Journey.png,https://static.wikia.nocookie.net/gensin-impact/images/c/c4/Talent_Gallant_Journey.png/revision/latest?cb=20210607090221,3a39da976a6c6dc71c7a65e15ac21d8e48ec0fab
1026_T01.png,skipped_existing,unknown,1026,砂糖,Sucrose,skill,combat2,Elemental Skill,元素战技,Astable Anemohypostasis Creation - 6308,风灵作成·陆叁零捌,,,召唤出小型风灵，将敌人与物体牵引至风灵所在位置，击飞范围内的敌人，并造成风元素伤害。,"Creates a small Wind Spirit that pulls opponents and objects towards its location, launches opponents within its AoE, and deals Anemo DMG.",Talent Astable Anemohypostasis Creation - 6308.png,https://genshin-impact.fandom.com/wiki/Astable_Anemohypostasis_Creation_-_6308,https://genshin-impact.fandom.com/wiki/File%3ATalent_Astable_Anemohypostasis_Creation_-_6308.png,https://static.wikia.nocookie.net/gensin-impact/images/7/76/Talent_Astable_Anemohypostasis_Creation_-_6308.png/revision/latest?cb=20210607084927,d3b179f4761a987c07ebf080e17ccd6dfd2cfd17
1026_T02.png,downloaded,unknown,1026,砂糖,Sucrose,burst,combat3,Elemental Burst,元素爆发,Forbidden Creation - Isomer 75 / Type II,禁·风灵作成·柒伍同构贰型,,,"砂糖抛出不稳定的烧瓶，生成大型风灵。
存在期间，大型风灵会持续牵引附近的敌人与物体，击飞附近的敌人，并造成风元素伤害。

元素转化
若风灵在技能持续期间接触了水元素/火元素/冰元素/雷元素，则会获得对应元素属性，额外造成该元素的附加伤害。
元素转化在技能持续期间仅会发生一次。","Sucrose hurls an unstable concoction that creates a Large Wind Spirit.
While it persists, the Large Wind Spirit will continuously pull in surrounding opponents and objects, launch nearby opponents, and deal Anemo DMG.

Elemental Absorption
If the Wind Spirit comes into contact with Hydro/Pyro/Cryo/Electro energy, it will deal additional elemental DMG of that type.
Elemental Absorption may only occur once per use.",Talent Forbidden Creation - Isomer 75 Type II.png,https://genshin-impact.fandom.com/wiki/Forbidden_Creation_-_Isomer_75_Type_II,https://genshin-impact.fandom.com/wiki/File%3ATalent_Forbidden_Creation_-_Isomer_75_Type_II.png,https://static.wikia.nocookie.net/gensin-impact/images/4/4d/Talent_Forbidden_Creation_-_Isomer_75_Type_II.png/revision/latest?cb=20210607090042,7968d0a4bb3561da4a1dbcd35c0ad13aeb0a2a6b
1026_T03.png,skipped_existing,unknown,1026,砂糖,Sucrose,passive,passive1,1st Ascension Passive,突破天赋1,Catalyst Conversion,触媒置换术,,,砂糖触发扩散、星扩散反应时，使队伍中所有对应元素类型的角色（不包括砂糖自己）元素精通提升50，持续8秒。,"When Sucrose triggers a Swirl or Stellar Swirl reaction, all characters in the party with the matching element (excluding Sucrose) have their Elemental Mastery increased by 50 for 8s.",Talent Catalyst Conversion.png,https://genshin-impact.fandom.com/wiki/Catalyst_Conversion,https://genshin-impact.fandom.com/wiki/File%3ATalent_Catalyst_Conversion.png,https://static.wikia.nocookie.net/gensin-impact/images/8/8b/Talent_Catalyst_Conversion.png/revision/latest?cb=20210607085222,4001aeaa3bf08f3a70670a5a4886951be187756f
1026_T04.png,downloaded,unknown,1026,砂糖,Sucrose,passive,passive2,4th Ascension Passive,突破天赋2,Mollis Favonius,小小的慧风,,,风灵作成·陆叁零捌或禁·风灵作成·柒伍同构贰型命中敌人时，基于砂糖元素精通的20%，为队伍中所有角色（不包括砂糖自己）提供元素精通加成，持续8秒。,"When Astable Anemohypostasis Creation - 6308 or Forbidden Creation - Isomer 75 / Type II hits an opponent, increases all party members' (excluding Sucrose) Elemental Mastery by an amount equal to 20% of Sucrose's Elemental Mastery for 8s.",Talent Mollis Favonius.png,https://genshin-impact.fandom.com/wiki/Mollis_Favonius,https://genshin-impact.fandom.com/wiki/File%3ATalent_Mollis_Favonius.png,https://static.wikia.nocookie.net/gensin-impact/images/0/02/Talent_Mollis_Favonius.png/revision/latest?cb=20210607091121,48fa053e7cfe33d0940f587a8421d17ce23a13e5
1026_T05.png,downloaded,unknown,1026,砂糖,Sucrose,passive,passive3,Utility Passive,探索天赋,Astable Invention,不稳定发现,,,合成角色与武器培养素材时，有10%概率获得2倍产出。,"When Sucrose crafts Character and Weapon Enhancement Materials, she has a 10% chance to obtain double the product.",Talent Astable Invention.png,https://genshin-impact.fandom.com/wiki/Astable_Invention,https://genshin-impact.fandom.com/wiki/File%3ATalent_Astable_Invention.png,https://static.wikia.nocookie.net/gensin-impact/images/7/7e/Talent_Astable_Invention.png/revision/latest?cb=20210607084940,ecd96dfc0528234d62f16008293b8bf58acf57b1
1026_T06.png,skipped_existing,unknown,1026,砂糖,Sucrose,extra,,,,Sevenfold Transmutation,,,,,,Talent Sevenfold Transmutation.png,https://genshin-impact.fandom.com/wiki/Sevenfold_Transmutation,https://genshin-impact.fandom.com/wiki/File%3ATalent_Sevenfold_Transmutation.png,https://static.wikia.nocookie.net/gensin-impact/images/9/9d/Talent_Sevenfold_Transmutation.png/revision/latest?cb=20251204235742,44da5c62625c781e774d0c38970ede1e4917ca96
1027_T01.png,skipped_existing,unknown,1027,七七,Qiqi,skill,combat2,Elemental Skill,元素战技,Adeptus Art: Herald of Frost,仙法·寒病鬼差,,,"冰血化符，召唤寒病鬼差，并对周围的敌人造成冰元素伤害。

寒病鬼差
·七七的普通攻击与重击命中时，为队伍中自己的角色，以及附近的友方角色恢复生命值，回复量受益于七七的攻击力；
·每隔一段时间，为当前场上自己的角色恢复生命值；
·跟随角色行动，对路径上的敌人造成冰元素伤害。","Using the Icevein Talisman, Qiqi brings forth the Herald of Frost, dealing Cryo DMG to surrounding opponents.

Herald of Frost
·On hit, Qiqi's Normal and Charged Attacks regenerate HP for your own party members and nearby teammates. Healing scales based on Qiqi's ATK.
·Periodically regenerates your active character's HP.
·Follows the character around, dealing Cryo DMG to opponents in their path.",Talent Adeptus Art Herald of Frost.png,https://genshin-impact.fandom.com/wiki/Adeptus_Art_Herald_of_Frost,https://genshin-impact.fandom.com/wiki/File%3ATalent_Adeptus_Art_Herald_of_Frost.png,https://static.wikia.nocookie.net/gensin-impact/images/7/7f/Talent_Adeptus_Art_Herald_of_Frost.png/revision/latest?cb=20210607084756,594df75fe188debb6b1a1ed078be46cb836d997b
1027_T02.png,skipped_existing,unknown,1027,七七,Qiqi,burst,combat3,Elemental Burst,元素爆发,Adeptus Art: Preserver of Fortune,仙法·救苦度厄,,,"七七释放体内封印的仙力，以度厄真符标记附近的敌人，并造成冰元素伤害。

度厄真符
处于度厄真符影响下的敌人受到伤害时，为造成伤害的角色恢复生命值。","Qiqi releases the adeptus power sealed within her body, marking nearby opponents with a Fortune-Preserving Talisman that deals Cryo DMG.

Fortune-Preserving Talisman
When opponents affected by this Talisman take DMG, the character that dealt this DMG regenerates HP.",Talent Adeptus Art Preserver of Fortune.png,https://genshin-impact.fandom.com/wiki/Adeptus_Art_Preserver_of_Fortune,https://genshin-impact.fandom.com/wiki/File%3ATalent_Adeptus_Art_Preserver_of_Fortune.png,https://static.wikia.nocookie.net/gensin-impact/images/7/7c/Talent_Adeptus_Art_Preserver_of_Fortune.png/revision/latest?cb=20210607084810,9cd07ea48186c98f12b86ac66ff32cf7298f2837
1027_T03.png,downloaded,unknown,1027,七七,Qiqi,passive,passive1,1st Ascension Passive,突破天赋1,Life-Prolonging Methods,延命妙法,,,处于仙法·寒病鬼差状态下的角色触发元素反应时，受治疗加成提升20%，持续8秒。,"When a character under the effects of Adeptus Art: Herald of Frost triggers an Elemental Reaction, their Incoming Healing Bonus is increased by 20% for 8s.",Talent Life-Prolonging Methods.png,https://genshin-impact.fandom.com/wiki/Life-Prolonging_Methods,https://genshin-impact.fandom.com/wiki/File%3ATalent_Life-Prolonging_Methods.png,https://static.wikia.nocookie.net/gensin-impact/images/b/b5/Talent_Life-Prolonging_Methods.png/revision/latest?cb=20210607090906,23f50eb5c59e6e94ff938c88128b1b589224f06b
1027_T04.png,downloaded,unknown,1027,七七,Qiqi,passive,passive3,Utility Passive,探索天赋,Former Life Memories,前尘旧忆,,,在小地图上显示周围的璃月区域特产的位置。,Displays the location of nearby resources unique to Liyue on the mini-map.,Talent Former Life Memories.png,https://genshin-impact.fandom.com/wiki/Former_Life_Memories,https://genshin-impact.fandom.com/wiki/File%3ATalent_Former_Life_Memories.png,https://static.wikia.nocookie.net/gensin-impact/images/5/5e/Talent_Former_Life_Memories.png/revision/latest?cb=20210607090119,7080b1f2f832a358f1856b98675062e223ce7428
1027_T05.png,skipped_existing,unknown,1027,七七,Qiqi,extra,,,,Seven Sacred Treasures,,,,,,Talent Seven Sacred Treasures.png,https://genshin-impact.fandom.com/wiki/Seven_Sacred_Treasures,https://genshin-impact.fandom.com/wiki/File%3ATalent_Seven_Sacred_Treasures.png,https://static.wikia.nocookie.net/gensin-impact/images/0/0b/Talent_Seven_Sacred_Treasures.png/revision/latest?cb=20260704004304,7fb8327bcdbdc4dc6fcdd09d0905605f818060fa
1028_T01.png,downloaded,unknown,1028,莫娜,Mona,skill,combat2,Elemental Skill,元素战技,Mirror Reflection of Doom,水中幻愿,,,"聚集水花汇成命运的虚影。

虚影
具有如下特性：
·持续嘲讽周围的敌人，吸引火力；
·持续对附近的敌人造成水元素伤害；
·持续时间结束时，虚影破裂，造成水元素范围伤害。

长按
借助水流之势迅速后退，并唤出虚影。

场上同时只能存在一个通过水中幻愿创造的虚影。","Creates an illusory Phantom of Fate from coalesced waterspouts.

Phantom
Has the following special properties:
·Continuously taunts nearby opponents, attracting their fire.
·Continuously deals Hydro DMG to nearby opponents.
·When its duration expires, the Phantom explodes, dealing AoE Hydro DMG.

Hold
Utilizes water currents to move backwards swiftly before conjuring a Phantom.

Only one Phantom created by Mirror Reflection of Doom can exist at any time.",Talent Mirror Reflection of Doom.png,https://genshin-impact.fandom.com/wiki/Mirror_Reflection_of_Doom,https://genshin-impact.fandom.com/wiki/File%3ATalent_Mirror_Reflection_of_Doom.png,https://static.wikia.nocookie.net/gensin-impact/images/4/45/Talent_Mirror_Reflection_of_Doom.png/revision/latest?cb=20210607091108,db83c35a2e853b2f31d1b8f1eca0b4a871b69203
1028_T02.png,downloaded,unknown,1028,莫娜,Mona,burst,combat3,Elemental Burst,元素爆发,Stellaris Phantasm,星命定轨,,,"凝聚粼粼的水波，倒映出虚幻星空，对大范围内的敌人施加泡影状态。

泡影
以星相的气泡包裹敌人，施加潮湿状态。较弱的敌人会被禁锢在泡影中，无法行动。
处于泡影影响下的敌人受到伤害时，会产生以下效果：
·对敌人施加星异的伤害加成效果，并以此提高这一次造成的伤害；
·解除泡影效果，并额外造成一次水元素伤害。

星异
持续时间内，提高受到的伤害。","Mona summons the sparkling waves and creates a reflection of the starry sky, applying the Illusory Bubble status to opponents in a large AoE.

Illusory Bubble
Traps opponents inside a pocket of destiny and also makes them Wet. Renders weaker opponents immobile.
When an opponent affected by Illusory Bubble sustains DMG, it has the following effects:
·Applies an Omen to the opponent, which gives a DMG Bonus, also increasing the DMG of the attack that causes it.
·Removes the Illusory Bubble, dealing Hydro DMG in the process.

Omen
During its duration, increases DMG taken by opponents.",Talent Stellaris Phantasm.png,https://genshin-impact.fandom.com/wiki/Stellaris_Phantasm,https://genshin-impact.fandom.com/wiki/File%3ATalent_Stellaris_Phantasm.png,https://static.wikia.nocookie.net/gensin-impact/images/c/c4/Talent_Stellaris_Phantasm.png/revision/latest?cb=20210607092224,3d50243bdc70589ad2379aa5895a2d4511af2439
1028_T03.png,downloaded,unknown,1028,莫娜,Mona,passive,passive2,4th Ascension Passive,突破天赋2,Waterborne Destiny,「托付于命运吧！」,,,莫娜的水元素伤害加成获得额外提升，提升程度相当于她的元素充能效率的20%。,Increases Mona's Hydro DMG Bonus by a degree equivalent to 20% of her Energy Recharge rate.,Talent Waterborne Destiny.png,https://genshin-impact.fandom.com/wiki/Waterborne_Destiny,https://genshin-impact.fandom.com/wiki/File%3ATalent_Waterborne_Destiny.png,https://static.wikia.nocookie.net/gensin-impact/images/6/6a/Talent_Waterborne_Destiny.png/revision/latest?cb=20210607092706,baf6b962c3f5a47d733539c45b30a296e16c3d98
1028_T04.png,skipped_existing,unknown,1028,莫娜,Mona,passive,passive3,Utility Passive,探索天赋,Principium of Astrology,运行原理,,,合成武器突破素材时，有25%概率返还部分合成材料。,"When Mona crafts Weapon Ascension Materials, she has a 25% chance to refund a portion of the crafting materials used.",Talent Principium of Astrology.png,https://genshin-impact.fandom.com/wiki/Principium_of_Astrology,https://genshin-impact.fandom.com/wiki/File%3ATalent_Principium_of_Astrology.png,https://static.wikia.nocookie.net/gensin-impact/images/4/48/Talent_Principium_of_Astrology.png/revision/latest?cb=20210607091402,63f7384d0029f4e7a8b98e6e066fde9d14308e4e
1028_T05.png,downloaded,unknown,1028,莫娜,Mona,extra,combatsp,Alternate Sprint,替代冲刺,Illusory Torrent,虚实流动,,,"替代冲刺
隐入流水，以消耗体力为代价，化为激流快速移动。

在虚实流动状态下，莫娜可以在水面上高速移动。
结束虚实流动现身时，对周围的敌人施加潮湿状态。","Alternate Sprint
Mona cloaks herself within the water's flow, consuming Stamina to move rapidly.

When under the effect of Illusory Torrent, Mona can move at high speed on water.
Applies the Wet status to nearby opponents when she reappears.",Talent Illusory Torrent.png,https://genshin-impact.fandom.com/wiki/Illusory_Torrent,https://genshin-impact.fandom.com/wiki/File%3ATalent_Illusory_Torrent.png,https://static.wikia.nocookie.net/gensin-impact/images/9/9a/Talent_Illusory_Torrent.png/revision/latest?cb=20210607090647,4b99469ab7f587f26589069f0c9943754f66c40d
1028_T06.png,downloaded,unknown,1028,莫娜,Mona,extra,,,,Genesis of Starsigns,,,,,,Talent Genesis of Starsigns.png,https://genshin-impact.fandom.com/wiki/Genesis_of_Starsigns,https://genshin-impact.fandom.com/wiki/File%3ATalent_Genesis_of_Starsigns.png,https://static.wikia.nocookie.net/gensin-impact/images/7/7a/Talent_Genesis_of_Starsigns.png/revision/latest?cb=20251204235719,b437adc854ef955f00accf3ab5417e0114ba8516
1029_T01.png,downloaded,unknown,1029,刻晴,Keqing,skill,combat2,Elemental Skill,元素战技,Stellar Restoration,星斗归位,,,"迅速投出雷楔，以疾雷之势歼敌。
雷楔命中时会对小范围内的敌人造成雷元素伤害，并在命中的位置留下雷楔标记。

长按
长按以调整雷楔标记投掷的方向。
通过长按投出的雷楔，可以悬浮在空中，并使刻晴再次施放星斗归位时跨越地形。

雷楔
在雷楔的持续期间内，刻晴再次施放星斗归位或施展重击时，会清除雷楔标记并造成不同的效果：
·再次施放星斗归位时，瞬移到标记处进行一次斩击，造成雷元素范围伤害。瞬移至长按投掷的雷楔处时，可以跨越地形障碍；
·施展重击时，在标记处引发雷暴连斩，造成数次雷元素范围伤害。","Hurls a Lightning Stiletto that annihilates her opponents like the swift thunder.
When the Stiletto hits its target, it deals Electro DMG to opponents in a small AoE, and places a Stiletto Mark on the spot hit.

Hold
Hold to adjust the direction in which the Stiletto shall be thrown.
Stilettos thrown by the Hold attack mode can be suspended in mid-air, allowing Keqing to jump to them when using Stellar Restoration a second time.

Lightning Stiletto
 If Keqing uses Stellar Restoration again or uses a Charged Attack while its duration lasts, it will clear the Stiletto Mark and produce different effects:
·If she uses Stellar Restoration again, she will blink to the location of the Mark and unleash one slashing attack that deals AoE Electro DMG. When blinking to a Stiletto that was thrown from a Holding attack, Keqing can leap across obstructing terrain.
·If Keqing uses a Charged Attack, she will ignite a series of thundering cuts at the Mark's location, dealing AoE Electro DMG.",Talent Stellar Restoration.png,https://genshin-impact.fandom.com/wiki/Stellar_Restoration,https://genshin-impact.fandom.com/wiki/File%3ATalent_Stellar_Restoration.png,https://static.wikia.nocookie.net/gensin-impact/images/5/5a/Talent_Stellar_Restoration.png/revision/latest?cb=20210607092251,e936c26b4e43bc4ee3f5760a1596114d047727fc
1029_T02.png,downloaded,unknown,1029,刻晴,Keqing,burst,combat3,Elemental Burst,元素爆发,Starward Sword,天街巡游,,,"爆发雷电的力量，造成范围雷元素伤害。
随后隐入剑影中，对周围的敌人进行如同迅雷霆霓般疾速的连斩，造成多段雷元素伤害，并在最后一击时造成高额雷元素范围伤害。","Keqing unleashes the power of lightning, dealing Electro DMG in an AOE.
She then blends into the shadow of her blade, striking a series of thunderclap-blows to nearby opponents simultaneously that deal multiple instances of Electro DMG. The final attack deals massive AoE Electro DMG.",Talent Starward Sword.png,https://genshin-impact.fandom.com/wiki/Starward_Sword,https://genshin-impact.fandom.com/wiki/File%3ATalent_Starward_Sword.png,https://static.wikia.nocookie.net/gensin-impact/images/1/14/Talent_Starward_Sword.png/revision/latest?cb=20210607092134,38554fe8b5177cad1ff186234fac6cd2cb9987ff
1029_T03.png,downloaded,unknown,1029,刻晴,Keqing,passive,passive1,1st Ascension Passive,突破天赋1,Thundering Penance,抵天雷罚,,,雷楔存在期间再次施放星斗归位后的5秒内，刻晴获得雷元素附魔。,"After recasting Stellar Restoration while a Lightning Stiletto is present, Keqing's weapon gains an Electro Infusion for 5s.",Talent Thundering Penance.png,https://genshin-impact.fandom.com/wiki/Thundering_Penance,https://genshin-impact.fandom.com/wiki/File%3ATalent_Thundering_Penance.png,https://static.wikia.nocookie.net/gensin-impact/images/a/a4/Talent_Thundering_Penance.png/revision/latest?cb=20210607092459,3292fc6de57a48c76829b039435661563605f46a
1029_T04.png,downloaded,unknown,1029,刻晴,Keqing,passive,passive2,4th Ascension Passive,突破天赋2,Aristocratic Dignity,玉衡之贵,,,施放天街巡游时，刻晴的暴击率提升15%，元素充能效率提升15%，持续8秒。,"When casting Starward Sword, Keqing's CRIT Rate is increased by 15%, and her Energy Recharge is increased by 15%. This effect lasts for 8s.",Talent Aristocratic Dignity.png,https://genshin-impact.fandom.com/wiki/Aristocratic_Dignity,https://genshin-impact.fandom.com/wiki/File%3ATalent_Aristocratic_Dignity.png,https://static.wikia.nocookie.net/gensin-impact/images/d/d3/Talent_Aristocratic_Dignity.png/revision/latest?cb=20210607084903,9fdc6017833c08c51e7acb2bc740f57a3b489fbb
1029_T05.png,downloaded,unknown,1029,刻晴,Keqing,passive,passive3,Utility Passive,探索天赋,Land's Overseer,总务土地,,,在璃月执行探索派遣任务时，消耗的时间缩短25%。,"When dispatched on an expedition in Liyue, time consumed is reduced by 25%.",Talent Land's Overseer.png,https://genshin-impact.fandom.com/wiki/Land%27s_Overseer,https://genshin-impact.fandom.com/wiki/File%3ATalent_Land%27s_Overseer.png,https://static.wikia.nocookie.net/gensin-impact/images/2/2c/Talent_Land%27s_Overseer.png/revision/latest?cb=20210607090815,bb3348d4d81ca1efc0a8da7fd96e542759f31d79
1029_T06.png,downloaded,unknown,1029,刻晴,Keqing,extra,combat1,Normal Attack,普通攻击,Yunlai Swordsmanship,云来剑法,,,"普通攻击
进行至多五段的连续剑击。

重击
消耗一定体力，瞬间向前方挥出两剑。

下落攻击
从空中下坠冲击地面，攻击下落路径上的敌人，并在落地时造成范围伤害。","Normal Attack
Performs up to 5 rapid strikes.

Charged Attack
Consumes a certain amount of Stamina to unleash 2 rapid sword strikes.

Plunging Attack
Plunges from mid-air to strike the ground below, damaging opponents along the path and dealing AoE DMG upon impact.",Talent Yunlai Swordsmanship.png,https://genshin-impact.fandom.com/wiki/Yunlai_Swordsmanship,https://genshin-impact.fandom.com/wiki/File%3ATalent_Yunlai_Swordsmanship.png,https://static.wikia.nocookie.net/gensin-impact/images/6/68/Talent_Yunlai_Swordsmanship.png/revision/latest?cb=20210607092905,d97b7481e8d54da148b3271b30b0ab438f5e7bb0
1029_T07.png,downloaded,unknown,1029,刻晴,Keqing,extra,,,,Stellar Restoration 2,,,,,,Talent Stellar Restoration 2.png,https://genshin-impact.fandom.com/wiki/Stellar_Restoration_2,https://genshin-impact.fandom.com/wiki/File%3ATalent_Stellar_Restoration_2.png,https://static.wikia.nocookie.net/gensin-impact/images/4/41/Talent_Stellar_Restoration_2.png/revision/latest?cb=20230202220539,60ab64a6439298705feb25f14f0e887c3d19e2ef
1030_T01.png,downloaded,unknown,1030,达达利亚,Tartaglia,skill,combat2,Elemental Skill,元素战技,Foul Legacy: Raging Tide,魔王武装·狂澜,,,"解放纯水构成的武装，对周围的敌人造成水元素伤害，并进入近战状态。
在此状态下，达达利亚的普通攻击与重击将转为无法被附魔覆盖的水元素伤害，并发生以下变化：

普通攻击
进行至多六段的连续水元素斩击。

重击
消耗体力，瞬间向前方挥出两剑，造成水元素伤害。

断流·斩
近战攻击命中处于断流影响下的敌人时，将引发一次断流·斩，造成水元素范围伤害。断流·斩造成的伤害视为元素战技伤害，每1.5秒至多触发一次。

30秒后或再次施放时效果将会解除，回到远程状态，并使技能进入冷却。近战状态下持续的时间越长，冷却时间越长。
若持续30秒后自动回到远程状态，技能将进入更长的冷却周期。","Unleashes a set of weaponry made of pure water, dealing Hydro DMG to surrounding opponents and entering Melee Stance.
In this Stance, Tartaglia's Normal and Charged Attacks are converted to Hydro DMG that cannot be overridden by any other elemental infusion and change as follows:

Normal Attack
Performs up to 6 consecutive Hydro strikes.

Charged Attack
Consumes a certain amount of Stamina to unleash a cross slash, dealing Hydro DMG.

Riptide Slash
Hitting an opponent affected by Riptide with a melee attack unleashes a Riptide Slash that deals AoE Hydro DMG. DMG dealt in this way is considered Elemental Skill DMG, and can only occur once every 1.5s.

After 30s, or when the ability is unleashed again, this skill will end. Tartaglia will return to his Ranged Stance and this ability will enter CD. The longer Tartaglia stays in his Melee Stance, the longer the CD.
If the return to a ranged stance occurs automatically after 30s, the CD is even longer.",Talent Foul Legacy Raging Tide.png,https://genshin-impact.fandom.com/wiki/Foul_Legacy_Raging_Tide,https://genshin-impact.fandom.com/wiki/File%3ATalent_Foul_Legacy_Raging_Tide.png,https://static.wikia.nocookie.net/gensin-impact/images/b/b5/Talent_Foul_Legacy_Raging_Tide.png/revision/latest?cb=20210607090131,9a4bc55dc624fdde86f88ef31891bb402ce95fbd
1030_T02.png,downloaded,unknown,1030,达达利亚,Tartaglia,burst,combat3,Elemental Burst,元素爆发,Havoc: Obliteration,极恶技·尽灭闪,,,"依据达达利亚当前所处的状态，进行不同的攻击：

远程状态·魔弹一闪
向前方快速射出一发饱含水元素的魔箭，造成水元素范围伤害，并施加断流效果。
施放后，返还部分元素能量。

近战状态·尽灭水光
进行一次大范围斩击，对附近所有敌人造成大量水元素伤害，并能引发断流·爆。

断流·爆
尽灭水光命中处于断流状态下的敌人时，会消耗断流效果并引发水爆，造成水元素范围伤害。断流·爆造成的伤害视为元素爆发伤害。","Performs different attacks based on what stance Tartaglia is in when casting.

Ranged Stance: Flash of Havoc
Swiftly fires a Hydro-imbued magic arrow, dealing AoE Hydro DMG and applying the Riptide status.
Returns a portion of its Energy Cost after use.

Melee Stance: Light of Obliteration
Performs a slash with a large AoE, dealing massive Hydro DMG to all surrounding opponents, which triggers Riptide Blast.

Riptide Blast
When the obliterating waters hit an opponent affected by Riptide, it clears their Riptide status and triggers a Hydro Explosion that deals AoE Hydro DMG.
DMG dealt in this way is considered Elemental Burst DMG.",Talent Havoc Obliteration.png,https://genshin-impact.fandom.com/wiki/Havoc_Obliteration,https://genshin-impact.fandom.com/wiki/File%3ATalent_Havoc_Obliteration.png,https://static.wikia.nocookie.net/gensin-impact/images/0/03/Talent_Havoc_Obliteration.png/revision/latest?cb=20210607090526,780172b7f7ed231580daf24c1084644d10f1c590
1030_T03.png,downloaded,unknown,1030,达达利亚,Tartaglia,passive,passive1,1st Ascension Passive,突破天赋1,Never Ending,永无谢幕,,,断流效果的持续时间延长8秒。,Extends Riptide duration by 8s.,Talent Never Ending.png,https://genshin-impact.fandom.com/wiki/Never_Ending,https://genshin-impact.fandom.com/wiki/File%3ATalent_Never_Ending.png,https://static.wikia.nocookie.net/gensin-impact/images/e/ea/Talent_Never_Ending.png/revision/latest?cb=20210607091132,5ca3434f1f4055d0a2065f598f67993c02a037a9
1030_T04.png,downloaded,unknown,1030,达达利亚,Tartaglia,passive,passive2,4th Ascension Passive,突破天赋2,Sword of Torrents,水形剑,,,处于魔王武装·狂澜的近战状态时，普通攻击与重击在造成暴击时，会为命中的敌人施加断流效果。,"When Tartaglia is in Foul Legacy: Raging Tide's Melee Stance, on dealing a CRIT hit, Normal and Charged Attacks apply the Riptide status effect to opponents.",Talent Sword of Torrents.png,https://genshin-impact.fandom.com/wiki/Sword_of_Torrents,https://genshin-impact.fandom.com/wiki/File%3ATalent_Sword_of_Torrents.png,https://static.wikia.nocookie.net/gensin-impact/images/d/d8/Talent_Sword_of_Torrents.png/revision/latest?cb=20210607092423,6e14e8fd3c47f3d5f74a4a5a71a25d7b08463cad
1030_T05.png,downloaded,unknown,1030,达达利亚,Tartaglia,passive,passive3,Utility Passive,探索天赋,Master of Weaponry,诸武精通,,,队伍中自己的角色普通攻击等级提高1级。,Increases your own party members' Normal Attack Level by 1.,Talent Master of Weaponry.png,https://genshin-impact.fandom.com/wiki/Master_of_Weaponry,https://genshin-impact.fandom.com/wiki/File%3ATalent_Master_of_Weaponry.png,https://static.wikia.nocookie.net/gensin-impact/images/4/45/Talent_Master_of_Weaponry.png/revision/latest?cb=20210607091030,e8d5e1438e6046bcb19a75c04f0bcffcce69e3f2
1030_T06.png,downloaded,unknown,1030,达达利亚,Tartaglia,extra,,,,Foul Legacy Raging Tide 2,,,,,,Talent Foul Legacy Raging Tide 2.png,https://genshin-impact.fandom.com/wiki/Foul_Legacy_Raging_Tide_2,https://genshin-impact.fandom.com/wiki/File%3ATalent_Foul_Legacy_Raging_Tide_2.png,https://static.wikia.nocookie.net/gensin-impact/images/b/bd/Talent_Foul_Legacy_Raging_Tide_2.png/revision/latest?cb=20220521141455,5e8b075357a4eec906f72c0a8815d58ab0ef7d50
1031_T01.png,downloaded,unknown,1031,迪奥娜,Diona,skill,combat2,Elemental Skill,元素战技,Icy Paws,猫爪冻冻,,,"发射冻冻猫猫爪，对敌人造成冰元素伤害，并在命中时形成护盾。
护盾的伤害吸收量受益于迪奥娜的生命值上限，持续时间基于命中的冻冻猫猫爪数目。

点按
快速发射二枚冻冻猫猫爪。

长按
迅速后撤，并发射五枚冻冻猫猫爪。
通过长按产生的护盾获得75%伤害吸收量加成。

护盾对冰元素伤害有250%的吸收效果，并会在形成时，为当前角色施加短暂的冰元素附着。","Fires an Icy Paw that deals Cryo DMG to opponents and forms a shield on hit.
The shield's DMG Absorption scales based on Diona's Max HP, and its duration scales off the number of Icy Paws that hit their target.

Press
Rapidly fires off 2 Icy Paws.

Hold
Dashes back quickly before firing 5 Icy Paws.
The shield created by a Hold attack will gain a 75% DMG Absorption Bonus.

The shield has a 250% Cryo DMG Absorption Bonus, and will cause your active character to become affected by Cryo at the point of formation for a short duration.",Talent Icy Paws.png,https://genshin-impact.fandom.com/wiki/Icy_Paws,https://genshin-impact.fandom.com/wiki/File%3ATalent_Icy_Paws.png,https://static.wikia.nocookie.net/gensin-impact/images/e/e9/Talent_Icy_Paws.png/revision/latest?cb=20210607090634,f10182cfcb17590f12804fa084c37dde95c2b192
1031_T02.png,downloaded,unknown,1031,迪奥娜,Diona,burst,combat3,Elemental Burst,元素爆发,Signature Mix,最烈特调,,,"抛出特别调制的冰酿烈调，造成冰元素范围伤害，并产生冰气酒雾领域。

冰气酒雾领域
·对其中的敌人持续造成冰元素伤害；
·为其中的角色持续恢复生命值。","Tosses out a special cold brew that deals AoE Cryo DMG and creates a Drunken Mist in an AoE.

Drunken Mist
·Deals continuous Cryo DMG to opponents within the AoE.
·Continuously regenerates the HP of characters within the AoE.",Talent Signature Mix.png,https://genshin-impact.fandom.com/wiki/Signature_Mix,https://genshin-impact.fandom.com/wiki/File%3ATalent_Signature_Mix.png,https://static.wikia.nocookie.net/gensin-impact/images/5/57/Talent_Signature_Mix.png/revision/latest?cb=20210607091851,82aa2d9deeddadaee23f30781373ce1cbe8d52d7
1031_T03.png,downloaded,unknown,1031,迪奥娜,Diona,passive,passive1,1st Ascension Passive,突破天赋1,Cat's Tail Secret Menu,猫尾隐藏菜单,,,处于猫爪冻冻的护盾保护下的角色，移动速度提升10%，体力消耗降低10%。,Characters shielded by Icy Paws have their Movement SPD increased by 10% and their Stamina Consumption decreased by 10%.,Talent Cat's Tail Secret Menu.png,https://genshin-impact.fandom.com/wiki/Cat%27s_Tail_Secret_Menu,https://genshin-impact.fandom.com/wiki/File%3ATalent_Cat%27s_Tail_Secret_Menu.png,https://static.wikia.nocookie.net/gensin-impact/images/c/cc/Talent_Cat%27s_Tail_Secret_Menu.png/revision/latest?cb=20210607085211,673e6772e6f511c320e91ac6c20c3144c43a54d4
1031_T04.png,skipped_existing,unknown,1031,迪奥娜,Diona,passive,passive2,4th Ascension Passive,突破天赋2,Drunkards' Farce,滑稽百出的醉相,,,敌人进入最烈特调的领域后的15秒内，攻击力降低10%。,Opponents who enter the AoE of Signature Mix have 10% decreased ATK for 15s.,Talent Drunkards' Farce.png,https://genshin-impact.fandom.com/wiki/Drunkards%27_Farce,https://genshin-impact.fandom.com/wiki/File%3ATalent_Drunkards%27_Farce.png,https://static.wikia.nocookie.net/gensin-impact/images/5/53/Talent_Drunkards%27_Farce.png/revision/latest?cb=20210607085728,4b4907780442078e7e8f8288a5c72632832a4c41
1031_T05.png,downloaded,unknown,1031,迪奥娜,Diona,passive,passive3,Utility Passive,探索天赋,Complimentary Bar Food,附赠的下酒菜,,,完美烹饪恢复类食物时，有12%概率获得2倍产出。,"When a Perfect Cooking is achieved on a dish with restorative effects, there is a 12% chance to obtain double the product.",Talent Complimentary Bar Food.png,https://genshin-impact.fandom.com/wiki/Complimentary_Bar_Food,https://genshin-impact.fandom.com/wiki/File%3ATalent_Complimentary_Bar_Food.png,https://static.wikia.nocookie.net/gensin-impact/images/d/da/Talent_Complimentary_Bar_Food.png/revision/latest?cb=20210607085350,49ca628ab21b789ba736ceb85596030ccb936282
1031_T06.png,downloaded,unknown,1031,迪奥娜,Diona,extra,,,,Choice Treasures,,,,,,Talent Choice Treasures.png,https://genshin-impact.fandom.com/wiki/Choice_Treasures,https://genshin-impact.fandom.com/wiki/File%3ATalent_Choice_Treasures.png,https://static.wikia.nocookie.net/gensin-impact/images/2/2b/Talent_Choice_Treasures.png/revision/latest?cb=20260704004317,1845ddfdd9871e1f611d8a40aa2ff1db76c38d61
1032_T01.png,downloaded,unknown,1032,钟离,Zhongli,skill,combat2,Elemental Skill,元素战技,Dominus Lapidis,地心,,,"山脉中、大地上、磐石间，都遍布着岩之力。能自如驱动这股力量的人却少之又少。

点按
命令大地上岩元素积聚而起，创造岩脊。

长按
令附近的岩元素爆发，造成以下效果：
·如果岩脊数量没有达到上限，则创造岩脊；
·形成玉璋护盾，伤害吸收量受益于钟离的生命值上限；
·造成岩元素范围伤害；
·身边如果有附带有岩元素的目标，则大量消耗至多两个目标的岩元素。这个效果不会造成伤害。

岩脊
创造时，造成岩元素范围伤害。
此外，存在期间会与周围的其他岩元素创造物间歇进行原岩共鸣，对周围的敌人造成岩元素伤害。
岩脊视为岩元素创造物，可以阻拦攻击，可以攀爬。
由钟离自己创造的岩脊，初始同时只能存在一个。

玉璋护盾
对所有元素伤害与物理伤害有150%的吸收效果。
处于玉璋护盾庇护下的角色，会使附近小范围内敌人的所有元素抗性与物理抗性降低20%，该效果不可叠加。","Every mountain, rock and inch of land is filled with the power of Geo, but those who can wield such powers freely are few and far between.

Press
Commands the power of earth to create a Stone Stele.

Hold
Causes nearby Geo energy to explode, causing the following effects:
·If their maximum number hasn't been reached, creates a Stone Stele.
·Creates a shield of jade. The shield's DMG Absorption scales based on Zhongli's Max HP.
·Deals AoE Geo DMG.
·If there are nearby targets with the Geo element, it will drain a large amount of Geo element from a maximum of 2 such targets. This effect does not cause DMG.

Stone Stele
When created, deals AoE Geo DMG.
Additionally, it will intermittently resonate with other nearby Geo constructs, dealing Geo DMG to nearby opponents.
The Stone Stele is considered a Geo construct that can both be climbed and used to block attacks.
Only one Stele created by Zhongli himself may initially exist at any one time.

Jade Shield
Possesses 150% DMG Absorption against all Elemental and Physical DMG.
Characters protected by the Jade Shield will decrease the Elemental RES and Physical RES of opponents in a small AoE by 20%. This effect cannot be stacked.",Talent Dominus Lapidis.png,https://genshin-impact.fandom.com/wiki/Dominus_Lapidis,https://genshin-impact.fandom.com/wiki/File%3ATalent_Dominus_Lapidis.png,https://static.wikia.nocookie.net/gensin-impact/images/9/93/Talent_Dominus_Lapidis.png/revision/latest?cb=20210607085632,6a30daf666e19bff7899ee30241cb05b17970d07
1032_T02.png,downloaded,unknown,1032,钟离,Zhongli,burst,combat3,Elemental Burst,元素爆发,Planet Befall,天星,,,"降下巨大的星岩，对坠落范围内的敌人造成巨额岩元素伤害，并使其石化。

石化
处于石化状态下的敌人无法行动。","Brings a falling meteor down to earth, dealing massive Geo DMG to opponents caught in its AoE and applying the Petrification status to them.

Petrification
Opponents affected by the Petrification status cannot move.",Talent Planet Befall.png,https://genshin-impact.fandom.com/wiki/Planet_Befall,https://genshin-impact.fandom.com/wiki/File%3ATalent_Planet_Befall.png,https://static.wikia.nocookie.net/gensin-impact/images/7/76/Talent_Planet_Befall.png/revision/latest?cb=20210607091312,8b3b30630c1480b0abd2304fe2b958bc4732ac6a
1032_T03.png,downloaded,unknown,1032,钟离,Zhongli,passive,passive1,1st Ascension Passive,突破天赋1,Resonant Waves,悬岩宸断,,,"玉璋护盾受到伤害时，会产生坚璧效果：
·处于玉璋护盾庇护下的角色，护盾强效提升5%；
·该效果至多叠加5次，持续直到玉璋护盾消失。","When the Jade Shield takes DMG, it will Fortify:
·Fortified characters have 5% increased Shield Strength.
Can stack up to 5 times, and lasts until the Jade Shield disappears.",Talent Resonant Waves.png,https://genshin-impact.fandom.com/wiki/Resonant_Waves,https://genshin-impact.fandom.com/wiki/File%3ATalent_Resonant_Waves.png,https://static.wikia.nocookie.net/gensin-impact/images/4/4f/Talent_Resonant_Waves.png/revision/latest?cb=20210607091531,3ff81a9710e477590c0e804857472bd90e51cd43
1032_T04.png,downloaded,unknown,1032,钟离,Zhongli,passive,passive2,4th Ascension Passive,突破天赋2,Dominance of Earth,炊金馔玉,,,"基于生命值上限，钟离的以下攻击造成的伤害提高：
·普通攻击、重击与下落攻击伤害提高值：生命值上限的1.39%
·地心的岩脊、共鸣伤害与长按伤害提高值：生命值上限的1.9%
·天星伤害提高值：生命值上限的33%","Zhongli deals bonus DMG based on his Max HP:
·Normal Attack, Charged Attack, and Plunging Attack DMG is increased by 1.39% of Max HP.
·Dominus Lapidis' Stone Stele, resonance, and hold DMG is increased by 1.9% of Max HP.
·Planet Befall's DMG is increased by 33% of Max HP.",Talent Dominance of Earth.png,https://genshin-impact.fandom.com/wiki/Dominance_of_Earth,https://genshin-impact.fandom.com/wiki/File%3ATalent_Dominance_of_Earth.png,https://static.wikia.nocookie.net/gensin-impact/images/f/ff/Talent_Dominance_of_Earth.png/revision/latest?cb=20210607085620,68e190569dac40c31ea8c13ce3b12d3075587405
1032_T05.png,downloaded,unknown,1032,钟离,Zhongli,passive,passive3,Utility Passive,探索天赋,Arcanum of Crystal,晶石命理,,,锻造长柄武器时，返还15%消耗的矿石。,Refunds 15% of the ore used when crafting Polearm-type weapons.,Talent Arcanum of Crystal.png,https://genshin-impact.fandom.com/wiki/Arcanum_of_Crystal,https://genshin-impact.fandom.com/wiki/File%3ATalent_Arcanum_of_Crystal.png,https://static.wikia.nocookie.net/gensin-impact/images/9/90/Talent_Arcanum_of_Crystal.png/revision/latest?cb=20210607084851,00701b2a896279f03944bab96d285d1985190d24
1033_T01.png,downloaded,unknown,1033,辛焱,Xinyan,skill,combat2,Elemental Skill,元素战技,Sweeping Fervor,热情拂扫,,,"辛焱挥动乐器，对周围的敌人造成火元素伤害，并借由「观众」的「热情」，形成护盾。
护盾的伤害吸收量受益于辛焱的防御力，并基于命中敌人的数目：
·未命中或命中一名敌人：一级护盾·散序节拍；
·命中二名敌人：二级护盾·歌头节拍；
·命中三名或更多敌人时，将产生三级护盾·舞遍节拍。除了吸收伤害，还会间歇性对周围的敌人造成火元素伤害。

护盾具有如下特性：
·施放的瞬间，为辛焱施加火元素附着；
·对火元素伤害有250%的吸收效果。","Xinyan brandishes her instrument, dealing Pyro DMG on nearby opponents, forming a shield made out of her audience's passion.
The shield's DMG Absorption scales based on Xinyan's DEF and on the number of opponents hit.
·Hitting 0–1 opponents grants Shield Level 1: Ad Lib.
·Hitting 2 opponents grants Shield Level 2: Lead-In.
·Hitting 3 or more opponents grants Shield Level 3: Rave, which will also deal intermittent Pyro DMG to nearby opponents.

The shield has the following special properties:
·When unleashed, it infuses Xinyan with Pyro.
·It has 250% DMG Absorption effectiveness against Pyro DMG.",Talent Sweeping Fervor.png,https://genshin-impact.fandom.com/wiki/Sweeping_Fervor,https://genshin-impact.fandom.com/wiki/File%3ATalent_Sweeping_Fervor.png,https://static.wikia.nocookie.net/gensin-impact/images/8/85/Talent_Sweeping_Fervor.png/revision/latest?cb=20210607092356,9be6e2279a610d45b17b0ec050c83fac2224b6f5
1033_T02.png,skipped_existing,unknown,1033,辛焱,Xinyan,burst,combat3,Elemental Burst,元素爆发,Riff Revolution,叛逆刮弦,,,"迅速扫弦引发音波，击退敌人，对周围的敌人造成物理伤害，激起「舞台」上的氛围。
因为氛围实在太过炙烈，所以会引起烈焰，对周围的敌人持续造成火元素伤害。","Strumming rapidly, Xinyan launches nearby opponents and deals Physical DMG to them, hyping up the crowd.
The sheer intensity of the atmosphere will cause explosions that deal Pyro DMG to nearby opponents.",Talent Riff Revolution.png,https://genshin-impact.fandom.com/wiki/Riff_Revolution,https://genshin-impact.fandom.com/wiki/File%3ATalent_Riff_Revolution.png,https://static.wikia.nocookie.net/gensin-impact/images/0/06/Talent_Riff_Revolution.png/revision/latest?cb=20210607091554,7b7db0372f56f0bb8b868ed636ca485d6e10b444
1033_T03.png,downloaded,unknown,1033,辛焱,Xinyan,passive,passive3,Utility Passive,探索天赋,A Rad Recipe,摇滚的食谱,,,完美烹饪防御类食物时，有12%概率获得2倍产出。,"When a Perfect Cooking is achieved on a DEF-boosting dish, Xinyan has a 12% chance to obtain double the product.",Talent A Rad Recipe.png,https://genshin-impact.fandom.com/wiki/A_Rad_Recipe,https://genshin-impact.fandom.com/wiki/File%3ATalent_A_Rad_Recipe.png,https://static.wikia.nocookie.net/gensin-impact/images/3/39/Talent_A_Rad_Recipe.png/revision/latest?cb=20210607085004,fe8e9ceeeafefc068fa72c8c3ce367611cf842e0
1034_T01.png,skipped_existing,unknown,1034,阿贝多,Albedo,skill,combat2,Elemental Skill,元素战技,Abiogenesis: Solar Isotoma,创生法·拟造阳华,,,"炼成阳华，造成岩元素范围伤害。

阳华
具有如下特性：
·以阳华为中心的领域中的敌人受到伤害时，阳华将会生成刹那之花，绽放造成岩元素范围伤害，伤害基于阿贝多的防御力。
·每2秒只能生成一次刹那之花。
·角色处在阳华上时，阳华将会凝聚岩元素的力量，形成将角色托起至一定高度的晶台。同时只能存在一个晶台。
·同时只能存在一个由阿贝多自己创造的阳华，视为岩元素创造物。

长按
可以调整技能生效位置。","Albedo creates a Solar Isotoma using alchemy, which deals AoE Geo DMG on appearance.

Solar Isotoma
has the following properties:
·When opponents within the Solar Isotoma field take DMG, the Solar Isotoma will generate Transient Blossoms which deal AoE Geo DMG. DMG dealt scales off Albedo's DEF. 
·Transient Blossoms can only be generated once every 2s.
·When a character is located at the locus of the Solar Isotoma, the Solar Isotoma will accumulate Geo power to form a crystallized platform that lifts the character up to a certain height. Only one crystallized platform can exist at a time.
·Solar Isotoma is considered a Geo construct. Only one Solar Isotoma created by Albedo himself can exist at a time. 

Hold to designate the location of the skill.",Talent Abiogenesis Solar Isotoma.png,https://genshin-impact.fandom.com/wiki/Abiogenesis_Solar_Isotoma,https://genshin-impact.fandom.com/wiki/File%3ATalent_Abiogenesis_Solar_Isotoma.png,https://static.wikia.nocookie.net/gensin-impact/images/0/0e/Talent_Abiogenesis_Solar_Isotoma.png/revision/latest?cb=20210607084738,47af090f5866905807ec10410382ecca3c327923
1034_T02.png,downloaded,unknown,1034,阿贝多,Albedo,burst,combat3,Elemental Burst,元素爆发,Rite of Progeniture: Tectonic Tide,诞生式·大地之潮,,,"岩晶在阿贝多的指示下涌动爆发，在阿贝多前方造成岩元素范围伤害。
场上存在阿贝多自己创造的阳华时，会在阳华的领域内生成7朵生灭之花，猛烈绽放并造成岩元素范围伤害。

爆发伤害与生灭之花的伤害不会生成刹那之花。","Under Albedo's command, Geo crystals surge and burst forth, dealing AoE Geo DMG in front of him.
If a Solar Isotoma created by Albedo himself is on the field, 7 Fatal Blossoms will be generated in the Solar Isotoma field, bursting violently into bloom and dealing AoE Geo DMG.

Tectonic Tide DMG and Fatal Blossom DMG will not generate Transient Blossoms.",Talent Rite of Progeniture Tectonic Tide.png,https://genshin-impact.fandom.com/wiki/Rite_of_Progeniture_Tectonic_Tide,https://genshin-impact.fandom.com/wiki/File%3ATalent_Rite_of_Progeniture_Tectonic_Tide.png,https://static.wikia.nocookie.net/gensin-impact/images/0/0a/Talent_Rite_of_Progeniture_Tectonic_Tide.png/revision/latest?cb=20210607091640,20f071b7e2673d1d7a168a47817a3a8b5b5a8306
1034_T03.png,skipped_existing,unknown,1034,阿贝多,Albedo,passive,passive1,1st Ascension Passive,突破天赋1,Calcite Might,白垩色的威压,,,创生法·拟造阳华的刹那之花对生命值低于50%的敌人造成的伤害提高25%。,Transient Blossoms generated by Abiogenesis: Solar Isotoma deal 25% more DMG to opponents whose HP is below 50%.,Talent Calcite Might.png,https://genshin-impact.fandom.com/wiki/Calcite_Might,https://genshin-impact.fandom.com/wiki/File%3ATalent_Calcite_Might.png,https://static.wikia.nocookie.net/gensin-impact/images/5/56/Talent_Calcite_Might.png/revision/latest?cb=20210607085200,0b3dc103e93825c1c9394499bead1559f3e6d867
1034_T04.png,downloaded,unknown,1034,阿贝多,Albedo,passive,passive2,4th Ascension Passive,突破天赋2,Homuncular Nature,瓶中人的天慧,,,施放诞生式·大地之潮时，使附近的队伍中角色的元素精通提高125点，持续10秒。,Using Rite of Progeniture: Tectonic Tide increases the Elemental Mastery of nearby party members by 125 for 10s.,Talent Homuncular Nature.png,https://genshin-impact.fandom.com/wiki/Homuncular_Nature,https://genshin-impact.fandom.com/wiki/File%3ATalent_Homuncular_Nature.png,https://static.wikia.nocookie.net/gensin-impact/images/8/80/Talent_Homuncular_Nature.png/revision/latest?cb=20210607090549,e8bb21ec8b79acf14ff640f239e1225d3f0d23f5
1034_T05.png,downloaded,unknown,1034,阿贝多,Albedo,extra,,,,Book of Blinding Light,,,,,,Talent Book of Blinding Light.png,https://genshin-impact.fandom.com/wiki/Book_of_Blinding_Light,https://genshin-impact.fandom.com/wiki/File%3ATalent_Book_of_Blinding_Light.png,https://static.wikia.nocookie.net/gensin-impact/images/7/70/Talent_Book_of_Blinding_Light.png/revision/latest?cb=20251204235713,bd39b3c77ed3ee232365c2639a5081eaa83b6905
1034_T06.png,downloaded,unknown,1034,阿贝多,Albedo,extra,,,,Flash of Genius (Albedo),,,,,,Talent Flash of Genius (Albedo).png,https://genshin-impact.fandom.com/wiki/Flash_of_Genius_%28Albedo%29,https://genshin-impact.fandom.com/wiki/File%3ATalent_Flash_of_Genius_%28Albedo%29.png,https://static.wikia.nocookie.net/gensin-impact/images/3/32/Talent_Flash_of_Genius_%28Albedo%29.png/revision/latest?cb=20210607090017,497145019a6b8e09efc27f3827cd5ffd94219b52
1035_T01.png,downloaded,unknown,1035,甘雨,Ganyu,skill,combat2,Elemental Skill,元素战技,Trail of the Qilin,山泽麟迹,,,"甘雨留下一朵冰莲并迅速后退，远离一切魑魅魍魉，造成冰元素范围伤害。

冰莲
·持续嘲讽周围的敌人，吸引敌人攻击；
·耐久度按比例继承甘雨的生命值上限；
·被摧毁或持续时间结束时，会剧烈地绽放，造成冰元素范围伤害。","Leaving a single Ice Lotus behind, Ganyu dashes backward, shunning all impurity and dealing AoE Cryo DMG.

Ice Lotus
·Continuously taunts surrounding opponents, attracting them to attack it.
·Endurance scales based on Ganyu's Max HP.
·Blooms profusely when destroyed or once its duration ends, dealing AoE Cryo DMG.",Talent Trail of the Qilin.png,https://genshin-impact.fandom.com/wiki/Trail_of_the_Qilin,https://genshin-impact.fandom.com/wiki/File%3ATalent_Trail_of_the_Qilin.png,https://static.wikia.nocookie.net/gensin-impact/images/d/d1/Talent_Trail_of_the_Qilin.png/revision/latest?cb=20210607092540,9dcf6c045727437a6b43a43f2855ad761819893d
1035_T02.png,downloaded,unknown,1035,甘雨,Ganyu,burst,combat3,Elemental Burst,元素爆发,Celestial Shower,降众天华,,,"凝聚大气中的霜雪，召唤退魔的冰灵珠。
存在期间内，冰灵珠会持续降下冰棱，攻击范围内的敌人，造成冰元素伤害。","Coalesces atmospheric frost and snow to summon a Sacred Cryo Pearl that exorcises evil.
During its ability duration, the Sacred Cryo Pearl will continuously rain down shards of ice, striking opponents within an AoE and dealing Cryo DMG.",Talent Celestial Shower.png,https://genshin-impact.fandom.com/wiki/Celestial_Shower,https://genshin-impact.fandom.com/wiki/File%3ATalent_Celestial_Shower.png,https://static.wikia.nocookie.net/gensin-impact/images/4/47/Talent_Celestial_Shower.png/revision/latest?cb=20210607085235,75b3e345e1d81dcbcf0bd30a7762ed54f5ba77d7
1035_T03.png,downloaded,unknown,1035,甘雨,Ganyu,passive,passive1,1st Ascension Passive,突破天赋1,Undivided Heart,唯此一心,,,霜华矢发射后的5秒内，会使接下来的发射的霜华矢与这些霜华矢引发的霜华绽发的暴击率提高20%。,"After firing a Frostflake Arrow, the CRIT Rate of subsequent Frostflake Arrows and their resulting bloom effects is increased by 20% for 5s.",Talent Undivided Heart.png,https://genshin-impact.fandom.com/wiki/Undivided_Heart,https://genshin-impact.fandom.com/wiki/File%3ATalent_Undivided_Heart.png,https://static.wikia.nocookie.net/gensin-impact/images/a/a3/Talent_Undivided_Heart.png/revision/latest?cb=20210607092620,723499dfb321f5d1cfd7b6bbc3610a5e1d611f5e
1035_T04.png,downloaded,unknown,1035,甘雨,Ganyu,passive,passive2,4th Ascension Passive,突破天赋2,Harmony Between Heaven and Earth,天地交泰,,,降众天华领域内的队伍中当前场上角色获得20%冰元素伤害加成。,Celestial Shower grants a 20% Cryo DMG Bonus to active party members in the AoE.,Talent Harmony between Heaven and Earth.png,https://genshin-impact.fandom.com/wiki/Harmony_between_Heaven_and_Earth,https://genshin-impact.fandom.com/wiki/File%3ATalent_Harmony_between_Heaven_and_Earth.png,https://static.wikia.nocookie.net/gensin-impact/images/d/d4/Talent_Harmony_between_Heaven_and_Earth.png/revision/latest?cb=20210607090516,b72ef7278009c963a6280942794b1a311e8dfcd9
1035_T05.png,downloaded,unknown,1035,甘雨,Ganyu,passive,passive3,Utility Passive,探索天赋,Preserved for the Hunt,藏弓待用,,,锻造弓类武器时，返还15%消耗的矿石。,Refunds 15% of the ore used when crafting Bow-type weapons.,Talent Preserved for the Hunt.png,https://genshin-impact.fandom.com/wiki/Preserved_for_the_Hunt,https://genshin-impact.fandom.com/wiki/File%3ATalent_Preserved_for_the_Hunt.png,https://static.wikia.nocookie.net/gensin-impact/images/c/cf/Talent_Preserved_for_the_Hunt.png/revision/latest?cb=20210607091350,da14f0d4c173857a2c0ff461914a3027e4b659a6
1036_T01.png,downloaded,unknown,1036,魈,Xiao,skill,combat2,Elemental Skill,元素战技,Lemniscatic Wind Cycling,风轮两立,,,"疾速突进，对路径上的敌人造成风元素伤害。
可以在空中施放。
初始拥有2次可使用次数。","Xiao lunges forward, dealing Anemo DMG to opponents in his path.
Can be used in mid-air.
Starts with 2 charges.",Talent Lemniscatic Wind Cycling.png,https://genshin-impact.fandom.com/wiki/Lemniscatic_Wind_Cycling,https://genshin-impact.fandom.com/wiki/File%3ATalent_Lemniscatic_Wind_Cycling.png,https://static.wikia.nocookie.net/gensin-impact/images/d/da/Talent_Lemniscatic_Wind_Cycling.png/revision/latest?cb=20210607090826,70864096e6a3bf81e63ef044d246f3f4dd361053
1036_T02.png,downloaded,unknown,1036,魈,Xiao,burst,combat3,Elemental Burst,元素爆发,Bane of All Evil,靖妖傩舞,,,"展现数千年前令神魔精妖睹之胆颤的夜叉傩面。

夜叉傩面
·大幅提升魈的跳跃能力；
·提高攻击范围与攻击伤害；
·将攻击伤害转为风元素伤害，该元素转化无法被附魔覆盖。

在这个状态下，魈会持续损失生命值。
效果将在魈退场时解除。","Xiao dons the Yaksha Mask that set gods and demons trembling millennia ago.

Yaksha's Mask
·Greatly increases Xiao's jumping ability.
·Increases his attack AoE and attack DMG.
·Converts attack DMG into Anemo DMG, which cannot be overridden by any other elemental infusion.

In this state, Xiao will continuously lose HP.
The effects of this skill end when Xiao leaves the field.",Talent Bane of All Evil.png,https://genshin-impact.fandom.com/wiki/Bane_of_All_Evil,https://genshin-impact.fandom.com/wiki/File%3ATalent_Bane_of_All_Evil.png,https://static.wikia.nocookie.net/gensin-impact/images/2/2f/Talent_Bane_of_All_Evil.png/revision/latest?cb=20210607085029,dc70a5116be683e4b62f4881b41ecd5af7659d62
1036_T03.png,downloaded,unknown,1036,魈,Xiao,passive,passive1,1st Ascension Passive,突破天赋1,Conqueror of Evil: Tamer of Demons,降魔·平妖大圣,,,"在靖妖傩舞状态下，魈造成的所有伤害提高5%。此后，在技能持续时间内，每经过3秒，造成的伤害再额外提高5%。
至多获得25%伤害加成。","While under the effects of Bane of All Evil, all DMG dealt by Xiao increases by 5%. DMG increases by a further 5% for every 3s the ability persists.
The maximum DMG Bonus is 25%.",Talent Conqueror of Evil Tamer of Demons.png,https://genshin-impact.fandom.com/wiki/Conqueror_of_Evil_Tamer_of_Demons,https://genshin-impact.fandom.com/wiki/File%3ATalent_Conqueror_of_Evil_Tamer_of_Demons.png,https://static.wikia.nocookie.net/gensin-impact/images/d/df/Talent_Conqueror_of_Evil_Tamer_of_Demons.png/revision/latest?cb=20210607085402,c86c88a06cf7a2f2205b4e481a260cb92fe59aec
1036_T04.png,downloaded,unknown,1036,魈,Xiao,passive,passive2,4th Ascension Passive,突破天赋2,Dissolution Eon: Heaven Fall,坏劫·国土碾尘,,,"施放风轮两立会使之后7秒内的风轮两立造成的伤害提高15%。
该效果持续7秒，最多叠加3次，叠加时刷新持续时间。","Using Lemniscatic Wind Cycling increases the DMG of subsequent uses of Lemniscatic Wind Cycling by 15%.
This effect lasts for 7s, and has a maximum of 3 stacks. Gaining a new stack refreshes the effect's duration.",Talent Dissolution Eon Heaven Fall.png,https://genshin-impact.fandom.com/wiki/Dissolution_Eon_Heaven_Fall,https://genshin-impact.fandom.com/wiki/File%3ATalent_Dissolution_Eon_Heaven_Fall.png,https://static.wikia.nocookie.net/gensin-impact/images/d/d8/Talent_Dissolution_Eon_Heaven_Fall.png/revision/latest?cb=20210607085556,c351c42adde4b7bae1472724bb86e7d4d5603d71
1036_T05.png,downloaded,unknown,1036,魈,Xiao,passive,passive3,Utility Passive,探索天赋,Transcension: Gravity Defier,神通·空中自在法,,,"队伍中自己的角色攀爬消耗的体力降低20%。
无法与效果完全相同的固有天赋叠加。","Decreases climbing Stamina consumption for your own party members by 20%.
Not stackable with Passive Talents that provide the exact same effects.",Talent Transcension Gravity Defier.png,https://genshin-impact.fandom.com/wiki/Transcension_Gravity_Defier,https://genshin-impact.fandom.com/wiki/File%3ATalent_Transcension_Gravity_Defier.png,https://static.wikia.nocookie.net/gensin-impact/images/4/46/Talent_Transcension_Gravity_Defier.png/revision/latest?cb=20210607092553,e7060db5d5d4bec297f9ecc15d5a0a4b45a55be5
1036_T06.png,downloaded,unknown,1036,魈,Xiao,extra,,,,Bane of All Evil Old CBT2,,,,,,Talent Bane of All Evil Old CBT2.png,https://genshin-impact.fandom.com/wiki/Bane_of_All_Evil_Old_CBT2,https://genshin-impact.fandom.com/wiki/File%3ATalent_Bane_of_All_Evil_Old_CBT2.png,https://static.wikia.nocookie.net/gensin-impact/images/8/8e/Talent_Bane_of_All_Evil_Old_CBT2.png/revision/latest?cb=20210404001424,69d47c98e4ddc7d00674503644e700b26bd4a618
1036_T07.png,downloaded,unknown,1036,魈,Xiao,extra,,,,Evil Conqueror - Ode to Windborne Wraith,,,,,,Talent Evil Conqueror - Ode to Windborne Wraith.png,https://genshin-impact.fandom.com/wiki/Evil_Conqueror_-_Ode_to_Windborne_Wraith,https://genshin-impact.fandom.com/wiki/File%3ATalent_Evil_Conqueror_-_Ode_to_Windborne_Wraith.png,https://static.wikia.nocookie.net/gensin-impact/images/8/8c/Talent_Evil_Conqueror_-_Ode_to_Windborne_Wraith.png/revision/latest?cb=20200530015253,ccb178b6e8b6cdbecaae641bc3cc25074639f5ce
1036_T08.png,downloaded,unknown,1036,魈,Xiao,extra,,,,Evil Conqueror - Tamer of Demons CBT2,,,,,,Talent Evil Conqueror - Tamer of Demons CBT2.png,https://genshin-impact.fandom.com/wiki/Evil_Conqueror_-_Tamer_of_Demons_CBT2,https://genshin-impact.fandom.com/wiki/File%3ATalent_Evil_Conqueror_-_Tamer_of_Demons_CBT2.png,https://static.wikia.nocookie.net/gensin-impact/images/1/18/Talent_Evil_Conqueror_-_Tamer_of_Demons_CBT2.png/revision/latest?cb=20210404001631,2a444c5e15bfa4c8e583991524a7b688daaeca0a
1036_T09.png,downloaded,unknown,1036,魈,Xiao,extra,,,,Lemniscatic Wind Cycling Old CBT2,,,,,,Talent Lemniscatic Wind Cycling Old CBT2.png,https://genshin-impact.fandom.com/wiki/Lemniscatic_Wind_Cycling_Old_CBT2,https://genshin-impact.fandom.com/wiki/File%3ATalent_Lemniscatic_Wind_Cycling_Old_CBT2.png,https://static.wikia.nocookie.net/gensin-impact/images/a/ab/Talent_Lemniscatic_Wind_Cycling_Old_CBT2.png/revision/latest?cb=20210404001142,25d773734935cc73a5ab85c6d632670100bbe95f
1036_T10.png,downloaded,unknown,1036,魈,Xiao,extra,,,,Transcension Gravity Defier Old,,,,,,Talent Transcension Gravity Defier Old.png,https://genshin-impact.fandom.com/wiki/Transcension_Gravity_Defier_Old,https://genshin-impact.fandom.com/wiki/File%3ATalent_Transcension_Gravity_Defier_Old.png,https://static.wikia.nocookie.net/gensin-impact/images/c/ce/Talent_Transcension_Gravity_Defier_Old.png/revision/latest?cb=20210404000339,e6e72e3c035a1844ea88eedd3e72dcec33e1286d
1037_T01.png,downloaded,unknown,1037,胡桃,Hu Tao,skill,combat2,Elemental Skill,元素战技,Guide to Afterlife,蝶引来生,,,"只有永不间断的烈焰可以洗净世间的不净之物。
胡桃消耗一部分生命值，击退周围敌人，进入彼岸蝶舞状态。

彼岸蝶舞
·基于进入该状态时胡桃的生命值上限，提高胡桃的攻击力。通过这种方式获得的攻击力提升，不能超过胡桃基础攻击力的400%；
·将攻击伤害转为火元素伤害，该元素转化无法被附魔覆盖；
·重击会为命中的敌人施加血梅香效果；
·提高胡桃的抗打断能力。

血梅香
处于血梅香状态下的敌人，每4秒会受到一次火元素伤害。这个伤害视为元素战技伤害。
同一个目标身上只能存在一个血梅香效果，且只能被胡桃自己刷新持续时间。

彼岸蝶舞将在持续时间结束、胡桃下场或倒下时解除。","Only an unwavering flame can cleanse the impurities of this world.
Hu Tao consumes a set portion of her HP to knock the surrounding enemies back and enter the Paramita Papilio state.

Paramita Papilio
·Increases Hu Tao's ATK based on her Max HP at the time of entering this state. ATK Bonus gained this way cannot exceed 400% of Hu Tao's Base ATK.
·Converts attack DMG to Pyro DMG, which cannot be overridden by any other elemental infusion.
·Charged Attacks apply the Blood Blossom effect to the enemies hit.
·Increases Hu Tao's resistance to interruption.

Blood Blossom
Enemies affected by Blood Blossom will take Pyro DMG every 4s. This DMG is considered Elemental Skill DMG.
Each enemy can be affected by only one Blood Blossom effect at a time, and its duration may only be refreshed by Hu Tao herself.

Paramita Papilio ends when its duration is over, or Hu Tao has left the battlefield or fallen.",Talent Guide to Afterlife.png,https://genshin-impact.fandom.com/wiki/Guide_to_Afterlife,https://genshin-impact.fandom.com/wiki/File%3ATalent_Guide_to_Afterlife.png,https://static.wikia.nocookie.net/gensin-impact/images/b/be/Talent_Guide_to_Afterlife.png/revision/latest?cb=20210607114520,ecdeca271c70819a5df8cee1490f643b4610eb6d
1037_T02.png,downloaded,unknown,1037,胡桃,Hu Tao,burst,combat3,Elemental Burst,元素爆发,Spirit Soother,安神秘法,,,"挥动炽热的魂灵，造成大范围火元素伤害。
命中敌人时，基于胡桃的生命值上限，恢复胡桃的生命值。这个效果最多对5个命中的敌人生效。
如果技能命中时胡桃的生命值低于或等于50%，则造成更高的伤害与治疗量。","Commands a blazing spirit to attack, dealing Pyro DMG in a large AoE.
Upon striking the enemy, regenerates a percentage of Hu Tao's Max HP. This effect can be triggered up to 5 times, based on the number of enemies hit.
If Hu Tao's HP is below or equal to 50% when the enemy is hit, both the DMG and HP Regeneration are increased.",Talent Spirit Soother.png,https://genshin-impact.fandom.com/wiki/Spirit_Soother,https://genshin-impact.fandom.com/wiki/File%3ATalent_Spirit_Soother.png,https://static.wikia.nocookie.net/gensin-impact/images/1/11/Talent_Spirit_Soother.png/revision/latest?cb=20210607114541,989d4437226793999966ff422c7593b9822f2baa
1037_T03.png,downloaded,unknown,1037,胡桃,Hu Tao,passive,passive1,1st Ascension Passive,突破天赋1,Flutter By,蝶隐之时,,,蝶引来生施加的彼岸蝶舞状态结束后，队伍中所有角色（不包括胡桃自己）的暴击率提高12%，持续8秒。,"When a Paramita Papilio state activated by Guide to Afterlife ends, all allies in the party (excluding Hu Tao herself) will have their CRIT Rate increased by 12% for 8s.",Talent Flutter By.png,https://genshin-impact.fandom.com/wiki/Flutter_By,https://genshin-impact.fandom.com/wiki/File%3ATalent_Flutter_By.png,https://static.wikia.nocookie.net/gensin-impact/images/1/13/Talent_Flutter_By.png/revision/latest?cb=20210607114510,0b1280ff539329f5b7ea6a11ea47bb3881cc95dd
1037_T04.png,downloaded,unknown,1037,胡桃,Hu Tao,passive,passive2,4th Ascension Passive,突破天赋2,Sanguine Rouge,血之灶火,,,胡桃的生命值低于或等于50%时，获得33%火元素伤害加成。,"When Hu Tao's HP is equal to or less than 50%, her Pyro DMG Bonus is increased by 33%.",Talent Sanguine Rouge.png,https://genshin-impact.fandom.com/wiki/Sanguine_Rouge,https://genshin-impact.fandom.com/wiki/File%3ATalent_Sanguine_Rouge.png,https://static.wikia.nocookie.net/gensin-impact/images/2/24/Talent_Sanguine_Rouge.png/revision/latest?cb=20210607114527,9fd17957b7e773232d40928116029b32496175df
1037_T05.png,skipped_existing,unknown,1037,胡桃,Hu Tao,passive,passive3,Utility Passive,探索天赋,The More the Merrier,多多益善,,,完美烹饪食物时，有18%概率额外获得一个「奇怪的」品质的同种料理。,"When Hu Tao cooks a dish perfectly, she has an 18% chance to receive an additional ""Suspicious"" dish of the same type.",Talent The More the Merrier.png,https://genshin-impact.fandom.com/wiki/The_More_the_Merrier,https://genshin-impact.fandom.com/wiki/File%3ATalent_The_More_the_Merrier.png,https://static.wikia.nocookie.net/gensin-impact/images/6/68/Talent_The_More_the_Merrier.png/revision/latest?cb=20210607114548,3a48f1288bf24efa779fb951618a1c0f3df03cc2
1038_T01.png,downloaded,unknown,1038,罗莎莉亚,Rosaria,skill,combat2,Elemental Skill,元素战技,Ravaging Confession,噬罪的告解,,,"罗莎莉亚快速移动至目标敌人身后，进行长枪穿刺与挥砍，造成冰元素伤害。
无法通过施放时的快速移动，转移至体型较大的敌人身后。","Rosaria swiftly shifts her position to appear behind her opponent, then stabs and slashes them with her polearm, dealing Cryo DMG.
This ability cannot be used to travel behind opponents of a larger build.",Talent Ravaging Confession.png,https://genshin-impact.fandom.com/wiki/Ravaging_Confession,https://genshin-impact.fandom.com/wiki/File%3ATalent_Ravaging_Confession.png,https://static.wikia.nocookie.net/gensin-impact/images/c/ce/Talent_Ravaging_Confession.png/revision/latest?cb=20210607091447,ce43fb2c7b102635ddfe813604a7e0eb8cc64d98
1038_T02.png,downloaded,unknown,1038,罗莎莉亚,Rosaria,burst,combat3,Elemental Burst,元素爆发,Rites of Termination,终命的圣礼,,,"这是罗莎莉亚专属的领祷仪式。挥舞武器扫击身边的敌人后，凝聚极寒的冰枪击向地面，分别造成冰元素伤害。
冰枪在存在期间内，会间歇性释放寒气，对附近的敌人造成冰元素伤害。","Rosaria's unique take on this prayer ritual: First, she swings her weapon to slash surrounding opponents; then, she summons a frigid Ice Lance that strikes the ground. Both actions deal Cryo DMG.
While active, the Ice Lance periodically releases a blast of cold air, dealing Cryo DMG to surrounding opponents.",Talent Rites of Termination.png,https://genshin-impact.fandom.com/wiki/Rites_of_Termination,https://genshin-impact.fandom.com/wiki/File%3ATalent_Rites_of_Termination.png,https://static.wikia.nocookie.net/gensin-impact/images/2/26/Talent_Rites_of_Termination.png/revision/latest?cb=20210607091629,b1cda761618ae21db8590f245924188f2fca4100
1038_T03.png,skipped_existing,unknown,1038,罗莎莉亚,Rosaria,passive,passive1,1st Ascension Passive,突破天赋1,Regina Probationum,聆听忏悔的幽影,,,噬罪的告解从技能目标的背后攻击时，罗莎莉亚的暴击率提升12%，持续5秒。,"When Rosaria strikes an opponent from behind using Ravaging Confession, Rosaria's CRIT Rate increases by 12% for 5s.",Talent Regina Probationum.png,https://genshin-impact.fandom.com/wiki/Regina_Probationum,https://genshin-impact.fandom.com/wiki/File%3ATalent_Regina_Probationum.png,https://static.wikia.nocookie.net/gensin-impact/images/e/e3/Talent_Regina_Probationum.png/revision/latest?cb=20210607091457,10cd1d4c4df0d6678fbfc4931fb474e657088de7
1038_T04.png,downloaded,unknown,1038,罗莎莉亚,Rosaria,passive,passive2,4th Ascension Passive,突破天赋2,Shadow Samaritan,暗中支援的黯色,,,"施放终命的圣礼时，基于自身暴击率的15%，提高附近的队伍中所有角色（不包括罗莎莉亚自己）的暴击率，持续10秒。
通过这种方式获得的暴击率提升，无法超过15%。","Casting Rites of Termination increases CRIT Rate of all nearby party members (except Rosaria herself) by 15% of Rosaria's CRIT Rate for 10s.
CRIT Rate Bonus gained this way cannot exceed 15%.",Talent Shadow Samaritan.png,https://genshin-impact.fandom.com/wiki/Shadow_Samaritan,https://genshin-impact.fandom.com/wiki/File%3ATalent_Shadow_Samaritan.png,https://static.wikia.nocookie.net/gensin-impact/images/5/53/Talent_Shadow_Samaritan.png/revision/latest?cb=20210607091802,93f6700f408de6bdafb6ad56d7d6b5398ae94739
1038_T05.png,downloaded,unknown,1038,罗莎莉亚,Rosaria,passive,passive3,Utility Passive,探索天赋,Night Walk,夜行,,,"在夜间（18时至6时），队伍中自己的角色获得迅行效果：移动速度提高10%。
该效果在秘境、征讨领域、深境螺旋中无效，迅行效果无法叠加。","At night (18:00 – 06:00), your party members gain the Swift Stride effect: Movement SPD increased by 10%.
Does not take effect in Domains, Trounce Domains, or Spiral Abyss. Swift Stride does not stack.",Talent Night Walk.png,https://genshin-impact.fandom.com/wiki/Night_Walk,https://genshin-impact.fandom.com/wiki/File%3ATalent_Night_Walk.png,https://static.wikia.nocookie.net/gensin-impact/images/c/c8/Talent_Night_Walk.png/revision/latest?cb=20210607091209,30b1f17b0db9ac908cf4a54eb6f8c4ce8806f2de
1039_T01.png,downloaded,unknown,1039,烟绯,Yanfei,skill,combat2,Elemental Skill,元素战技,Signed Edict,丹书立约,,,"唤出烈焰，造成火元素范围伤害。
命中敌人后，会为烟绯赋予最大数量的丹火印。","Summons blistering flames that deal AoE Pyro DMG.
Opponents hit by the flames will grant Yanfei the maximum number of Scarlet Seals.",Talent Signed Edict.png,https://genshin-impact.fandom.com/wiki/Signed_Edict,https://genshin-impact.fandom.com/wiki/File%3ATalent_Signed_Edict.png,https://static.wikia.nocookie.net/gensin-impact/images/a/a3/Talent_Signed_Edict.png/revision/latest?cb=20210607091902,97683e92c7cc781ae7f1bd290300b340e6788422
1039_T02.png,skipped_existing,unknown,1039,烟绯,Yanfei,burst,combat3,Elemental Burst,元素爆发,Done Deal,凭此结契,,,"引发喷薄爆发的烈火，冲击周围的敌人，造成火元素范围伤害，并为烟绯自己赋予最大数量的丹火印与灼灼效果。

灼灼
具有如下效果：
·每间隔一段时间，为烟绯赋予一枚丹火印；
·提高重击造成的伤害。
灼灼效果会在烟绯退场与倒下时移除。","Triggers a spray of intense flames that rush at nearby opponents, dealing AoE Pyro DMG, granting Yanfei the maximum number of Scarlet Seals, and applying Brilliance to her.

Brilliance
Has the following effects:
·Grants Yanfei a Scarlet Seal at fixed intervals.
·Increases the DMG dealt by her Charged Attacks.
The effects of Brilliance will end if Yanfei leaves the field or falls in battle.",Talent Done Deal.png,https://genshin-impact.fandom.com/wiki/Done_Deal,https://genshin-impact.fandom.com/wiki/File%3ATalent_Done_Deal.png,https://static.wikia.nocookie.net/gensin-impact/images/9/96/Talent_Done_Deal.png/revision/latest?cb=20210607085647,eba9f91b3f6ab9ff383704a489e3c218ed681e5f
1039_T03.png,downloaded,unknown,1039,烟绯,Yanfei,passive,passive1,1st Ascension Passive,突破天赋1,Proviso,关联条款,,,烟绯通过重击消耗丹火印时，每枚丹火印会提升烟绯5%的火元素伤害加成，持续6秒。在该效果的持续时间内再次施放重击时，会先移除原有的效果。,"When Yanfei consumes Scarlet Seals by using a Charged Attack, each Scarlet Seal will increase Yanfei's Pyro DMG Bonus by 5%. This effect lasts for 6s. When a Charged Attack is used again during the effect's duration, it will dispel the previous effect.",Talent Proviso.png,https://genshin-impact.fandom.com/wiki/Proviso,https://genshin-impact.fandom.com/wiki/File%3ATalent_Proviso.png,https://static.wikia.nocookie.net/gensin-impact/images/7/73/Talent_Proviso.png/revision/latest?cb=20210607091414,9f303157a6362ed6e073c5321d6be2d064eaee28
1039_T04.png,downloaded,unknown,1039,烟绯,Yanfei,passive,passive2,4th Ascension Passive,突破天赋2,Blazing Eye,法兽灼眼,,,烟绯主动施放的重击对敌人造成暴击时，会额外造成一次80%攻击力的火元素范围伤害。该伤害视为重击伤害。,"When Yanfei's Charged Attack deals a CRIT Hit to opponents, she will deal an additional instance of AoE Pyro DMG equal to 80% of her ATK. This DMG counts as Charged Attack DMG.",Talent Blazing Eye.png,https://genshin-impact.fandom.com/wiki/Blazing_Eye,https://genshin-impact.fandom.com/wiki/File%3ATalent_Blazing_Eye.png,https://static.wikia.nocookie.net/gensin-impact/images/1/19/Talent_Blazing_Eye.png/revision/latest?cb=20210607085107,97221cb3bed665ea118ef45bde3d34c9852d924f
1039_T05.png,downloaded,unknown,1039,烟绯,Yanfei,passive,passive3,Utility Passive,探索天赋,Encyclopedic Expertise,博闻强记,,,在小地图上显示周围的璃月区域特产的位置。,Displays the location of nearby resources unique to Liyue on the mini-map.,Talent Encyclopedic Expertise.png,https://genshin-impact.fandom.com/wiki/Encyclopedic_Expertise,https://genshin-impact.fandom.com/wiki/File%3ATalent_Encyclopedic_Expertise.png,https://static.wikia.nocookie.net/gensin-impact/images/0/08/Talent_Encyclopedic_Expertise.png/revision/latest?cb=20210607085800,57b0a0e610408753f973d0c28d44247c982b0465
1040_T01.png,downloaded,unknown,1040,优菈,Eula,skill,combat2,Elemental Skill,元素战技,Icetide Vortex,冰潮的涡旋,,,"极寒的冰气、迅捷的剑舞。

点按
快速挥斩，造成冰元素伤害。
命中敌人时，优菈自己获得一层冷酷之心效果，最多叠加2次，每0.3秒内只能触发1次。

冷酷之心
提高优菈的抗打断能力和防御力。

长按
消耗所有的冷酷之心效果，并挥舞大剑向前挥砍，对前方的敌人造成冰元素范围伤害。
若消耗了冷酷之心效果，会使身边的敌人的物理抗性与冰元素抗性降低。
每一层被消耗的冷酷之心会转化为一柄冰涡之剑，对附近的敌人造成冰元素伤害。","Sharp frost, swift blade.

Press
Slashes swiftly, dealing Cryo DMG.
When it hits an opponent, Eula gains a stack of Grimheart that stacks up to 2 times. These stacks can only be gained once every 0.3s.

Grimheart
Increases Eula's resistance to interruption and DEF.

Hold
Wielding her sword, Eula consumes all the stacks of Grimheart and lashes forward, dealing AoE Cryo DMG to opponents in front of her.
If Grimheart stacks are consumed, surrounding opponents will have their Physical RES and Cryo RES decreased.
Each consumed stack of Grimheart will be converted into an Icewhirl Brand that deals Cryo DMG to nearby opponents.",Talent Icetide Vortex.png,https://genshin-impact.fandom.com/wiki/Icetide_Vortex,https://genshin-impact.fandom.com/wiki/File%3ATalent_Icetide_Vortex.png,https://static.wikia.nocookie.net/gensin-impact/images/a/ae/Talent_Icetide_Vortex.png/revision/latest?cb=20210607090623,901847d364ecdcf875f55c4a537efd67114e0687
1040_T02.png,skipped_existing,unknown,1040,优菈,Eula,burst,combat3,Elemental Burst,元素爆发,Glacial Illumination,凝浪之光剑,,,"猛烈挥舞大剑，对周围的敌人造成冰元素伤害，并创造一柄跟随自己，至多持续存在7秒的光降之剑。
在持续期间内，光降之剑会提高优菈自己的抗打断能力，并在优菈自己的普通攻击、元素战技或元素爆发对敌人造成伤害时，为光降之剑积蓄能量。每0.1秒只能积攒一层能量。
持续时间结束后，光降之剑会降下并猛烈爆发，对周围的敌人造成物理伤害。
此伤害受益于光降之剑积蓄的能量层数。
优菈退场时，光降之剑会立即爆发。","Brandishes her greatsword, dealing Cryo DMG to nearby opponents and creating a Lightfall Sword that follows her around for a duration of up to 7s.
While present, the Lightfall Sword increases Eula's resistance to interruption. When Eula's own Normal Attack, Elemental Skill, and Elemental Burst deal DMG to opponents, they will charge the Lightfall Sword, which can gain an energy stack once every 0.1s.
Once its duration ends, the Lightfall Sword will descend and explode violently, dealing Physical DMG to nearby opponents.
This DMG scales on the number of energy stacks the Lightfall Sword has accumulated.
If Eula leaves the field, the Lightfall Sword will explode immediately.",Talent Glacial Illumination.png,https://genshin-impact.fandom.com/wiki/Glacial_Illumination,https://genshin-impact.fandom.com/wiki/File%3ATalent_Glacial_Illumination.png,https://static.wikia.nocookie.net/gensin-impact/images/a/af/Talent_Glacial_Illumination.png/revision/latest?cb=20210607090256,2eecbd2659630b6964d1f456b2a29889c6c0e231
1040_T03.png,downloaded,unknown,1040,优菈,Eula,passive,passive1,1st Ascension Passive,突破天赋1,Roiling Rime,潮卷冰削,,,长按施放冰潮的涡旋时，若一次性消耗了2层冷酷之心效果，则创造会立即爆发的残缺光降之剑，造成相当于凝浪之光剑的光降之剑基础伤害50%的物理伤害。,"If 2 stacks of Grimheart are consumed upon unleashing the Holding Mode of Icetide Vortex, a Shattered Lightfall Sword will be created that will explode immediately, dealing 50% of the basic Physical DMG dealt by a Lightfall Sword created by Glacial Illumination.",Talent Roiling Rime.png,https://genshin-impact.fandom.com/wiki/Roiling_Rime,https://genshin-impact.fandom.com/wiki/File%3ATalent_Roiling_Rime.png,https://static.wikia.nocookie.net/gensin-impact/images/5/59/Talent_Roiling_Rime.png/revision/latest?cb=20210607091654,9c3abc05555ab57ec3cf7337e034e9ddbeddc9f4
1040_T04.png,downloaded,unknown,1040,优菈,Eula,passive,passive2,4th Ascension Passive,突破天赋2,Wellspring of War-Lust,战欲涌现,,,施放凝浪之光剑时，重置冰潮的涡旋的冷却时间，并为优菈赋予一层冷酷之心效果。,"When Glacial Illumination is cast, the CD of Icetide Vortex is reset and Eula gains 1 stack of Grimheart.",Talent Wellspring of War-Lust.png,https://genshin-impact.fandom.com/wiki/Wellspring_of_War-Lust,https://genshin-impact.fandom.com/wiki/File%3ATalent_Wellspring_of_War-Lust.png,https://static.wikia.nocookie.net/gensin-impact/images/b/b9/Talent_Wellspring_of_War-Lust.png/revision/latest?cb=20210607092717,5504b4f1ee3512416b9431179faa7b253cfc9b36
1040_T05.png,downloaded,unknown,1040,优菈,Eula,passive,passive3,Utility Passive,探索天赋,Aristocratic Introspection,贵族的自省,,,合成角色天赋素材时，有10%概率获得2倍产出。,"When Eula crafts Character Talent Materials, she has a 10% chance to receive double the product.",Talent Aristocratic Introspection.png,https://genshin-impact.fandom.com/wiki/Aristocratic_Introspection,https://genshin-impact.fandom.com/wiki/File%3ATalent_Aristocratic_Introspection.png,https://static.wikia.nocookie.net/gensin-impact/images/4/4e/Talent_Aristocratic_Introspection.png/revision/latest?cb=20210607084916,77b3495c919620a9296c037ec1a8d779caab7db8
1041_T01.png,downloaded,unknown,1041,神里绫华,Kamisato Ayaka,skill,combat2,Elemental Skill,元素战技,Kamisato Art: Hyouka,神里流·冰华,,,唤起盛开的冰之华，击飞身边的敌人并造成冰元素范围伤害。,"Summons blooming ice to launch nearby opponents, dealing AoE Cryo DMG.",Talent Kamisato Art Hyouka.png,https://genshin-impact.fandom.com/wiki/Kamisato_Art_Hyouka,https://genshin-impact.fandom.com/wiki/File%3ATalent_Kamisato_Art_Hyouka.png,https://static.wikia.nocookie.net/gensin-impact/images/5/56/Talent_Kamisato_Art_Hyouka.png/revision/latest?cb=20210721030552,97099f426bc8648dfe6d73e47fac367c12fe9125
1041_T02.png,downloaded,unknown,1041,神里绫华,Kamisato Ayaka,burst,combat3,Elemental Burst,元素爆发,Kamisato Art: Soumetsu,神里流·霜灭,,,"以倾奇之姿汇聚寒霜，放出持续行进的霜见雪关扉。

霜见雪关扉
·以刀锋般尖锐的霜风持续切割触及的敌人，造成冰元素伤害；
·持续时间结束时绽放，造成冰元素范围伤害。","Summons forth a snowstorm with flawless poise, unleashing a Frostflake Seki no To that moves forward continuously.

Frostflake Seki no To
·A storm of whirling icy winds that slashes repeatedly at every enemy it touches, dealing Cryo DMG.
·The snowstorm explodes after its duration ends, dealing AoE Cryo DMG.",Talent Kamisato Art Soumetsu.png,https://genshin-impact.fandom.com/wiki/Kamisato_Art_Soumetsu,https://genshin-impact.fandom.com/wiki/File%3ATalent_Kamisato_Art_Soumetsu.png,https://static.wikia.nocookie.net/gensin-impact/images/1/11/Talent_Kamisato_Art_Soumetsu.png/revision/latest?cb=20210721030619,f3c7919dda6d6566df733f227efdc3e9185456ba
1041_T03.png,downloaded,unknown,1041,神里绫华,Kamisato Ayaka,passive,passive1,1st Ascension Passive,突破天赋1,Amatsumi Kunitsumi Sanctification,天罪国罪镇词,,,施放神里流·冰华后的6秒内，神里绫华的普通攻击与重击造成的伤害提升30%。,"After using Kamisato Art: Hyouka, Kamisato Ayaka's Normal and Charged Attacks deal 30% increased DMG for 6s.",Talent Amatsumi Kunitsumi Sanctification.png,https://genshin-impact.fandom.com/wiki/Amatsumi_Kunitsumi_Sanctification,https://genshin-impact.fandom.com/wiki/File%3ATalent_Amatsumi_Kunitsumi_Sanctification.png,https://static.wikia.nocookie.net/gensin-impact/images/d/d9/Talent_Amatsumi_Kunitsumi_Sanctification.png/revision/latest?cb=20210721030548,b8108efa5be3c1f847f537d25ec3696a2715e6e1
1041_T04.png,downloaded,unknown,1041,神里绫华,Kamisato Ayaka,passive,passive2,4th Ascension Passive,突破天赋2,Kanten Senmyou Blessing,寒天宣命祝词,,,"神里流·霰步结束时释放的寒冰命中了敌人时，神里绫华将获得如下效果：
·恢复10点体力；
·获得18%冰元素伤害加成，持续10秒。","When the Cryo application at the end of Kamisato Art: Senho hits an opponent, Kamisato Ayaka gains the following effects:
·Restores 10 Stamina
·Gains 18% Cryo DMG Bonus for 10s.",Talent Kanten Senmyou Blessing.png,https://genshin-impact.fandom.com/wiki/Kanten_Senmyou_Blessing,https://genshin-impact.fandom.com/wiki/File%3ATalent_Kanten_Senmyou_Blessing.png,https://static.wikia.nocookie.net/gensin-impact/images/d/db/Talent_Kanten_Senmyou_Blessing.png/revision/latest?cb=20210721030630,e06a7f081ccab09ab66742999a5beea52e6a2337
1041_T05.png,downloaded,unknown,1041,神里绫华,Kamisato Ayaka,passive,passive3,Utility Passive,探索天赋,Fruits of Shinsa,鉴查心得,,,合成武器突破素材时，有10%概率获得2倍产出。,"When Ayaka crafts Weapon Ascension Materials, she has a 10% chance to receive double the product.",Talent Fruits of Shinsa.png,https://genshin-impact.fandom.com/wiki/Fruits_of_Shinsa,https://genshin-impact.fandom.com/wiki/File%3ATalent_Fruits_of_Shinsa.png,https://static.wikia.nocookie.net/gensin-impact/images/0/02/Talent_Fruits_of_Shinsa.png/revision/latest?cb=20210721030550,50f415e99afe1f60115402e38eba8c3fa8212c8b
1041_T06.png,downloaded,unknown,1041,神里绫华,Kamisato Ayaka,extra,combatsp,Alternate Sprint,替代冲刺,Kamisato Art: Senho,神里流·霰步,,,"替代冲刺
隐入碎冰，以消耗体力为代价，化为激流快速移动。

在霰步状态下，神里绫华可以在水面上高速移动。
结束霰步现身时，将产生如下效果：
·释放寒冰的力量，对周围的敌人施加冰元素附着；
·将寒气凝聚在剑上，使神里绫华在短时间内获得冰元素附魔。","Alternate Sprint
Ayaka consumes Stamina and cloaks herself in a frozen fog that moves with her.

In Senho form, she moves swiftly upon water.
When she reappears, the following effects occur:
·Ayaka unleashes frigid energy to apply Cryo on nearby opponents.
·Coldness condenses around Ayaka's blade, infusing her attacks with Cryo for a brief period.",Talent Kamisato Art Senho.png,https://genshin-impact.fandom.com/wiki/Kamisato_Art_Senho,https://genshin-impact.fandom.com/wiki/File%3ATalent_Kamisato_Art_Senho.png,https://static.wikia.nocookie.net/gensin-impact/images/d/d8/Talent_Kamisato_Art_Senho.png/revision/latest?cb=20210721030606,969462418d5c8e8a2fe1ee509dfab72aa2cc2ece
1041_T07.png,downloaded,unknown,1041,神里绫华,Kamisato Ayaka,extra,,,,Kamisato Art Soumetsu CBT1,,,,,,Talent Kamisato Art Soumetsu CBT1.png,https://genshin-impact.fandom.com/wiki/Kamisato_Art_Soumetsu_CBT1,https://genshin-impact.fandom.com/wiki/File%3ATalent_Kamisato_Art_Soumetsu_CBT1.png,https://static.wikia.nocookie.net/gensin-impact/images/6/6f/Talent_Kamisato_Art_Soumetsu_CBT1.png/revision/latest?cb=20210715210031,a79ec37ad2a5252c6225e3f2f594ddea9ebfb4de
1042_T01.png,downloaded,unknown,1042,宵宫,Yoimiya,skill,combat2,Elemental Skill,元素战技,Niwabi Fire-Dance,焰硝庭火舞,,,"舞动线香烟火，让用于烟火的焰硝环绕在宵宫的身边。

庭火焰硝
在持续期间内，将宵宫的普通攻击发射的箭矢转为炽焰箭，造成的伤害转为火元素伤害，并提高普通攻击造成的伤害；「普通攻击·烟火打扬」的二段蓄力在持续期间内无法再产生焰硝矢。

效果将在宵宫退场时解除。","Yoimiya waves a sparkler and causes a ring of saltpeter to surround her.

Niwabi Enshou
During this time, arrows fired by Yoimiya's Normal Attack will be Blazing Arrows, and their DMG will be increased and converted to Pyro DMG. During this time, Normal Attack: Firework Flare-Up will not generate Kindling Arrows at Charge Level 2.

This effect will deactivate when Yoimiya leaves the field.",Talent Niwabi Fire-Dance.png,https://genshin-impact.fandom.com/wiki/Niwabi_Fire-Dance,https://genshin-impact.fandom.com/wiki/File%3ATalent_Niwabi_Fire-Dance.png,https://static.wikia.nocookie.net/gensin-impact/images/0/03/Talent_Niwabi_Fire-Dance.png/revision/latest?cb=20210721123651,ecbbe0e15cf5f05e2db652a6d56eecb157a56a4d
1042_T02.png,downloaded,unknown,1042,宵宫,Yoimiya,burst,combat3,Elemental Burst,元素爆发,Ryuukin Saxifrage,琉金云间草,,,"宵宫随着自创的烟火「琉金云间草」腾跃至空中，向前发射满载惊喜的焰火箭，造成火元素范围伤害，并对命中的其中一名敌人附上「琉金火光」。

琉金火光
队伍中所有角色（不包括宵宫自己）的普通攻击、重击、下落攻击、元素战技、元素爆发命中处于琉金火光影响下的敌人，会引发爆炸，造成火元素范围伤害。
处于琉金火光影响下的敌人在持续期间内被击败时，琉金火光将转移至附近的另一名敌人，并继承持续时间。

琉金火光每2秒至多引发一次爆炸。宵宫倒下时，由宵宫自己的技能产生的琉金火光效果会解除。","Yoimiya leaps into the air along with her original creation, the ""Ryuukin Saxifrage,"" and fires forth blazing rockets bursting with surprises that deal AoE Pyro DMG and mark one of the hit opponents with Aurous Blaze.

Aurous Blaze
All Normal/Charged/Plunging Attacks, Elemental Skills, and Elemental Bursts by any party member other than Yoimiya that hit an opponent marked by Aurous Blaze will trigger an explosion, dealing AoE Pyro DMG.
When an opponent affected by Aurous Blaze is defeated before its duration expires, the effect will pass on to another nearby opponent, who will inherit the remaining duration.

One Aurous Blaze explosion can be triggered every 2s. When Yoimiya is down, Aurous Blaze effects created through her skills will be deactivated.",Talent Ryuukin Saxifrage.png,https://genshin-impact.fandom.com/wiki/Ryuukin_Saxifrage,https://genshin-impact.fandom.com/wiki/File%3ATalent_Ryuukin_Saxifrage.png,https://static.wikia.nocookie.net/gensin-impact/images/a/a7/Talent_Ryuukin_Saxifrage.png/revision/latest?cb=20210721123659,d264ad4bc2c482becd2015588a45d8eff37dc95a
1042_T03.png,downloaded,unknown,1042,宵宫,Yoimiya,passive,passive1,1st Ascension Passive,突破天赋1,Tricks of the Trouble-Maker,袖火百景图,,,在焰硝庭火舞的持续期间内，宵宫的普通攻击命中后，将为宵宫提供2%火元素伤害加成。该效果持续3秒，至多叠加10次。,"During Niwabi Fire-Dance, shots from Yoimiya's Normal Attack will increase her Pyro DMG Bonus by 2% on hit. This effect lasts for 3s and can have a maximum of 10 stacks.",Talent Tricks of the Trouble-Maker.png,https://genshin-impact.fandom.com/wiki/Tricks_of_the_Trouble-Maker,https://genshin-impact.fandom.com/wiki/File%3ATalent_Tricks_of_the_Trouble-Maker.png,https://static.wikia.nocookie.net/gensin-impact/images/a/a2/Talent_Tricks_of_the_Trouble-Maker.png/revision/latest?cb=20210721123644,630a190ed4aaab085b33bbd1d738f32c1bd80039
1042_T04.png,skipped_existing,unknown,1042,宵宫,Yoimiya,passive,passive2,4th Ascension Passive,突破天赋2,Summer Night's Dawn,炎昼风物诗,,,施放琉金云间草后的15秒内，附近的队伍中所有其他角色（不包括宵宫自己）攻击力提高10%。此外，依据宵宫自己施放琉金云间草时突破天赋「袖火百景图」的叠加层数，将额外提升上述的攻击力效果，每层提升1%攻击力。,"Using Ryuukin Saxifrage causes nearby party members (not including Yoimiya) to gain a 10% ATK increase for 15s. Additionally, a further ATK Bonus will be added on based on the number of Ascension Talent ""Tricks of the Trouble-Maker"" stacks Yoimiya possesses when using Ryuukin Saxifrage. Each stack increases this ATK Bonus by 1%.",Talent Summer Night's Dawn.png,https://genshin-impact.fandom.com/wiki/Summer_Night%27s_Dawn,https://genshin-impact.fandom.com/wiki/File%3ATalent_Summer_Night%27s_Dawn.png,https://static.wikia.nocookie.net/gensin-impact/images/9/9b/Talent_Summer_Night%27s_Dawn.png/revision/latest?cb=20210721123708,398844873582b5927d0242cbbd3841b4fac658cc
1042_T05.png,downloaded,unknown,1042,宵宫,Yoimiya,passive,passive3,Utility Passive,探索天赋,Blazing Match,炎色配比法,,,制作装潢、摆件、景观类摆设时，有100%概率返还部分材料。,"When Yoimiya crafts Decoration, Ornament, and Landscape-type Furnishings, she has a 100% chance to refund a portion of the materials used.",Talent Blazing Match.png,https://genshin-impact.fandom.com/wiki/Blazing_Match,https://genshin-impact.fandom.com/wiki/File%3ATalent_Blazing_Match.png,https://static.wikia.nocookie.net/gensin-impact/images/6/6e/Talent_Blazing_Match.png/revision/latest?cb=20210721123649,c17f4fd9626306939d6ac1e2429f2671d2deaa35
1043_T01.png,downloaded,unknown,1043,早柚,Sayu,skill,combat2,Elemental Skill,元素战技,Yoohoo Art: Fuuin Dash,呜呼流·风隐急进,,,"忍法·呜呼流的独创奥义！以风驰电掣之势席卷战场的绝技！
蜷缩成高速滚动的风风轮，冲撞触及的敌人造成风元素伤害，并在结束时使出风风轮舞踢，造成风元素范围伤害。

点按
进入风风轮状态，向前滚动一小段距离，并使出风风轮舞踢。

长按
以风风轮之姿持续滚动，并在该状态下提高早柚的抗打断能力。
期间，早柚可以控制滚动的方向，并能通过再次施放技能，提前结束状态使出相比点按更为强大的风风轮舞踢。
该技能通过长按施放时，能发生元素转化。

持续至多10秒。效果结束时，技能将进入冷却。在风风轮状态下持续的时间越长，冷却时间越长。

元素转化
若早柚在风风轮状态下，接触了水元素/火元素/冰元素/雷元素，则会获得对应元素属性，使风风轮与风风轮舞踢额外造成该元素的附加伤害。
元素转化在技能持续期间仅会发生一次。","The special technique of the Yoohoo Ninja Arts!
Sayu curls up into a rolling Fuufuu Windwheel and smashes into opponents at high speed, dealing Anemo DMG. When the duration ends, she unleashes a Fuufuu Whirlwind Kick, dealing AoE Anemo DMG.

Press
Enters the Fuufuu Windwheel state, rolling forward a short distance before using the Fuufuu Whirlwind Kick.

Hold
Rolls about continuously in the Fuufuu Windwheel state, increasing Sayu's resistance to interruption while within that state.
During this time, Sayu can control the direction of her roll, and can use the skill again to end her Windwheel state early and unleash a stronger version of the Fuufuu Whirlwind Kick.
The Hold version of this skill can trigger Elemental Absorption.

This skill has a maximum duration of 10s and enters CD once its effects end. The longer Sayu remains in her Windwheel state, the longer the CD.

Elemental Absorption
If Sayu comes into contact with Hydro/Pyro/Cryo/Electro while in her Windwheel state, she will deal additional elemental DMG of that type.
Elemental Absorption may only occur once per use of this skill.",Talent Yoohoo Art Fuuin Dash.png,https://genshin-impact.fandom.com/wiki/Yoohoo_Art_Fuuin_Dash,https://genshin-impact.fandom.com/wiki/File%3ATalent_Yoohoo_Art_Fuuin_Dash.png,https://static.wikia.nocookie.net/gensin-impact/images/4/4b/Talent_Yoohoo_Art_Fuuin_Dash.png/revision/latest?cb=20210810120040,c23914108c9fb1792b3d9205ab6123dd620c8e15
1043_T02.png,downloaded,unknown,1043,早柚,Sayu,burst,combat3,Elemental Burst,元素爆发,Yoohoo Art: Mujina Flurry,呜呼流·影貉缭乱,,,"忍法·呜呼流的另一个独创奥义！能创造出替早柚干活的帮手！
对身边的敌人造成风元素伤害，为队伍中附近的所有角色恢复生命值，回复量受益于早柚的攻击力，并召唤出「不倒貉貉」。

不倒貉貉
周期性地根据附近的状况，采取其中一种行动：
·附近的角色如果生命值均高于70%，不倒貉貉会攻击附近的一名敌人，造成风元素伤害；
·附近场上如果存在生命值低于或等于70%的角色，会为附近场上生命值百分比最低的角色恢复生命值，回复量受益于早柚的攻击力。若附近不存在敌人，即使角色的生命值均高于70%，也会为角色恢复生命值。","The other super special technique of the Yoohoo Ninja Arts! It summons a pair of helping hands for Sayu.
Deals Anemo DMG to nearby opponents and heals all nearby party members. The amount of HP restored is based on Sayu's ATK. This skill then summons a Muji-Muji Daruma.

Muji-Muji Daruma
At specific intervals, the Daruma will take one of several actions based on the situation around it:
·If the HP of nearby characters is above 70%, it will attack a nearby opponent, dealing Anemo DMG.
·If there are active characters with 70% or less HP nearby, it will heal the active character with the lowest percentage HP left. If there are no opponents nearby, it will heal active characters nearby even if they have 70% HP or more.",Talent Yoohoo Art Mujina Flurry.png,https://genshin-impact.fandom.com/wiki/Yoohoo_Art_Mujina_Flurry,https://genshin-impact.fandom.com/wiki/File%3ATalent_Yoohoo_Art_Mujina_Flurry.png,https://static.wikia.nocookie.net/gensin-impact/images/b/be/Talent_Yoohoo_Art_Mujina_Flurry.png/revision/latest?cb=20210810120058,cb98ab4837b1a764c7d3964c2b913f0b581148e6
1043_T03.png,downloaded,unknown,1043,早柚,Sayu,passive,passive1,1st Ascension Passive,突破天赋1,Someone More Capable,更加合适的人选,,,"早柚在场上触发扩散或星扩散反应时，为队伍中自己的角色以及附近的友方角色恢复300点生命值。除此之外，早柚的每点元素精通将额外恢复1.2点生命值。
该效果每2秒只能触发一次。","When Sayu triggers a Swirl or Stellar Swirl reaction while active, she heals all your characters and nearby allies for 300 HP. She will also heal an additional 1.2 HP for every point of Elemental Mastery she has.
This effect can be triggered once every 2s.",Talent Someone More Capable.png,https://genshin-impact.fandom.com/wiki/Someone_More_Capable,https://genshin-impact.fandom.com/wiki/File%3ATalent_Someone_More_Capable.png,https://static.wikia.nocookie.net/gensin-impact/images/0/07/Talent_Someone_More_Capable.png/revision/latest?cb=20210810120038,9a95bc78ea1beff99dfb515086ecd3201861be1a
1043_T04.png,downloaded,unknown,1043,早柚,Sayu,passive,passive2,4th Ascension Passive,突破天赋2,No Work Today!,早柚不用工作啦,,,"呜呼流·影貉缭乱的不倒貉貉获得如下效果：
·为角色恢复生命值时，将为该角色身边的其他场上角色恢复相当于回复量20%的生命值；
·攻击敌人时，扩大造成伤害的范围。","The Muji-Muji Daruma created by Yoohoo Art: Mujina Flurry gains the following effects:
·When healing a character, it will also heal characters near that healed character for 20% the amount of HP.
·Increases the AoE of its attack against opponents.",Talent No Work Today!.png,https://genshin-impact.fandom.com/wiki/No_Work_Today%21,https://genshin-impact.fandom.com/wiki/File%3ATalent_No_Work_Today%21.png,https://static.wikia.nocookie.net/gensin-impact/images/8/85/Talent_No_Work_Today%21.png/revision/latest?cb=20210810120036,4aac5540762974ea5e75deb0e22bb6072fa86bf2
1043_T05.png,downloaded,unknown,1043,早柚,Sayu,passive,passive3,Utility Passive,探索天赋,Yoohoo Art: Silencer's Secret,呜呼流·屏息秘传,,,"早柚在队伍中时，队伍中自己的角色接近晶蝶等部分生物时，不会惊动它们。
有效对象可参考图鉴中「生物志 / 野生动物」的「其他」分类。","When Sayu is in the party, your characters will not startle Crystalflies and certain other animals when getting near them.
Check the ""Other"" sub-category of the ""Living Beings / Wildlife"" section in the Archive for creatures this skill works on.",Talent Yoohoo Art Silencer's Secret.png,https://genshin-impact.fandom.com/wiki/Yoohoo_Art_Silencer%27s_Secret,https://genshin-impact.fandom.com/wiki/File%3ATalent_Yoohoo_Art_Silencer%27s_Secret.png,https://static.wikia.nocookie.net/gensin-impact/images/b/bc/Talent_Yoohoo_Art_Silencer%27s_Secret.png/revision/latest?cb=20210810120112,d544a799ca61c644e585acfaa332f4df359c2875
1043_T06.png,downloaded,unknown,1043,早柚,Sayu,extra,,,,Yoohoo Art Fuuin Dash 2,,,,,,Talent Yoohoo Art Fuuin Dash 2.png,https://genshin-impact.fandom.com/wiki/Yoohoo_Art_Fuuin_Dash_2,https://genshin-impact.fandom.com/wiki/File%3ATalent_Yoohoo_Art_Fuuin_Dash_2.png,https://static.wikia.nocookie.net/gensin-impact/images/2/21/Talent_Yoohoo_Art_Fuuin_Dash_2.png/revision/latest?cb=20220420202529,1522045ce50eb4e72a62a0696d6791517c64d552
1044_T01.png,skipped_existing,unknown,1044,枫原万叶,Kaedehara Kazuha,skill,combat2,Elemental Skill,元素战技,Chihayaburu,千早振,,,"施展如同冲风般激昂的秘剑，将敌人与物体牵引至所在位置，击飞范围内的敌人，造成风元素伤害，并借由喷薄的气流如登泷般腾空而起。
枫原万叶因元素战技·千早振而升空后的10秒内并持续处于空中时，若进行下落攻击，则会施展格外强劲的下落攻击·乱岚拨止。

点按
可以在空中施放。

长按
积蓄力量后施展，相对于点按，在更大的范围内造成更高的风元素伤害。

下落攻击·乱岚拨止
通过元素战技·千早振施放的下落攻击，造成的伤害将转化为风元素伤害，并在落地时施展秘剑产生小型的风穴，牵引附近的物体与敌人。
乱岚拨止造成的伤害视为下落攻击伤害。","Unleashes a secret technique as fierce as the rushing wind that pulls objects and opponents towards Kazuha's current position before launching opponents within the AoE, dealing Anemo DMG and lifting Kazuha into the air on a rushing gust of wind.
Within 10s of remaining airborne after casting Chihayaburu, Kazuha can unleash a powerful Plunging Attack known as Midare Ranzan.

Press
Can be used in mid-air.

Hold
Charges up before unleashing greater Anemo DMG over a larger AoE than Press Mode.

Plunging Attack: Midare Ranzan
When a Plunging Attack is performed using the effects of the Elemental Skill Chihayaburu, Plunging Attack DMG is converted to Anemo DMG. On landing, Kazuha creates a small wind tunnel via a secret blade technique that pulls in nearby objects and opponents.
Midare Ranzan's DMG is considered Plunging Attack DMG.",Talent Chihayaburu.png,https://genshin-impact.fandom.com/wiki/Chihayaburu,https://genshin-impact.fandom.com/wiki/File%3ATalent_Chihayaburu.png,https://static.wikia.nocookie.net/gensin-impact/images/2/22/Talent_Chihayaburu.png/revision/latest?cb=20210629104053,793d2a23ae98cbbcedf17e69ea7b812e3134253f
1044_T02.png,downloaded,unknown,1044,枫原万叶,Kaedehara Kazuha,burst,combat3,Elemental Burst,元素爆发,Kazuha Slash,万叶之一刀,,,"施展我流的奥义，斩出初岚般的一刀，造成风元素范围伤害。
刀风会留下名为「流风秋野」的领域，对其中的敌人造成间歇的风元素伤害。

元素转化
若流风秋野在持续期间接触了水元素/火元素/冰元素/雷元素，则会获得对应元素属性，额外造成该元素附加伤害。
这种转化在技能持续期间仅会发生一次。","The signature technique of Kazuha's self-styled bladework — a single slash that strikes with the force of the first winds of autumn, dealing AoE Anemo DMG.
The blade's passage will leave behind a field named ""Autumn Whirlwind"" that periodically deals AoE Anemo DMG to opponents within its range.

Elemental Absorption
If Autumn Whirlwind comes into contact with Hydro/Pyro/Cryo/Electro, it will deal additional elemental DMG of that type.
Elemental Absorption may only occur once per use.",Talent Kazuha Slash.png,https://genshin-impact.fandom.com/wiki/Kazuha_Slash,https://genshin-impact.fandom.com/wiki/File%3ATalent_Kazuha_Slash.png,https://static.wikia.nocookie.net/gensin-impact/images/0/06/Talent_Kazuha_Slash.png/revision/latest?cb=20210629104616,5a29ec8e8ff3f1ce4cecf80c00f25dda5711a3f0
1044_T03.png,downloaded,unknown,1044,枫原万叶,Kaedehara Kazuha,passive,passive1,1st Ascension Passive,突破天赋1,Soumon Swordsmanship,相闻之剑法,,,千早振在施放时，如果接触了水元素/火元素/冰元素/雷元素，则会使这次千早振的下落攻击·乱岚拨止，发生元素转化，将附加200%攻击力的对应元素伤害，该伤害视为下落攻击伤害。每次千早振的技能效果中，元素转化仅会发生一次。,"If Chihayaburu comes into contact with Hydro/Pyro/Cryo/Electro when cast, this Chihayaburu will absorb that element and if Plunging Attack: Midare Ranzan is used before the effect expires, it will deal an additional 200% ATK of the absorbed elemental type as DMG. This will be considered Plunging Attack DMG.
Elemental Absorption may only occur once per use of Chihayaburu.",Talent Soumon Swordsmanship.png,https://genshin-impact.fandom.com/wiki/Soumon_Swordsmanship,https://genshin-impact.fandom.com/wiki/File%3ATalent_Soumon_Swordsmanship.png,https://static.wikia.nocookie.net/gensin-impact/images/1/16/Talent_Soumon_Swordsmanship.png/revision/latest?cb=20210629104043,03901efc7d1b24b71675cca26ff795736356e939
1044_T04.png,downloaded,unknown,1044,枫原万叶,Kaedehara Kazuha,passive,passive2,4th Ascension Passive,突破天赋2,Poetics of Fuubutsu,风物之诗咏,,,枫原万叶触发扩散或星扩散反应后，枫原万叶的每点元素精通，会为队伍中所有角色提供0.04%对应元素伤害加成，持续8秒。通过这种方式获得的不同元素伤害加成可以共存。,"Upon triggering a Swirl or Stellar Swirl reaction, Kaedehara Kazuha will grant all party members a 0.04% Elemental DMG Bonus to the element absorbed by Swirl for every point of Elemental Mastery he has for 8s. Bonuses for different elements obtained through this method can co-exist.",Talent Poetics of Fuubutsu.png,https://genshin-impact.fandom.com/wiki/Poetics_of_Fuubutsu,https://genshin-impact.fandom.com/wiki/File%3ATalent_Poetics_of_Fuubutsu.png,https://static.wikia.nocookie.net/gensin-impact/images/e/e4/Talent_Poetics_of_Fuubutsu.png/revision/latest?cb=20210629104612,40295766690176b9aaa14e3d33f45204c776c864
1044_T05.png,downloaded,unknown,1044,枫原万叶,Kaedehara Kazuha,passive,passive3,Utility Passive,探索天赋,Cloud Strider,松风霞立,,,"队伍中自己的角色冲刺消耗的体力降低20%。
无法与效果完全相同的固有天赋叠加。","Decreases sprinting Stamina consumption for your own party members by 20%.
Not stackable with Passive Talents that provide the exact same effects.",Talent Cloud Strider.png,https://genshin-impact.fandom.com/wiki/Cloud_Strider,https://genshin-impact.fandom.com/wiki/File%3ATalent_Cloud_Strider.png,https://static.wikia.nocookie.net/gensin-impact/images/b/b1/Talent_Cloud_Strider.png/revision/latest?cb=20210629104614,293e524b1db3396126dae08453316317287a03a7
1044_T06.png,downloaded,unknown,1044,枫原万叶,Kaedehara Kazuha,extra,,,,Garyuu Bladework 2,,,,,,Talent Garyuu Bladework 2.png,https://genshin-impact.fandom.com/wiki/Garyuu_Bladework_2,https://genshin-impact.fandom.com/wiki/File%3ATalent_Garyuu_Bladework_2.png,https://static.wikia.nocookie.net/gensin-impact/images/7/76/Talent_Garyuu_Bladework_2.png/revision/latest?cb=20220521141441,ab58088fa0f6722164256da3132315380906da03
1045_T01.png,downloaded,unknown,1045,九条裟罗,Kujou Sara,skill,combat2,Elemental Skill,元素战技,Tengu Stormcall,鸦羽天狗霆雷召咒,,,"以天狗之神速向后转移，并唤来乌羽的加护。
获得持续18秒的「乌羽护持」，当九条裟罗发射完成蓄力的箭矢时，会消耗「乌羽护持」，并在命中的位置留下「乌羽」。
「乌羽」会在短时间后引发天狗咒雷·伏，对范围内敌人造成雷元素伤害，并使其范围内的当前场上角色基于九条裟罗的基础攻击力，以一定比例获得攻击力加成。

各种天狗咒雷提供的攻击力提升不能叠加，效果与持续时间由后生效的为准。","Retreats rapidly with the speed of a tengu, summoning the protection of the Crowfeather.
Gains Crowfeather Cover for 18s, and when Kujou Sara fires a fully-charged Aimed Shot, Crowfeather Cover will be consumed, and will leave a Crowfeather at the target location.
Crowfeathers will trigger Tengu Juurai: Ambush after a short time, dealing Electro DMG and granting the active character within its AoE an ATK Bonus based on Kujou Sara's Base ATK.

The ATK Bonuses from different Tengu Juurai will not stack, and their effects and duration will be determined by the last Tengu Juurai to take effect.",Talent Tengu Stormcall.png,https://genshin-impact.fandom.com/wiki/Tengu_Stormcall,https://genshin-impact.fandom.com/wiki/File%3ATalent_Tengu_Stormcall.png,https://static.wikia.nocookie.net/gensin-impact/images/6/6a/Talent_Tengu_Stormcall.png/revision/latest?cb=20210901030923,8bc79be1de32cdde5a101cad1b6a3a78417a59ef
1045_T02.png,downloaded,unknown,1045,九条裟罗,Kujou Sara,burst,combat3,Elemental Burst,元素爆发,Subjugation: Koukou Sendou,煌煌千道镇式,,,"在目标的位置降下天狗咒雷·金刚坏，造成雷元素范围伤害。此后，天狗咒雷·金刚坏将扩散转为4道连续的天狗咒雷·雷砾，造成雷元素范围伤害。
天狗咒雷·金刚坏与天狗咒雷·雷砾会使其范围内的当前场上角色获得与元素战技「鸦羽天狗霆雷召咒」相同的攻击力加成。

各种天狗咒雷提供的攻击力提升不能叠加，效果与持续时间由后生效的为准。","Casts down Tengu Juurai: Titanbreaker, dealing AoE Electro DMG. Afterwards, Tengu Juurai: Titanbreaker spreads out into 4 consecutive bouts of Tengu Juurai: Stormcluster, dealing AoE Electro DMG.
Tengu Juurai: Titanbreaker and Tengu Juurai: Stormcluster can provide the active character within their AoE with the same ATK Bonus as given by the Elemental Skill, Tengu Stormcall.

The ATK Bonus provided by various kinds of Tengu Juurai will not stack, and their effects and duration will be determined by the last Tengu Juurai to take effect.",Talent Subjugation Koukou Sendou.png,https://genshin-impact.fandom.com/wiki/Subjugation_Koukou_Sendou,https://genshin-impact.fandom.com/wiki/File%3ATalent_Subjugation_Koukou_Sendou.png,https://static.wikia.nocookie.net/gensin-impact/images/e/e8/Talent_Subjugation_Koukou_Sendou.png/revision/latest?cb=20210901030915,407582f758425d581db0d28b7935b5829f9e4576
1045_T03.png,downloaded,unknown,1045,九条裟罗,Kujou Sara,passive,passive1,1st Ascension Passive,突破天赋1,Immovable Will,不动心,,,处于鸦羽天狗霆雷召咒的「乌羽护持」状态下时，瞄准射击的所需的蓄力时间减少60%。,"While in the Crowfeather Cover state provided by Tengu Stormcall, Aimed Shot charge times are decreased by 60%.",Talent Immovable Will.png,https://genshin-impact.fandom.com/wiki/Immovable_Will,https://genshin-impact.fandom.com/wiki/File%3ATalent_Immovable_Will.png,https://static.wikia.nocookie.net/gensin-impact/images/4/4f/Talent_Immovable_Will.png/revision/latest?cb=20210901030910,4f944c53c8b6f6112fbc94604fa6f60e3e9ec9df
1045_T04.png,downloaded,unknown,1045,九条裟罗,Kujou Sara,passive,passive2,4th Ascension Passive,突破天赋2,Decorum,御公仪,,,天狗咒雷·伏命中敌人后，将基于九条裟罗的元素充能效率，每100%为队伍中所有角色恢复1.2点元素能量。该效果每3秒至多触发一次。,"When Tengu Juurai: Ambush hits opponents, Kujou Sara will restore 1.2 Energy to all party members for every 100% Energy Recharge she has. This effect can be triggered once every 3s.",Talent Decorum.png,https://genshin-impact.fandom.com/wiki/Decorum,https://genshin-impact.fandom.com/wiki/File%3ATalent_Decorum.png,https://static.wikia.nocookie.net/gensin-impact/images/b/b7/Talent_Decorum.png/revision/latest?cb=20210901030909,037c042dbc5419e88b062c594c948ab91bbc601c
1045_T05.png,downloaded,unknown,1045,九条裟罗,Kujou Sara,passive,passive3,Utility Passive,探索天赋,Land Survey,检地,,,在稻妻执行探索派遣任务时，消耗的时间缩短25%。,"When dispatched on an expedition in Inazuma, time consumed is reduced by 25%.",Talent Land Survey.png,https://genshin-impact.fandom.com/wiki/Land_Survey,https://genshin-impact.fandom.com/wiki/File%3ATalent_Land_Survey.png,https://static.wikia.nocookie.net/gensin-impact/images/e/e8/Talent_Land_Survey.png/revision/latest?cb=20210901030912,0c63ccf7b53a3b2638fcd6ed77faecde623c8e42
1046_T01.png,downloaded,unknown,1046,珊瑚宫心海,Sangonomiya Kokomi,skill,combat2,Elemental Skill,元素战技,Kurage's Oath,海月之誓,,,"召唤能够治愈同伴的幻造水之生命「化海月」。
施放的瞬间，为珊瑚宫心海施加潮湿状态。

化海月
每隔一段时间，对周围的敌人造成水元素伤害，并为周围的当前场上角色恢复生命值，回复量受益于珊瑚宫心海的生命值上限。","Summons a ""Bake-Kurage"" created from water that can heal her allies.
Using this skill will apply the Wet status to Sangonomiya Kokomi.

Bake-Kurage
Deals Hydro DMG to surrounding opponents and heals nearby active characters at fixed intervals. This healing is based on Kokomi's Max HP.",Talent Kurage's Oath.png,https://genshin-impact.fandom.com/wiki/Kurage%27s_Oath,https://genshin-impact.fandom.com/wiki/File%3ATalent_Kurage%27s_Oath.png,https://static.wikia.nocookie.net/gensin-impact/images/6/6e/Talent_Kurage%27s_Oath.png/revision/latest?cb=20211219145729,33f94e69cfe337592877f67ca59c995a05c2a766
1046_T02.png,downloaded,unknown,1046,珊瑚宫心海,Sangonomiya Kokomi,burst,combat3,Elemental Burst,元素爆发,Nereid's Ascension,海人化羽,,,"请降海祇的力量，对周围的敌人造成水元素伤害，并披上珊瑚宫之水汇聚而成的「仪来羽衣」。

仪来羽衣
·增加珊瑚宫心海的普通攻击，重击以及元素战技的「化海月」造成的伤害，增加值基于珊瑚宫心海的生命值上限；
·普通攻击和重击命中敌人时，为队伍中附近的所有角色恢复生命值，回复量受益于珊瑚宫心海的生命值上限；
·提升珊瑚宫心海的抗打断能力，并使她能在水面上移动。

效果将在珊瑚宫心海退场时解除。","Summons the might of Watatsumi, dealing Hydro DMG to surrounding opponents, before robing Kokomi in a Ceremonial Garment made from the flowing waters of Sangonomiya.

Ceremonial Garment
·Sangonomiya Kokomi's Normal Attack, Charged Attack and Bake-Kurage DMG are increased based on her Max HP.
·When her Normal and Charged Attacks hit opponents, Kokomi will restore HP for all nearby party members, and the amount restored is based on her Max HP.
·Increases Sangonomiya Kokomi's resistance to interruption and allows her to walk on the water's surface.

These effects will be cleared once Sangonomiya Kokomi leaves the field.",Talent Nereid's Ascension.png,https://genshin-impact.fandom.com/wiki/Nereid%27s_Ascension,https://genshin-impact.fandom.com/wiki/File%3ATalent_Nereid%27s_Ascension.png,https://static.wikia.nocookie.net/gensin-impact/images/4/46/Talent_Nereid%27s_Ascension.png/revision/latest?cb=20210921121151,d24532ddf5915123e708aec1f6ae4de11a544bdf
1046_T03.png,downloaded,unknown,1046,珊瑚宫心海,Sangonomiya Kokomi,passive,passive1,1st Ascension Passive,突破天赋1,Tamakushi Casket,匣中玉栉,,,施放海人化羽时，若场上有珊瑚宫心海自己的化海月，则重置化海月的存在时间。,"If Sangonomiya Kokomi's own Bake-Kurage is on the field when she uses Nereid's Ascension, the Bake-Kurage's duration will be refreshed.",Talent Tamakushi Casket.png,https://genshin-impact.fandom.com/wiki/Tamakushi_Casket,https://genshin-impact.fandom.com/wiki/File%3ATalent_Tamakushi_Casket.png,https://static.wikia.nocookie.net/gensin-impact/images/8/8f/Talent_Tamakushi_Casket.png/revision/latest?cb=20210921121204,81dff4d7a7ef095c0627eef081e1b318a0c000eb
1046_T04.png,downloaded,unknown,1046,珊瑚宫心海,Sangonomiya Kokomi,passive,passive2,4th Ascension Passive,突破天赋2,Song of Pearls,真珠御呗,,,处于海人化羽的仪来羽衣状态下时，珊瑚宫心海的普通攻击与重击基于生命值上限造成的伤害获得额外提升，提升程度相当于她的治疗加成的15%。,"While donning the Ceremonial Garment created by Nereid's Ascension, the Normal and Charged Attack DMG Bonus Sangonomiya Kokomi gains based on her Max HP will receive a further increase based on 15% of her Healing Bonus.",Talent Song of Pearls.png,https://genshin-impact.fandom.com/wiki/Song_of_Pearls,https://genshin-impact.fandom.com/wiki/File%3ATalent_Song_of_Pearls.png,https://static.wikia.nocookie.net/gensin-impact/images/5/5f/Talent_Song_of_Pearls.png/revision/latest?cb=20210921121202,5b391956c9d450e9c82a9d4fd13a7fb945b36f0a
1046_T05.png,downloaded,unknown,1046,珊瑚宫心海,Sangonomiya Kokomi,passive,passive3,Utility Passive,探索天赋,Princess of Watatsumi,海祇姬君,,,"队伍中自己的角色游泳消耗的体力降低20%。
无法与效果完全相同的固有天赋叠加。","Decreases swimming Stamina consumption for your own party members by 20%.
Not stackable with Passive Talents that provide the exact same effects.",Talent Princess of Watatsumi.png,https://genshin-impact.fandom.com/wiki/Princess_of_Watatsumi,https://genshin-impact.fandom.com/wiki/File%3ATalent_Princess_of_Watatsumi.png,https://static.wikia.nocookie.net/gensin-impact/images/4/49/Talent_Princess_of_Watatsumi.png/revision/latest?cb=20210921121200,8ef77ed520ef332f05e67a09379f3f9dcd91047d
1046_T06.png,downloaded,unknown,1046,珊瑚宫心海,Sangonomiya Kokomi,passive,passive4,Additional Passive,附加天赋,Flawless Strategy,庙算无遗,,,珊瑚宫心海的治疗加成提升25%，暴击率降低100%。,"Sangonomiya Kokomi has a 25% Healing Bonus, but a 100% decrease in CRIT Rate.",Talent Flawless Strategy.png,https://genshin-impact.fandom.com/wiki/Flawless_Strategy,https://genshin-impact.fandom.com/wiki/File%3ATalent_Flawless_Strategy.png,https://static.wikia.nocookie.net/gensin-impact/images/d/d5/Talent_Flawless_Strategy.png/revision/latest?cb=20210921121140,1f71fede4e348200c45e7f881add805c6345f195
1047_T01.png,downloaded,unknown,1047,雷电将军,Raiden Shogun,skill,combat2,Elemental Skill,元素战技,Transcendence: Baleful Omen,神变·恶曜开眼,,,"雷电将军展开净土的一角，对周围的敌人造成雷元素伤害，为队伍中附近的所有角色授以「雷罚恶曜之眼」。

雷罚恶曜之眼
·获授雷罚恶曜之眼的角色的攻击对敌人造成伤害时，雷罚恶曜之眼会进行协同攻击，在敌人的位置造成雷元素范围伤害。
·获授雷罚恶曜之眼的角色在持续期间内，元素爆发造成的伤害获得提升，提升程度基于元素爆发的元素能量。

每个队伍的雷罚恶曜之眼，每0.9秒至多进行一次协同攻击。
由队伍中自己的角色以外的角色触发的协同攻击造成的伤害为原本的20%。","The Raiden Shogun unveils a shard of her Euthymia, dealing Electro DMG to nearby opponents, and granting nearby party members the Eye of Stormy Judgment.

Eye of Stormy Judgment
·When characters with this buff attack and deal DMG to opponents, the Eye will unleash a coordinated attack, dealing AoE Electro DMG at the opponent's position.
·Characters who gain the Eye of Stormy Judgment will have their Elemental Burst DMG increased based on the Energy Cost of the Elemental Burst during the Eye's duration.

The Eye can initiate one coordinated attack every 0.9s per party.
Coordinated attacks generated by characters not controlled by you deal 20% of the normal DMG.",Talent Transcendence Baleful Omen.png,https://genshin-impact.fandom.com/wiki/Transcendence_Baleful_Omen,https://genshin-impact.fandom.com/wiki/File%3ATalent_Transcendence_Baleful_Omen.png,https://static.wikia.nocookie.net/gensin-impact/images/3/3c/Talent_Transcendence_Baleful_Omen.png/revision/latest?cb=20210901023504,b5d1e0aeddd3a363bdb0ce996ad509ec1a9db577
1047_T02.png,downloaded,unknown,1047,雷电将军,Raiden Shogun,burst,combat3,Elemental Burst,元素爆发,Secret Art: Musou Shinsetsu,奥义·梦想真说,,,"汇聚万千真言，竭尽诸愿百眼之愿力，斩出粉碎一切诅咒的梦想一刀，造成雷元素范围伤害；并在接下来的一段时间内，使用「梦想一心」战斗。依据施放时消耗的诸愿百眼之轮的愿力层数，增加梦想一刀与梦想一心的攻击造成的伤害。

梦想一心
在此状态下，雷电将军将使用刀进行攻击，并将普通攻击、重击与下落攻击造成的伤害转为无法被附魔覆盖的雷元素伤害，并在这些攻击命中敌人时，为队伍中附近的所有角色恢复元素能量。每1秒至多通过这种方式恢复一次元素能量，在持续期间内至多触发5次。
在此状态下，雷电将军的抗打断能力提高，并免疫感电反应的伤害。
梦想一心状态下，雷电将军的普通攻击、重击与下落攻击造成的伤害，视为元素爆发伤害。

梦想一心的效果将在雷电将军退场时解除。

诸愿百眼之轮
队伍中附近的角色（不包括雷电将军自己）施放元素爆发时，会依据元素爆发的元素能量，为雷电将军的诸愿百眼之轮积攒愿力。
至多积攒60层愿力。

诸愿百眼之轮中积攒的愿力，会在脱离战斗300秒后清除。","Gathering truths unnumbered and wishes uncounted, the Raiden Shogun unleashes the Musou no Hitotachi and deals AoE Electro DMG, using Musou Isshin in combat for a certain duration afterward. The DMG dealt by Musou no Hitotachi and Musou Isshin's attacks will be increased based on the number of Chakra Desiderata's Resolve stacks consumed when this skill is used.

Musou Isshin
While in this state, the Raiden Shogun will wield her tachi in battle, while her Normal, Charged, and Plunging Attacks will be infused with Electro DMG, which cannot be overridden. When such attacks hit opponents, she will regenerate Energy for all nearby party members. Energy can be restored this way once every 1s, and this effect can be triggered 5 times throughout this skill's duration.
While in this state, the Raiden Shogun's resistance to interruption is increased, and she is immune to Electro-Charged reaction DMG.
While Musou Isshin is active, the Raiden Shogun's Normal, Charged, and Plunging Attack DMG will be considered Elemental Burst DMG.

The effects of Musou Isshin will be cleared when the Raiden Shogun leaves the field.

Chakra Desiderata
When nearby party members (excluding the Raiden Shogun herself) use their Elemental Bursts, the Raiden Shogun will build up Resolve stacks based on the Energy Cost of these Elemental Bursts.
The maximum number of Resolve stacks is 60.

The Resolve gained by Chakra Desiderata will be cleared 300s after the Raiden Shogun leaves the field.",Talent Secret Art Musou Shinsetsu.png,https://genshin-impact.fandom.com/wiki/Secret_Art_Musou_Shinsetsu,https://genshin-impact.fandom.com/wiki/File%3ATalent_Secret_Art_Musou_Shinsetsu.png,https://static.wikia.nocookie.net/gensin-impact/images/e/e0/Talent_Secret_Art_Musou_Shinsetsu.png/revision/latest?cb=20210901023456,468df4b10d8ea92110331e7cbb8a58f779881b90
1047_T03.png,downloaded,unknown,1047,雷电将军,Raiden Shogun,passive,passive1,1st Ascension Passive,突破天赋1,Wishes Unnumbered,万千的愿望,,,"队伍中附近的角色获得元素晶球或元素微粒时，会为诸愿百眼之轮积攒2层愿力。
该效果每3秒至多触发一次。","When nearby party members gain Elemental Orbs or Particles, Chakra Desiderata gains 2 Resolve stacks.
This effect can occur once every 3s.",Talent Wishes Unnumbered.png,https://genshin-impact.fandom.com/wiki/Wishes_Unnumbered,https://genshin-impact.fandom.com/wiki/File%3ATalent_Wishes_Unnumbered.png,https://static.wikia.nocookie.net/gensin-impact/images/b/bc/Talent_Wishes_Unnumbered.png/revision/latest?cb=20210901023452,9ef8eb9afc53011890bbc85bc0aee277eb48e17f
1047_T04.png,downloaded,unknown,1047,雷电将军,Raiden Shogun,passive,passive2,4th Ascension Passive,突破天赋2,Enlightened One,殊胜之御体,,,"基于元素充能效率超过100%的部分，每1%使雷电将军获得下列效果：
·梦想一心状态提供的元素能量恢复提高0.6%；
·雷元素伤害加成提升0.4%。","Each 1% above 100% Energy Recharge that the Raiden Shogun possesses grants her:
·0.6% greater Energy restoration from Musou Isshin
·0.4% Electro DMG Bonus.",Talent Enlightened One.png,https://genshin-impact.fandom.com/wiki/Enlightened_One,https://genshin-impact.fandom.com/wiki/File%3ATalent_Enlightened_One.png,https://static.wikia.nocookie.net/gensin-impact/images/b/b7/Talent_Enlightened_One.png/revision/latest?cb=20210901023445,773da4b70efbcc12d291fbadaf2be26a135b52f2
1047_T05.png,downloaded,unknown,1047,雷电将军,Raiden Shogun,passive,passive3,Utility Passive,探索天赋,All-Preserver,天下名物狩,,,突破单手剑和长柄武器时，消耗的摩拉数量减少50%。,Mora expended when ascending Swords and Polearms is decreased by 50%.,Talent All-Preserver.png,https://genshin-impact.fandom.com/wiki/All-Preserver,https://genshin-impact.fandom.com/wiki/File%3ATalent_All-Preserver.png,https://static.wikia.nocookie.net/gensin-impact/images/0/0e/Talent_All-Preserver.png/revision/latest?cb=20210901023443,bb651a436d86944439ac226d4196bf71be841dba
1048_T01.png,skipped_existing,unknown,1048,托马,Thoma,skill,combat2,Elemental Skill,元素战技,Blazing Blessing,烈烧佑命之侍护,,,"托马以枪尖刺地作为支点，倾注燃焰之力，向前迅猛踢击，造成火元素范围伤害，唤出护体的烈烧佑命护盾，并在施放的瞬间，为托马施加火元素附着。
护盾的伤害吸收量受益于托马的生命值上限。
烈烧佑命护盾具有如下特性：
·对火元素伤害有250%的吸收效果；
·护盾剩余的伤害吸收量在获取新的烈烧佑命护盾时将会叠加，并刷新持续时间。

护盾的伤害吸收量至多不超过托马生命值上限的一定比例。","Thoma vaults forward with his polearm and delivers a flame-filled flying kick that deals AoE Pyro DMG, while also summoning a defensive Blazing Barrier. At the moment of casting, Thoma's Elemental Skill applies Pyro to himself.
The DMG Absorption of the Blazing Barrier scales off Thoma's Max HP.
The Blazing Barrier has the following traits:
·Absorbs Pyro DMG 250% more effectively.
·When a new Blazing Barrier is obtained, the remaining DMG Absorption of an existing Blazing Barrier will stack and its duration will be refreshed.

The maximum DMG Absorption of the Blazing Barrier will not exceed a certain percentage of Thoma's Max HP.",Talent Blazing Blessing.png,https://genshin-impact.fandom.com/wiki/Blazing_Blessing,https://genshin-impact.fandom.com/wiki/File%3ATalent_Blazing_Blessing.png,https://static.wikia.nocookie.net/gensin-impact/images/9/9b/Talent_Blazing_Blessing.png/revision/latest?cb=20211014010727,5ad56a91150143354a58aa673869d4ef9eb817e5
1048_T02.png,skipped_existing,unknown,1048,托马,Thoma,burst,combat3,Elemental Burst,元素爆发,Crimson Ooyoroi,真红炽火之大铠,,,"托马旋转长枪，以炽烈的燃焰挥斩周围的敌人，造成火元素范围伤害，并产生炽火大铠。

炽火大铠
处于炽火大铠效果下的当前场上角色进行普通攻击时，将触发炽火崩破，造成火元素范围伤害，并唤出护体的烈烧佑命护盾。
炽火崩破每1秒至多触发一次。

产生的护盾，除伤害吸收量以外，特性与元素战技「烈烧佑命之侍护」的护盾相同：
·对火元素伤害有250%的吸收效果；
·护盾剩余的伤害吸收量在获取新的烈烧佑命护盾时将会叠加，并刷新持续时间。

护盾的伤害吸收量至多不超过托马生命值上限的一定比例。

托马倒下时，将会清除炽火大铠的效果。","Thoma spins his polearm, slicing at his foes with roaring flames that deal AoE Pyro DMG and weave themselves into a Scorching Ooyoroi.

Scorching Ooyoroi
While Scorching Ooyoroi is in effect, the active character's Normal Attacks will trigger Fiery Collapse, dealing AoE Pyro DMG and summoning a Blazing Barrier.
Fiery Collapse can be triggered once every 1s.

Except for the amount of DMG they can absorb, the Blazing Barriers created in this way are identical to those created by Thoma's Elemental Skill, Blazing Blessing:
·Absorbs Pyro DMG 250% more effectively.
·When a new Blazing Barrier is obtained, the remaining DMG Absorption of an existing Blazing Barrier will stack and its duration will be refreshed.

The maximum DMG Absorption of the Blazing Barrier will not exceed a certain percentage of Thoma's Max HP.

If Thoma falls, the effects of Scorching Ooyoroi will be cleared.",Talent Crimson Ooyoroi.png,https://genshin-impact.fandom.com/wiki/Crimson_Ooyoroi,https://genshin-impact.fandom.com/wiki/File%3ATalent_Crimson_Ooyoroi.png,https://static.wikia.nocookie.net/gensin-impact/images/e/e4/Talent_Crimson_Ooyoroi.png/revision/latest?cb=20211014010740,330c9cf0bb012868fb9ae38a712102d484ee19e7
1048_T03.png,downloaded,unknown,1048,托马,Thoma,passive,passive1,1st Ascension Passive,突破天赋1,Imbricated Armor,甲衣交叠,,,"当前场上自己的角色获取或刷新烈烧佑命护盾时，护盾强效提升5%，持续时间6秒。
此效果每0.3秒至多触发一次，至多叠加5次。","When your current active character obtains or refreshes a Blazing Barrier, this character's Shield Strength will increase by 5% for 6s.
This effect can be triggered once every 0.3s seconds. Max 5 stacks.",Talent Imbricated Armor.png,https://genshin-impact.fandom.com/wiki/Imbricated_Armor,https://genshin-impact.fandom.com/wiki/File%3ATalent_Imbricated_Armor.png,https://static.wikia.nocookie.net/gensin-impact/images/4/4b/Talent_Imbricated_Armor.png/revision/latest?cb=20211014010756,7b2f97416ac65dd43689485774a16b6d9bda0916
1048_T04.png,downloaded,unknown,1048,托马,Thoma,passive,passive2,4th Ascension Passive,突破天赋2,Flaming Assault,烈火攻燔,,,真红炽火之大铠的炽火崩破造成的伤害提高，提高值相当于托马生命值上限的2.2%。,DMG dealt by Crimson Ooyoroi's Fiery Collapse is increased by 2.2% of Thoma's Max HP.,Talent Flaming Assault.png,https://genshin-impact.fandom.com/wiki/Flaming_Assault,https://genshin-impact.fandom.com/wiki/File%3ATalent_Flaming_Assault.png,https://static.wikia.nocookie.net/gensin-impact/images/0/03/Talent_Flaming_Assault.png/revision/latest?cb=20211014010754,b756f02192eb19c11b43764b4f2ed377aad8a7c9
1048_T05.png,skipped_existing,unknown,1048,托马,Thoma,passive,passive3,Utility Passive,探索天赋,Snap and Swing,悬鲷狩,,,旅行者在稻妻成功钓鱼时，因为托马的帮助，有20%概率获得2倍产出。,"When you fish successfully in Inazuma, Thoma's help grants a 20% chance of scoring a double catch.",Talent Snap and Swing.png,https://genshin-impact.fandom.com/wiki/Snap_and_Swing,https://genshin-impact.fandom.com/wiki/File%3ATalent_Snap_and_Swing.png,https://static.wikia.nocookie.net/gensin-impact/images/1/14/Talent_Snap_and_Swing.png/revision/latest?cb=20211014010758,faf138435e3b29fc99b74f5ceea147e4d5befebb
1049_T01.png,downloaded,unknown,1049,五郎,Gorou,skill,combat2,Elemental Skill,元素战技,Inuzaka All-Round Defense,犬坂吠吠方圆阵,,,"造成岩元素范围伤害，并立起大将旗指物。

大将旗指物
依据施放时队伍中元素类型为岩元素的角色数量，为其领域内的当前场上角色赋予如下效果：
·一名角色时：「坚牢」：防御力提升；
·二名角色时：「难破」：除上述效果外，提升抗打断能力；
·三名角色时：「摧碎」：除上述效果外，获得岩元素伤害加成。

同时只能存在一个由五郎自己创造的大将旗指物；角色只能获得一个大将旗指物提供的效果。角色离开领域后，领域的效果将持续2秒。

长按
可以调整技能生效位置。","Deals AoE Geo DMG and sets up a General's War Banner.

General's War Banner
Provides up to 3 buffs to active characters within the skill's AoE based on the number of Geo characters in the party at the time of casting:
· 1 Geo character: Adds ""Standing Firm"" - DEF Bonus.
· 2 Geo characters: Adds ""Impregnable"" - Increased resistance to interruption.
· 3 Geo characters: Adds ""Crunch"" - Geo DMG Bonus.

Gorou can deploy only 1 General's War Banner on the field at any one time. Characters can only benefit from 1 General's War Banner at a time. When a party member leaves the field, the active buff will last for 2s.

Hold
Adjust the location of the skill.",Talent Inuzaka All-Round Defense.png,https://genshin-impact.fandom.com/wiki/Inuzaka_All-Round_Defense,https://genshin-impact.fandom.com/wiki/File%3ATalent_Inuzaka_All-Round_Defense.png,https://static.wikia.nocookie.net/gensin-impact/images/e/e6/Talent_Inuzaka_All-Round_Defense.png/revision/latest?cb=20211124031341,06aabc38a9b38f75300d11041080024cf8ddddfe
1049_T02.png,downloaded,unknown,1049,五郎,Gorou,burst,combat3,Elemental Burst,元素爆发,Juuga: Forward Unto Victory,兽牙逐突形胜战法,,,"展现大将之威，造成岩元素范围伤害，并展开大将威仪之领域，鼓舞身边的战友。

大将威仪
具有如下特性：
·领域拥有等同于元素战技「犬坂吠吠方圆阵」创造的大将旗指物的效果，依据施放时队伍中元素类型为岩元素的角色数量，为其领域内的当前场上角色赋予效果，并且会随着当前场上角色移动；
·每1.5秒，会产生一次岩晶崩破，对领域内一名敌人造成岩元素范围伤害；
·每1.5秒，将领域内1枚结晶反应产生的晶片吸引至当前角色的位置。

施放时，若场上存在五郎自己的大将旗指物，会将其破坏。此外，在大将威仪的持续期间，五郎自己施放元素战技「犬坂吠吠方圆阵」时，将不会产生大将旗指物。
五郎倒下时将解除五郎自己的大将威仪效果。","Displaying his valor as a general, Gorou deals AoE Geo DMG and creates a field known as General's Glory to embolden his comrades.

General's Glory
This field has the following properties:
· Like the General's War Banner created by Inuzaka All-Round Defense, provides buffs to active characters within the skill's AoE based on the number of Geo characters in the party. Also moves together with your active character.
· Generates 1 Crystal Collapse every 1.5s that deals AoE Geo DMG to 1 opponent within the skill's AoE.
· Pulls 1 elemental shard in the skill's AoE to your active character's position every 1.5s (elemental shards are created by Crystallize reactions).

If a General's War Banner created by Gorou currently exists on the field when this ability is used, it will be destroyed. In addition, for the duration of General's Glory, Gorou's Elemental Skill ""Inuzaka All-Round Defense"" will not create the General's War Banner.
 If Gorou falls, the effects of General's Glory will be cleared.",Talent Juuga Forward Unto Victory.png,https://genshin-impact.fandom.com/wiki/Juuga_Forward_Unto_Victory,https://genshin-impact.fandom.com/wiki/File%3ATalent_Juuga_Forward_Unto_Victory.png,https://static.wikia.nocookie.net/gensin-impact/images/f/f9/Talent_Juuga_Forward_Unto_Victory.png/revision/latest?cb=20211124031355,4eb51b40a826f8f846a44244babe24638e1babff
1049_T03.png,downloaded,unknown,1049,五郎,Gorou,passive,passive1,1st Ascension Passive,突破天赋1,Heedless of the Wind and Weather,不畏风雨,,,施放兽牙逐突形胜战法后的12秒内，附近的队伍中所有角色的防御力提升25%。,"After using Juuga: Forward Unto Victory, all nearby party members' DEF is increased by 25% for 12s.",Talent Heedless of the Wind and Weather.png,https://genshin-impact.fandom.com/wiki/Heedless_of_the_Wind_and_Weather,https://genshin-impact.fandom.com/wiki/File%3ATalent_Heedless_of_the_Wind_and_Weather.png,https://static.wikia.nocookie.net/gensin-impact/images/8/89/Talent_Heedless_of_the_Wind_and_Weather.png/revision/latest?cb=20211124031338,424ee79678ba2a2a405ed5abdd0648eb26ce6b41
1049_T04.png,skipped_existing,unknown,1049,五郎,Gorou,passive,passive3,Utility Passive,探索天赋,Seeker of Shinies,亮晶晶发现术,,,在小地图上显示周围的稻妻区域特产的位置。,Displays the location of nearby resources unique to Inazuma on the mini-map.,Talent Seeker of Shinies.png,https://genshin-impact.fandom.com/wiki/Seeker_of_Shinies,https://genshin-impact.fandom.com/wiki/File%3ATalent_Seeker_of_Shinies.png,https://static.wikia.nocookie.net/gensin-impact/images/8/82/Talent_Seeker_of_Shinies.png/revision/latest?cb=20211124031409,056f75281d55dcaf9f2a9468d33a447ff2ba2aaa
1050_T01.png,downloaded,unknown,1050,荒泷一斗,Arataki Itto,skill,combat2,Elemental Skill,元素战技,Masatsu Zetsugi: Akaushi Burst!,魔杀绝技·赤牛发破！,,,"将荒泷派编外成员小赤牛「阿丑」高速投掷出去，对命中的敌人造成岩元素伤害！「阿丑」命中敌人时，会为荒泷一斗提供1层「乱神之怪力」效果。

「阿丑」会留在场上提供支援：
·持续嘲讽周围的敌人，吸引火力；
·耐久度按比例继承荒泷一斗的生命值上限；
·受到伤害时，会为荒泷一斗自己提供1层「乱神之怪力」效果。每2秒至多通过这种方式提供1层；
·耐久度耗尽或持续时间结束时会逃走，并在离开时为荒泷一斗自己提供1层「乱神之怪力」效果。

长按
调整投掷方向。

「阿丑」被视为岩元素创造物；同时只能存在一个由荒泷一斗自己召唤的「阿丑」。","Hurls Ushi, the young akaushi bull and auxiliary member of the Arataki Gang, dealing Geo DMG to opponents on hit. When Ushi hits opponents, Arataki Itto gains 1 stack of Superlative Superstrength.

Ushi will remain on the field and provide support in the following ways:
· Taunts surrounding opponents and draws their attacks.
· Inherits HP based on a percentage of Arataki Itto's Max HP.
· When Ushi takes DMG, Arataki Itto gains 1 stack of Superlative Superstrength. Only 1 stack can be gained in this way every 2s.
· Ushi will flee when its HP reaches 0 or its duration ends. It will grant Arataki Itto 1 stack of Superlative Superstrength when it leaves.

Hold
Adjust throwing angle.

Ushi is considered a Geo construct. Arataki Itto can only deploy 1 Ushi on the field at any one time.",Talent Masatsu Zetsugi Akaushi Burst!.png,https://genshin-impact.fandom.com/wiki/Masatsu_Zetsugi_Akaushi_Burst%21,https://genshin-impact.fandom.com/wiki/File%3ATalent_Masatsu_Zetsugi_Akaushi_Burst%21.png,https://static.wikia.nocookie.net/gensin-impact/images/5/51/Talent_Masatsu_Zetsugi_Akaushi_Burst%21.png/revision/latest?cb=20211214133201,fa09156346f398b46d3f27636205161210bd815b
1050_T02.png,downloaded,unknown,1050,荒泷一斗,Arataki Itto,burst,combat3,Elemental Burst,元素爆发,"Royal Descent: Behold, Itto the Evil!",最恶鬼王·一斗轰临！！,,,"是时候展现荒泷派的一斗之威名了！在接下来的一段时间内化身「怒目鬼王」，使用鬼王金碎棒战斗。
具有如下特性：
·普通攻击、重击与下落攻击造成的伤害转为无法被附魔覆盖的岩元素伤害；
·提高荒泷一斗普通攻击的攻击速度，并基于其防御力，提高攻击力；
·第一与第三段攻击在命中敌人时，将为荒泷一斗自己提供1层「乱神之怪力」效果；
·荒泷一斗的所有元素抗性与物理抗性降低20%。

「怒目鬼王」状态将在荒泷一斗退场时解除。","Time to show 'em the might of the Arataki Gang! For a time, Itto lets out his inner Raging Oni King, wielding his Oni King's Kanabou in battle.
This state has the following special properties:
· Converts Itto's Normal, Charged, and Plunging Attacks to Geo DMG. This cannot be overridden.
· Increases Itto's Normal Attack SPD. Also increases his ATK based on his DEF.
· On hit, the 1st and 3rd strikes of his attack combo will each grant Arataki Itto 1 stack of Superlative Superstrength.
· Decreases Itto's Elemental and Physical RES by 20%.

The Raging Oni King state will be cleared when Itto leaves the field.","Talent Royal Descent Behold, Itto the Evil!.png",https://genshin-impact.fandom.com/wiki/Royal_Descent_Behold%2C_Itto_the_Evil%21,https://genshin-impact.fandom.com/wiki/File%3ATalent_Royal_Descent_Behold%2C_Itto_the_Evil%21.png,https://static.wikia.nocookie.net/gensin-impact/images/5/50/Talent_Royal_Descent_Behold%2C_Itto_the_Evil%21.png/revision/latest?cb=20211214133926,0145fcd8833decc115b19bbb048262686ade0537
1050_T03.png,downloaded,unknown,1050,荒泷一斗,Arataki Itto,passive,passive1,1st Ascension Passive,突破天赋1,Arataki Ichiban,荒泷第一,,,"荒泷一斗施展连续的「荒泷逆袈裟」时，获得以下效果：
·每次斩击都将使接下来的斩击攻击速度提升10%，通过这种方法至多提升30%；
·提升抗打断能力。

这些效果将在连续施展结束时消失。","When Arataki Itto uses consecutive Arataki Kesagiri, he obtains the following effects:
· Each slash increases the ATK SPD of the next slash by 10%. Max ATK SPD increase is 30%.
· Increases his resistance to interruption.

These effects will be cleared once he stops performing consecutive slashes.",Talent Arataki Ichiban.png,https://genshin-impact.fandom.com/wiki/Arataki_Ichiban,https://genshin-impact.fandom.com/wiki/File%3ATalent_Arataki_Ichiban.png,https://static.wikia.nocookie.net/gensin-impact/images/a/a5/Talent_Arataki_Ichiban.png/revision/latest?cb=20211214133157,48d8b97550cbbc398f9feaefb5eb022c4a496a91
1050_T04.png,downloaded,unknown,1050,荒泷一斗,Arataki Itto,passive,passive2,4th Ascension Passive,突破天赋2,Bloodline of the Crimson Oni,赤鬼之血,,,「荒泷逆袈裟」造成的伤害提高，伤害提高值基于荒泷一斗防御力的35%。,Arataki Kesagiri DMG is increased by 35% of Arataki Itto's DEF.,Talent Bloodline of the Crimson Oni.png,https://genshin-impact.fandom.com/wiki/Bloodline_of_the_Crimson_Oni,https://genshin-impact.fandom.com/wiki/File%3ATalent_Bloodline_of_the_Crimson_Oni.png,https://static.wikia.nocookie.net/gensin-impact/images/d/db/Talent_Bloodline_of_the_Crimson_Oni.png/revision/latest?cb=20211214133159,8a8caf7a4e991645cdca6ed68e4c942a450d1ccc
1050_T05.png,skipped_existing,unknown,1050,荒泷一斗,Arataki Itto,passive,passive3,Utility Passive,探索天赋,Woodchuck Chucked,干裂枝碎,,,队伍中自己的角色通过攻击树木获取木材时，有25%的几率获得额外的木材。,"When a party member uses attacks to obtain wood from a tree, they have a 25% chance to get an additional log of wood.",Talent Woodchuck Chucked.png,https://genshin-impact.fandom.com/wiki/Woodchuck_Chucked,https://genshin-impact.fandom.com/wiki/File%3ATalent_Woodchuck_Chucked.png,https://static.wikia.nocookie.net/gensin-impact/images/4/47/Talent_Woodchuck_Chucked.png/revision/latest?cb=20211214133211,a64c220fc153e41353e36db64e3d368ed00666f8
1051_T01.png,downloaded,unknown,1051,申鹤,Shenhe,skill,combat2,Elemental Skill,元素战技,Spring Spirit Summoning,仰灵威召将役咒,,,"凝叠银之霜露，摒退一切邪魔。
为队伍中附近的所有角色施加「冰翎」效果，并依据点按、长按，以不同的方式造成冰元素伤害。

点按
与「箓灵」一同向前突进，对路径上的敌人造成冰元素伤害。

长按
律令「箓灵」，造成冰元素范围伤害。

冰翎
普通攻击、重击、下落攻击、元素战技和元素爆发伤害对敌人造成冰元素伤害时，基于申鹤自己当前的攻击力，提高造成的伤害。

「冰翎」效果会在持续时间结束或生效一定次数后消失。长按施加的「冰翎」相比点按，拥有更长的持续时间与更多的生效次数。
一次冰元素伤害同时命中多名敌人时，会依据命中敌人的数量消耗生效次数；队伍中具有「冰翎」的角色，其生效次数单独计算。","The frosted dew, silvery and dense, shall exorcise all demons.
Grants all nearby party members the Icy Quill effect and deals Cryo DMG in different ways based on whether it is pressed or held.

Press
Rushes forward together with a Talisman Spirit, dealing Cryo DMG to opponents along the path.

Hold
Commands the Talisman Spirit to deal AoE Cryo DMG.

Icy Quill
When Normal, Charged, and Plunging Attacks, Elemental Skills, and Elemental Bursts deal Cryo DMG to opponents, the DMG dealt is increased based on Shenhe's current ATK.

The Icy Quill's effects will be cleared once its duration ends or after being triggered a certain number of times. When held rather than pressed, the Icy Quill's effect lasts longer and can be triggered more times.
When one Cryo DMG instance strikes multiple opponents, the effect is triggered multiple times based on the number of opponents hit. The number of times the effect is triggered is calculated independently for each party member with the Icy Quill.",Talent Spring Spirit Summoning.png,https://genshin-impact.fandom.com/wiki/Spring_Spirit_Summoning,https://genshin-impact.fandom.com/wiki/File%3ATalent_Spring_Spirit_Summoning.png,https://static.wikia.nocookie.net/gensin-impact/images/6/6c/Talent_Spring_Spirit_Summoning.png/revision/latest?cb=20220105031034,875737f34fa712cdba25214ab7e908b2e79b2f08
1051_T02.png,skipped_existing,unknown,1051,申鹤,Shenhe,burst,combat3,Elemental Burst,元素爆发,Divine Maiden's Deliverance,神女遣灵真诀,,,"解放「箓灵」的力量，驱使其驰骋世间，造成冰元素范围伤害。
「箓灵」将结成领域，使其中敌人的冰元素抗性与物理抗性降低，并持续对其中的敌人造成冰元素伤害。","Unleashes the power of the Talisman Spirit, allowing it to roam free in this plane, dealing AoE Cryo DMG.
The Talisman Spirit then creates a field that decreases the Cryo RES and Physical RES of opponents within it. It also deals periodic Cryo DMG to opponents within the field.",Talent Divine Maiden's Deliverance.png,https://genshin-impact.fandom.com/wiki/Divine_Maiden%27s_Deliverance,https://genshin-impact.fandom.com/wiki/File%3ATalent_Divine_Maiden%27s_Deliverance.png,https://static.wikia.nocookie.net/gensin-impact/images/d/d5/Talent_Divine_Maiden%27s_Deliverance.png/revision/latest?cb=20220105031023,7dabd593f2f645d4af1603dec131bbee8145169e
1051_T03.png,downloaded,unknown,1051,申鹤,Shenhe,passive,passive1,1st Ascension Passive,突破天赋1,Deific Embrace,大洞弥罗尊法,,,处于神女遣灵真诀的领域中的当前场上角色，冰元素伤害加成提高15%。,An active character within the field created by Divine Maiden's Deliverance gains 15% Cryo DMG Bonus.,Talent Deific Embrace.png,https://genshin-impact.fandom.com/wiki/Deific_Embrace,https://genshin-impact.fandom.com/wiki/File%3ATalent_Deific_Embrace.png,https://static.wikia.nocookie.net/gensin-impact/images/2/29/Talent_Deific_Embrace.png/revision/latest?cb=20220105031021,d935db3d3adfe99da704f1c240294dafd7fb298f
1051_T04.png,skipped_existing,unknown,1051,申鹤,Shenhe,passive,passive2,4th Ascension Passive,突破天赋2,Spirit Communion Seal,缚灵通真法印,,,"申鹤施放仰灵威召将役咒后，将使附近的队伍中所有角色获得如下效果：
·点按：元素战技和元素爆发造成的伤害提高15%，持续10秒；
·长按：普通攻击、重击和下落攻击造成的伤害提高15%，持续15秒。","After Shenhe uses Spring Spirit Summoning, she will grant all nearby party members the following effects:
· Press: Elemental Skill and Elemental Burst DMG increased by 15% for 10s.
· Hold: Normal, Charged, and Plunging Attack DMG increased by 15% for 15s.",Talent Spirit Communion Seal.png,https://genshin-impact.fandom.com/wiki/Spirit_Communion_Seal,https://genshin-impact.fandom.com/wiki/File%3ATalent_Spirit_Communion_Seal.png,https://static.wikia.nocookie.net/gensin-impact/images/5/5c/Talent_Spirit_Communion_Seal.png/revision/latest?cb=20220105031032,23e30cc9ad23d48a8d9f4b15fa48d731700c86cb
1051_T05.png,downloaded,unknown,1051,申鹤,Shenhe,passive,passive3,Utility Passive,探索天赋,Precise Comings and Goings,来复知时,,,在璃月执行时长为20小时的探索派遣任务时，获得的奖励增加25%。,Gains 25% more rewards when dispatched on a Liyue Expedition for 20 hours.,Talent Precise Comings and Goings.png,https://genshin-impact.fandom.com/wiki/Precise_Comings_and_Goings,https://genshin-impact.fandom.com/wiki/File%3ATalent_Precise_Comings_and_Goings.png,https://static.wikia.nocookie.net/gensin-impact/images/d/d0/Talent_Precise_Comings_and_Goings.png/revision/latest?cb=20220104132035,d45d0f45402ce07c97dc42bfaf17c25cc53c827f
1052_T01.png,downloaded,unknown,1052,云堇,Yun Jin,skill,combat2,Elemental Skill,元素战技,Opening Flourish,旋云开相,,,"云先生的武戏架势，是真能御敌的。

点按
以拨云之势旋舞长枪，造成岩元素伤害。

长按
摆出旋云开相之架势蓄力，形成护盾，伤害吸收量受益于云堇的生命值上限，对所有元素伤害与物理伤害有150%的吸收效果。护盾持续至元素战技施放完毕。
松开技能、持续时间结束时，或护盾被破坏时，会挥舞长枪释放积攒的力量进行攻击，造成岩元素伤害。
依据蓄力的时间，释放时的状态将分为一段蓄力与二段蓄力。","Ms. Yun may just be acting out fights on stage, but her skills with the spear are real enough to defend against her foes.

Press
Flourishes her polearm in a cloud-grasping stance, dealing Geo DMG.

Hold
Takes up the Opening Flourish stance and charges up, forming a shield. DMG Absorption is based on Yun Jin's Max HP and has 150% effectiveness against all Elemental DMG and Physical DMG. The shield lasts until she finishes unleashing her Elemental Skill.
When the skill is released, when its duration ends, or when the shield breaks, Yun Jin will unleash the charged energy as an attack, dealing Geo DMG.
Based on the time spent charging, it will either unleash an attack at Charge Level 1 or Level 2.",Talent Opening Flourish.png,https://genshin-impact.fandom.com/wiki/Opening_Flourish,https://genshin-impact.fandom.com/wiki/File%3ATalent_Opening_Flourish.png,https://static.wikia.nocookie.net/gensin-impact/images/9/92/Talent_Opening_Flourish.png/revision/latest?cb=20220105031149,5c9cd449852c289aba197c93477aa0b5c24de03e
1052_T02.png,skipped_existing,unknown,1052,云堇,Yun Jin,burst,combat3,Elemental Burst,元素爆发,Cliffbreaker's Banner,破嶂见旌仪,,,"造成岩元素范围伤害，并为附近的队伍中所有角色赋予「飞云旗阵」。

飞云旗阵
对敌人造成普通攻击伤害时，基于云堇自己当前的防御力，提高造成的伤害。

「飞云旗阵」效果会在持续时间结束或生效一定次数后消失。
一次普通攻击同时命中多名敌人时，会依据命中敌人的数量消耗生效次数；队伍中具有「飞云旗阵」的角色，其生效次数单独计算。","Deals AoE Geo DMG and grants all nearby party members a Flying Cloud Flag Formation.

Flying Cloud Flag Formation
When Normal Attack DMG is dealt to opponents, Bonus DMG will be dealt based on Yun Jin's current DEF.

The effects of this skill will be cleared after a set duration or after being triggered a specific number of times.
When one Normal Attack hits multiple opponents, the effect is triggered multiple times according to the number of opponents hit. The number of times that the effect is triggered is counted independently for each member of the party with Flying Cloud Flag Formation.",Talent Cliffbreaker's Banner.png,https://genshin-impact.fandom.com/wiki/Cliffbreaker%27s_Banner,https://genshin-impact.fandom.com/wiki/File%3ATalent_Cliffbreaker%27s_Banner.png,https://static.wikia.nocookie.net/gensin-impact/images/5/59/Talent_Cliffbreaker%27s_Banner.png/revision/latest?cb=20220105031137,19c2eb3f51df1d0a180d4ad166ce0b63288253c0
1052_T03.png,downloaded,unknown,1052,云堇,Yun Jin,passive,passive2,4th Ascension Passive,突破天赋2,Breaking Conventions,莫从恒蹊,,,「飞云旗阵」提供的普通攻击伤害提高，当队伍中存在1/2/3/4种元素类型的角色时，数值上进一步追加云堇防御力的2.5%/5%/7.5%/11.5%。,"The Normal Attack DMG Bonus granted by Flying Cloud Flag Formation is further increased by 2.5%/5%/7.5%/11.5% of Yun Jin's DEF when the party contains characters of 1/2/3/4 Elemental Types, respectively.",Talent Breaking Conventions.png,https://genshin-impact.fandom.com/wiki/Breaking_Conventions,https://genshin-impact.fandom.com/wiki/File%3ATalent_Breaking_Conventions.png,https://static.wikia.nocookie.net/gensin-impact/images/f/fa/Talent_Breaking_Conventions.png/revision/latest?cb=20220105031134,fca9c678ddb4668b84cf0a13d634715aac1f04b5
1052_T04.png,downloaded,unknown,1052,云堇,Yun Jin,passive,passive3,Utility Passive,探索天赋,Light Nourishment,清食养性,,,完美烹饪冒险类食物时，有12%概率获得2倍产出。,"When Perfect Cooking is achieved on Food with Adventure-related effects, there is a 12% chance to obtain double the product.",Talent Light Nourishment.png,https://genshin-impact.fandom.com/wiki/Light_Nourishment,https://genshin-impact.fandom.com/wiki/File%3ATalent_Light_Nourishment.png,https://static.wikia.nocookie.net/gensin-impact/images/3/39/Talent_Light_Nourishment.png/revision/latest?cb=20220105031146,49176ec1c769f7dc5554f7e46e4b0784cace58be
1053_T01.png,downloaded,unknown,1053,八重神子,Yae Miko,skill,combat2,Elemental Skill,元素战技,Yakan Evocation: Sesshou Sakura,野干役咒·杀生樱,,,"对八重而言，驱役精怪就能解决的麻烦，自然是无须亲力亲为的。
迅速移动，并留下一株「杀生樱」。

杀生樱
具有如下特性：
·间歇性对周围的一名敌人降下落雷，造成雷元素伤害；
·附近存在其他的杀生樱时，将提升其位阶，提高上述攻击造成的伤害。

拥有3次可使用次数。
最多同时存在3株杀生樱，杀生樱创造时的初始位阶为壹阶，阶级初始至多提升至叁阶。若创造的位置与已有的杀生樱距离过近，则会摧毁已有的杀生樱。","To Yae, such dull tasks as can be accomplished by driving spirits out need not be done personally.
Moves swiftly, leaving a Sesshou Sakura behind.

Sesshou Sakura
Has the following properties:
· Periodically strikes one nearby opponent with lightning, dealing Electro DMG
· When there are other Sesshou Sakura nearby, their level will increase, boosting the DMG dealt by these lightning strikes.

This skill has three charges.
A maximum of 3 Sesshou Sakura can exist simultaneously. The initial level of each Sesshou Sakura is 1, and the initial highest level each sakura can reach is 3. If a new Sesshou Sakura is created too close to an existing one, the existing one will be destroyed.",Talent Yakan Evocation Sesshou Sakura.png,https://genshin-impact.fandom.com/wiki/Yakan_Evocation_Sesshou_Sakura,https://genshin-impact.fandom.com/wiki/File%3ATalent_Yakan_Evocation_Sesshou_Sakura.png,https://static.wikia.nocookie.net/gensin-impact/images/9/93/Talent_Yakan_Evocation_Sesshou_Sakura.png/revision/latest?cb=20220216034935,e0a1bc3d36f07e0585187a432b8fea86573fa299
1053_T02.png,downloaded,unknown,1053,八重神子,Yae Miko,burst,combat3,Elemental Burst,元素爆发,Great Secret Art: Tenko Kenshin,大密法·天狐显真,,,"稻妻民话中有「狐凭」一说。其中比较特殊的「天狐之凭」会以雷霆的形式降临在鸣神大社的敌人身上。降下雷电，造成雷元素范围伤害。
施放时，八重神子会解放附近的杀生樱，摧毁它们的形姿，化作天狐霆雷降下，造成雷元素范围伤害。每通过这种方式摧毁一株杀生樱，就能降下一道天狐霆雷。","Legends of ""kitsunetsuki,"" or the manifestation of a kitsune's might, are common in Inazuma's folktales. One that particularly captures the imagination is that of the Sky Kitsune, said to cause lightning to fall down upon the foes of the Grand Narukami Shrine. Summons a lightning strike, dealing AoE Electro DMG.
When she uses this skill, Yae Miko will unseal nearby Sesshou Sakura, destroying their outer forms and transforming them into Tenko Thunderbolts that descend from the skies, dealing AoE Electro DMG. Each Sesshou Sakura destroyed in this way will create one Tenko Thunderbolt.",Talent Great Secret Art Tenko Kenshin.png,https://genshin-impact.fandom.com/wiki/Great_Secret_Art_Tenko_Kenshin,https://genshin-impact.fandom.com/wiki/File%3ATalent_Great_Secret_Art_Tenko_Kenshin.png,https://static.wikia.nocookie.net/gensin-impact/images/9/93/Talent_Great_Secret_Art_Tenko_Kenshin.png/revision/latest?cb=20220216034946,0f337d79f7a5232ea5293199be16ed411466f394
1053_T03.png,downloaded,unknown,1053,八重神子,Yae Miko,passive,passive1,1st Ascension Passive,突破天赋1,The Shrine's Sacred Shade,神篱之御荫,,,施放大密法·天狐显真时，每摧毁一株杀生樱，就会重置一次野干役咒·杀生樱的冷却时间。,"When casting Great Secret Art: Tenko Kenshin, each Sesshou Sakura destroyed resets the cooldown for 1 charge of Yakan Evocation: Sesshou Sakura.",Talent The Shrine's Sacred Shade.png,https://genshin-impact.fandom.com/wiki/The_Shrine%27s_Sacred_Shade,https://genshin-impact.fandom.com/wiki/File%3ATalent_The_Shrine%27s_Sacred_Shade.png,https://static.wikia.nocookie.net/gensin-impact/images/6/68/Talent_The_Shrine%27s_Sacred_Shade.png/revision/latest?cb=20220216034932,d622dd55ddb4e1cb2d82def44b1dcbfe888c7096
1053_T04.png,downloaded,unknown,1053,八重神子,Yae Miko,passive,passive2,4th Ascension Passive,突破天赋2,Enlightened Blessing,启蜇之祝词,,,八重神子的每点元素精通，能使杀生樱造成的伤害提升0.15%。,Every point of Elemental Mastery Yae Miko possesses will increase Sesshou Sakura DMG by 0.15%.,Talent Enlightened Blessing.png,https://genshin-impact.fandom.com/wiki/Enlightened_Blessing,https://genshin-impact.fandom.com/wiki/File%3ATalent_Enlightened_Blessing.png,https://static.wikia.nocookie.net/gensin-impact/images/b/ba/Talent_Enlightened_Blessing.png/revision/latest?cb=20220216034943,c2423f03eac0357c2bf9107345ef6a200b430a1b
1053_T05.png,downloaded,unknown,1053,八重神子,Yae Miko,passive,passive3,Utility Passive,探索天赋,Meditations of a Yako,野狐说禅,,,合成角色天赋素材时，有25%概率额外产生一份地区相同的其他随机天赋素材，等阶与合成所消耗的素材相同。,Has a 25% chance to get 1 regional Character Talent Material (base material excluded) when crafting. The rarity is that of the base material.,Talent Meditations of a Yako.png,https://genshin-impact.fandom.com/wiki/Meditations_of_a_Yako,https://genshin-impact.fandom.com/wiki/File%3ATalent_Meditations_of_a_Yako.png,https://static.wikia.nocookie.net/gensin-impact/images/e/e5/Talent_Meditations_of_a_Yako.png/revision/latest?cb=20220216034958,d0b2e532300b1034eeb1a737740b25f9d8919625
1053_T06.png,downloaded,unknown,1053,八重神子,Yae Miko,extra,,,,Edict of Cleansing,,,,,,Talent Edict of Cleansing.png,https://genshin-impact.fandom.com/wiki/Edict_of_Cleansing,https://genshin-impact.fandom.com/wiki/File%3ATalent_Edict_of_Cleansing.png,https://static.wikia.nocookie.net/gensin-impact/images/3/3c/Talent_Edict_of_Cleansing.png/revision/latest?cb=20260704004236,02dd2e11cf6958f99a4bdbbb50128109e0157922
1054_T01.png,downloaded,unknown,1054,神里绫人,Kamisato Ayato,skill,combat2,Elemental Skill,元素战技,Kamisato Art: Kyouka,神里流·镜花,,,"神里绫人垫步移动并进入「泷廻鉴花」状态。
移动后，神里绫人原本的位置上将产生「水影」。水影完全形成后，将在附近存在敌人或持续时间结束时破裂，造成水元素范围伤害。

泷廻鉴花
在此状态下，神里绫人将使用瞬水剑进行迅速的攻击，将普通攻击造成的伤害转为无法被附魔覆盖的水元素范围伤害。
此外，具有如下效果：
·瞬水剑攻击命中敌人后，将为神里绫人赋予「浪闪」效果，基于神里绫人自己当前的生命值上限，提升瞬水剑造成的伤害。浪闪初始至多叠加4层，每0.1秒至多通过瞬水剑攻击获得一层，将在泷廻鉴花状态结束时消失。
·提高神里绫人的抗打断能力；
·无法施放重击与下落攻击。

泷廻鉴花状态将在神里绫人退场时解除；处于泷廻鉴花状态下时再次施放神里流·镜花，将移除已有的泷廻鉴花状态。","Kamisato Ayato shifts positions and enters the Takimeguri Kanka state.
After this shift, he will leave a watery illusion at his original location. After it is formed, the watery illusion will explode if opponents are nearby or after its duration ends, dealing AoE Hydro DMG.

Takimeguri Kanka
In this state, Kamisato Ayato uses his Shunsuiken to engage in blindingly fast attacks, causing DMG from his Normal Attacks to be converted into AoE Hydro DMG. This cannot be overridden.
It also has the following properties:
·After a Shunsuiken attack hits an opponent, it will grant Ayato the Namisen effect, increasing the DMG dealt by Shunsuiken based on Ayato's current Max HP. The initial maximum number of Namisen stacks is 4, and 1 stack can be gained through Shunsuiken every 0.1s. This effect will be dispelled when Takimeguri Kanka ends.
·Kamisato Ayato's resistance to interruption is increased.
·Unable to use Charged or Plunging Attacks.

Takimeguri Kanka will be cleared when Ayato leaves the field. Using Kamisato Art: Kyouka again while in the Takimeguri Kanka state will reset and replace the pre-existing state.",Talent Kamisato Art Kyouka.png,https://genshin-impact.fandom.com/wiki/Kamisato_Art_Kyouka,https://genshin-impact.fandom.com/wiki/File%3ATalent_Kamisato_Art_Kyouka.png,https://static.wikia.nocookie.net/gensin-impact/images/5/5d/Talent_Kamisato_Art_Kyouka.png/revision/latest?cb=20220330033102,d0b8d7af41b3626db92e65b7676439cb7fcb567a
1054_T02.png,downloaded,unknown,1054,神里绫人,Kamisato Ayato,burst,combat3,Elemental Burst,元素爆发,Kamisato Art: Suiyuu,神里流·水囿,,,"展开清净之园囿，熄灭其中一切嚣闹。
存在期间，其中会持续降下水花剑，攻击范围内的敌人，造成水元素伤害，并提高其中的角色的普通攻击伤害。","Unveils a garden of purity that silences the cacophony within.
While this space exists, Bloomwater Blades will constantly rain down and attack opponents within its AoE, dealing Hydro DMG and increasing the Normal Attack DMG of characters within.",Talent Kamisato Art Suiyuu.png,https://genshin-impact.fandom.com/wiki/Kamisato_Art_Suiyuu,https://genshin-impact.fandom.com/wiki/File%3ATalent_Kamisato_Art_Suiyuu.png,https://static.wikia.nocookie.net/gensin-impact/images/e/e8/Talent_Kamisato_Art_Suiyuu.png/revision/latest?cb=20220330033121,8fb07c0e464ff44f36c5945ab4d2ace65cb7c96e
1054_T03.png,downloaded,unknown,1054,神里绫人,Kamisato Ayato,passive,passive1,1st Ascension Passive,突破天赋1,Kamisato Art: Mine Wo Matoishi Kiyotaki,神里流·清泷绕峰,,,"神里流·镜花具有如下效果：
·施放后，神里绫人会获得2层浪闪效果；
·水影破裂后，神里绫人将获得等同于叠加上限层数的浪闪效果。","Kamisato Art: Kyouka has the following properties:
·After it is used, Kamisato Ayato will gain 2 Namisen stacks.
·When the water illusion explodes, Ayato will gain a Namisen effect equal to the maximum number of stacks possible.",Talent Kamisato Art Mine Wo Matoishi Kiyotaki.png,https://genshin-impact.fandom.com/wiki/Kamisato_Art_Mine_Wo_Matoishi_Kiyotaki,https://genshin-impact.fandom.com/wiki/File%3ATalent_Kamisato_Art_Mine_Wo_Matoishi_Kiyotaki.png,https://static.wikia.nocookie.net/gensin-impact/images/7/77/Talent_Kamisato_Art_Mine_Wo_Matoishi_Kiyotaki.png/revision/latest?cb=20220330033118,5fc409945d1db1d75312611c98a219f655f5b47d
1054_T04.png,downloaded,unknown,1054,神里绫人,Kamisato Ayato,passive,passive2,4th Ascension Passive,突破天赋2,Kamisato Art: Michiyuku Hagetsu,神里流·破月渐盈,,,神里绫人处于队伍后台时，若元素能量低于40点，每1秒为自己恢复2点元素能量。,"If Kamisato Ayato is not on the field and his Energy is less than 40, he will regenerate 2 Energy for himself every second.",Talent Kamisato Art Michiyuku Hagetsu.png,https://genshin-impact.fandom.com/wiki/Kamisato_Art_Michiyuku_Hagetsu,https://genshin-impact.fandom.com/wiki/File%3ATalent_Kamisato_Art_Michiyuku_Hagetsu.png,https://static.wikia.nocookie.net/gensin-impact/images/b/ba/Talent_Kamisato_Art_Michiyuku_Hagetsu.png/revision/latest?cb=20220330033116,25cb88133e0fda893da948247fd3439e8351c868
1054_T05.png,downloaded,unknown,1054,神里绫人,Kamisato Ayato,passive,passive3,Utility Passive,探索天赋,Kamisato Art: Daily Cooking,神里流·日常茶饭,,,完美烹饪食物时，有18%概率额外获得一个「奇怪的」品质的同种料理。,"When Ayato cooks a dish perfectly, he has an 18% chance to receive an additional ""Suspicious"" dish of the same type.",Talent Kamisato Art Daily Cooking.png,https://genshin-impact.fandom.com/wiki/Kamisato_Art_Daily_Cooking,https://genshin-impact.fandom.com/wiki/File%3ATalent_Kamisato_Art_Daily_Cooking.png,https://static.wikia.nocookie.net/gensin-impact/images/4/43/Talent_Kamisato_Art_Daily_Cooking.png/revision/latest?cb=20220330033050,45fb6cef3475be385b134fc378910b78b1472169
1055_T01.png,downloaded,unknown,1055,夜兰,Yelan,skill,combat2,Elemental Skill,元素战技,Lingering Lifeline,萦络纵命索,,,"牵引「络命丝」疾走，缠络标记途径的敌人。
疾走结束时，「络命丝」将会爆发，基于夜兰的生命值上限，对标记的敌人造成水元素伤害。

点按
快速向前疾走一段距离。

长按
持续疾走，并在该状态下提高夜兰的抗打断能力。
期间，夜兰可以控制疾走的方向，并能通过再次施放技能，提前结束疾走状态。

此外，「络命丝」爆发时，依照标记敌人的数量，夜兰将有概率获得「破局」状态：每个标记的敌人能使概率提升34%。","Fires off a Lifeline that allows her to move rapidly, entangling and marking opponents along its path.
When this rapid movement ends, the Lifeline will explode, dealing Hydro DMG to the marked opponents based on Yelan's Max HP.

Tap
Moves a certain distance forward swiftly.

Hold
Engages in continuous, swift movement, during which Yelan's resistance to interruption is increased.
During this time, Yelan can control this rapid movement and end it by using this Skill again.

Additionally, each opponent marked by the Lifeline when it explodes grants Yelan a 34% chance to reset her Breakthrough state.",Talent Lingering Lifeline.png,https://genshin-impact.fandom.com/wiki/Lingering_Lifeline,https://genshin-impact.fandom.com/wiki/File%3ATalent_Lingering_Lifeline.png,https://static.wikia.nocookie.net/gensin-impact/images/5/59/Talent_Lingering_Lifeline.png/revision/latest?cb=20220531032912,957a8345a312dba501024a845a6e1ee97c4ca61f
1055_T02.png,skipped_existing,unknown,1055,夜兰,Yelan,burst,combat3,Elemental Burst,元素爆发,Depth-Clarion Dice,渊图玲珑骰,,,"造成水元素范围伤害，并凝聚出「玄掷玲珑」，协助进行战斗。

玄掷玲珑
将跟随角色，并在以下情况下，进行协同攻击，基于夜兰的生命值上限造成水元素伤害：
·队伍中自己的当前场上角色进行普通攻击时，每1秒至多触发一次；
·夜兰自己的「络命丝」爆发并命中敌人时，将进行一次协同攻击。","Deals AoE Hydro DMG and creates an ""Exquisite Throw,"" which aids her in battle.

Exquisite Throw
Follows the character around and will initiate a coordinated attack under the following circumstances, dealing Hydro DMG based on Yelan's Max HP:
·Can occur once every second when your active character uses a Normal Attack.
·Will occur each time Yelan's Lifeline explodes and hits opponents.",Talent Depth-Clarion Dice.png,https://genshin-impact.fandom.com/wiki/Depth-Clarion_Dice,https://genshin-impact.fandom.com/wiki/File%3ATalent_Depth-Clarion_Dice.png,https://static.wikia.nocookie.net/gensin-impact/images/b/bd/Talent_Depth-Clarion_Dice.png/revision/latest?cb=20220531032904,17ea3c0e91646e9bb9a81306123ec41d13d175e1
1055_T03.png,downloaded,unknown,1055,夜兰,Yelan,passive,passive1,1st Ascension Passive,突破天赋1,Turn Control,猜先有方,,,队伍存在1/2/3/4种元素类型的角色时，夜兰的生命值上限提升6%/12%/18%/30%。,"When the party has 1/2/3/4 Elemental Types, Yelan's Max HP is increased by 6%/12%/18%/30%.",Talent Turn Control.png,https://genshin-impact.fandom.com/wiki/Turn_Control,https://genshin-impact.fandom.com/wiki/File%3ATalent_Turn_Control.png,https://static.wikia.nocookie.net/gensin-impact/images/4/42/Talent_Turn_Control.png/revision/latest?cb=20220531032920,52741f152d7de7b52e811823fbb0eaea9b47e781
1055_T04.png,downloaded,unknown,1055,夜兰,Yelan,passive,passive2,4th Ascension Passive,突破天赋2,Adapt With Ease,妙转随心,,,"「玄掷玲珑」存在期间，能使队伍中自己的当前场上角色造成的伤害提高1%，并且每1秒进一步提高3.5%，至多使角色造成的伤害提高50%。
效果存在期间重新施放渊图玲珑骰，将移除原有的上述效果。","So long as an Exquisite Throw is in play, your own active character deals 1% more DMG. This increases by a further 3.5% DMG every second. The maximum increase to DMG dealt is 50%.
The pre-existing effect will be dispelled if Depth-Clarion Dice is recast during its duration.",Talent Adapt With Ease.png,https://genshin-impact.fandom.com/wiki/Adapt_With_Ease,https://genshin-impact.fandom.com/wiki/File%3ATalent_Adapt_With_Ease.png,https://static.wikia.nocookie.net/gensin-impact/images/9/9d/Talent_Adapt_With_Ease.png/revision/latest?cb=20220531032922,7ed3cbf3a71397a7bcb629c1d775762f09e14e28
1055_T05.png,skipped_existing,unknown,1055,夜兰,Yelan,passive,passive3,Utility Passive,探索天赋,Necessary Calculation,长考一着,,,在璃月执行时长为20小时的探索派遣任务时，获得的奖励增加25%。,Gains 25% more rewards when dispatched on a Liyue Expedition for 20 hours.,Talent Necessary Calculation.png,https://genshin-impact.fandom.com/wiki/Necessary_Calculation,https://genshin-impact.fandom.com/wiki/File%3ATalent_Necessary_Calculation.png,https://static.wikia.nocookie.net/gensin-impact/images/b/bd/Talent_Necessary_Calculation.png/revision/latest?cb=20220531032918,bf01e944da89f456f578bbe7b22220767256cd2a
1055_T06.png,downloaded,unknown,1055,夜兰,Yelan,extra,,,,Lingering Lifeline 2,,,,,,Talent Lingering Lifeline 2.png,https://genshin-impact.fandom.com/wiki/Lingering_Lifeline_2,https://genshin-impact.fandom.com/wiki/File%3ATalent_Lingering_Lifeline_2.png,https://static.wikia.nocookie.net/gensin-impact/images/f/fb/Talent_Lingering_Lifeline_2.png/revision/latest?cb=20220531124454,75eed8c1fa097d03a63f3f18826bbcc66f37e581
1056_T01.png,downloaded,unknown,1056,久岐忍,Kuki Shinobu,skill,combat2,Elemental Skill,元素战技,Sanctifying Ring,越祓雷草之轮,,,"编结越祓草轮，消耗一部分生命值，对周围的敌人造成雷元素伤害。

越祓草轮
将跟随当前场上角色。每1.5秒，对周围的敌人造成雷元素伤害，并为范围内的当前场上角色恢复生命值，回复量受益于久岐忍的生命值上限。

施放该技能所消耗的生命值，至多使久岐忍的生命值降低至20%。","Creates a Grass Ring of Sanctification at the cost of part of her HP, dealing Electro DMG to nearby opponents.

Grass Ring of Sanctification
Follows your current active character around. Deals Electro DMG to nearby opponents every 1.5s and restores HP for active character(s) within the ring's AoE based on Kuki Shinobu's Max HP.

The HP consumption from using this skill can only bring her to 20% HP.",Talent Sanctifying Ring.png,https://genshin-impact.fandom.com/wiki/Sanctifying_Ring,https://genshin-impact.fandom.com/wiki/File%3ATalent_Sanctifying_Ring.png,https://static.wikia.nocookie.net/gensin-impact/images/d/d7/Talent_Sanctifying_Ring.png/revision/latest?cb=20220621110317,b35ea3e95e88a7cc0f8b8364e8953dc84ab5cd77
1056_T02.png,skipped_existing,unknown,1056,久岐忍,Kuki Shinobu,burst,combat3,Elemental Burst,元素爆发,Gyoei Narukami Kariyama Rite,御咏鸣神刈山祭,,,"将退邪之刃刺入地面，在前方创造清净邪物的结界，基于久岐忍的生命值上限，对其中的敌人持续造成雷元素伤害。
施放时，若久岐忍的生命值低于或等于50%，结界的持续时间将会延长。","Stabs an evil-excoriating blade into the ground, creating a field that cleanses the area of all that is foul, dealing continuous Electro DMG to opponents within its AoE based on Shinobu's Max HP.
If Shinobu's HP is less than or equal to 50% when this skill is used, the field will last longer.",Talent Gyoei Narukami Kariyama Rite.png,https://genshin-impact.fandom.com/wiki/Gyoei_Narukami_Kariyama_Rite,https://genshin-impact.fandom.com/wiki/File%3ATalent_Gyoei_Narukami_Kariyama_Rite.png,https://static.wikia.nocookie.net/gensin-impact/images/4/47/Talent_Gyoei_Narukami_Kariyama_Rite.png/revision/latest?cb=20220621110306,aaa7bfb823a5b8444e33e2f69c093a390bb5edae
1056_T03.png,downloaded,unknown,1056,久岐忍,Kuki Shinobu,passive,passive1,1st Ascension Passive,突破天赋1,Breaking Free,破笼之志,,,久岐忍的生命值不高于50%时，治疗加成提升15%。,"When Shinobu's HP is not higher than 50%, her Healing Bonus is increased by 15%.",Talent Breaking Free.png,https://genshin-impact.fandom.com/wiki/Breaking_Free,https://genshin-impact.fandom.com/wiki/File%3ATalent_Breaking_Free.png,https://static.wikia.nocookie.net/gensin-impact/images/c/c7/Talent_Breaking_Free.png/revision/latest?cb=20220621110323,72eaa3aa9fa6f10faf306941f1ad1ce826358814
1056_T04.png,downloaded,unknown,1056,久岐忍,Kuki Shinobu,passive,passive2,4th Ascension Passive,突破天赋2,Heart's Repose,安心之所,,,"基于久岐忍的元素精通，越祓雷草之轮获得以下提升：
·治疗量提升值：元素精通的75%；
·伤害提升值：元素精通的25%。","Sanctifying Ring's abilities will be boosted based on Shinobu's Elemental Mastery:
·Healing amount will be increased by 75% of Elemental Mastery.
·DMG dealt is increased by 25% of Elemental Mastery.",Talent Heart's Repose.png,https://genshin-impact.fandom.com/wiki/Heart%27s_Repose,https://genshin-impact.fandom.com/wiki/File%3ATalent_Heart%27s_Repose.png,https://static.wikia.nocookie.net/gensin-impact/images/1/13/Talent_Heart%27s_Repose.png/revision/latest?cb=20220621110312,857ec93d7df8316964e9ed5ad151da065a484da5
1056_T05.png,downloaded,unknown,1056,久岐忍,Kuki Shinobu,passive,passive3,Utility Passive,探索天赋,Protracted Prayers,久时的祝祷,,,在稻妻执行时长为20小时的探索派遣任务时，获得的奖励增加25%。,Gains 25% more rewards when dispatched on an Inazuma Expedition for 20 hours.,Talent Protracted Prayers.png,https://genshin-impact.fandom.com/wiki/Protracted_Prayers,https://genshin-impact.fandom.com/wiki/File%3ATalent_Protracted_Prayers.png,https://static.wikia.nocookie.net/gensin-impact/images/5/5e/Talent_Protracted_Prayers.png/revision/latest?cb=20220621110315,b9c085bdd52acf74f79115468d72fc1180dfb45a
1057_T01.png,downloaded,unknown,1057,鹿野院平藏,Shikanoin Heizou,skill,combat2,Elemental Skill,元素战技,Heartstopper Strike,勠心拳,,,"点按
驱使疾风，向前打出勠心拳，造成风元素伤害。

长按
积蓄力量，以施展更为强大的拳势。蓄力期间，将持续获得能提升勠心拳威力的「变格」效果；松开技能或蓄力结束时，会向前打出勠心拳，造成风元素伤害。

变格
提升下一次勠心拳造成的伤害，至多叠加4层。
拥有4层「变格」时，将产生「正论」效果，使下一次勠心拳造成的伤害将进一步提高，并拥有更大的影响范围。","Tap
Wields the swift winds to launch a Heartstopper Strike that deals Anemo DMG.

Hold
Charges energy to unleash an even stronger blow. He will obtain the Declension effect while charging, which will increase the power of the Heartstopper Strike. When the skill button is released or the skill finishes charging, he will strike forward, dealing Anemo DMG.

Declension
Increases the power of the next Heartstopper Strike. Max 4 stacks.
When you possess 4 Declension stacks, the Conviction effect will be produced, which will cause the next Heartstopper Strike to be even stronger and have a larger AoE.",Talent Heartstopper Strike.png,https://genshin-impact.fandom.com/wiki/Heartstopper_Strike,https://genshin-impact.fandom.com/wiki/File%3ATalent_Heartstopper_Strike.png,https://static.wikia.nocookie.net/gensin-impact/images/c/cb/Talent_Heartstopper_Strike.png/revision/latest?cb=20220713024829,d2ef77d7489c7ae238c61d87336b3f4aaa892ce8
1057_T02.png,downloaded,unknown,1057,鹿野院平藏,Shikanoin Heizou,burst,combat3,Elemental Burst,元素爆发,Windmuster Kick,聚风蹴,,,"腾跃至空中，向敌人踢出不动流·真空弹。不动流·真空弹将在命中时炸裂，产生缉拿风穴，牵引附近的物体与敌人，造成风元素范围伤害。
不动流·真空弹命中处于水元素/火元素/冰元素/雷元素附着下的敌人时，会为这些敌人施加「聚风真眼」效果，该效果会在片刻后爆发消失，并造成对应元素属性的范围伤害。
不动流·真空弹至多对4名命中的敌人施加「聚风真眼」；敌人无法同时处于多种元素属性的「聚风真眼」状态下。","Leaps into the air and uses the Fudou Style Vacuum Slugger and kicks his opponent. The Vacuum Slugger will explode upon hit and create an Arresting Windtunnel that pulls in nearby objects and opponents, dealing AoE Anemo DMG.
When Vacuum Slugger hits opponents affected by Hydro/Pyro/Cryo/Electro, these opponents will be afflicted with Windmuster Iris. This Windmuster Iris will explode after a moment and dissipate, dealing AoE DMG of the corresponding aforementioned elemental type.
Vacuum Slugger can afflict a maximum of 4 opponents with the Windmuster Iris. A single opponent cannot be under the effect of Windmuster Irises of different elements at the same time.",Talent Windmuster Kick.png,https://genshin-impact.fandom.com/wiki/Windmuster_Kick,https://genshin-impact.fandom.com/wiki/File%3ATalent_Windmuster_Kick.png,https://static.wikia.nocookie.net/gensin-impact/images/0/0a/Talent_Windmuster_Kick.png/revision/latest?cb=20220713103237,31dc077f81ef16dddb821c53941a8c55f837a80e
1057_T03.png,skipped_existing,unknown,1057,鹿野院平藏,Shikanoin Heizou,passive,passive1,1st Ascension Passive,突破天赋1,Paradoxical Practice,反论稽古,,,鹿野院平藏在场上触发扩散、星扩散反应时，将获得1层勠心拳的「变格」效果，该效果每0.1秒至多触发一次。,"When Shikanoin Heizou activates a Swirl or Stellar Swirl reaction while on the field, he will gain 1 Declension stack for Heartstopper Strike. This effect can be triggered once every 0.1s.",Talent Paradoxical Practice.png,https://genshin-impact.fandom.com/wiki/Paradoxical_Practice,https://genshin-impact.fandom.com/wiki/File%3ATalent_Paradoxical_Practice.png,https://static.wikia.nocookie.net/gensin-impact/images/c/c4/Talent_Paradoxical_Practice.png/revision/latest?cb=20220713024836,4285b6e6ecc3f16e4b8e4fe68ec14af05bda772f
1057_T04.png,skipped_existing,unknown,1057,鹿野院平藏,Shikanoin Heizou,passive,passive2,4th Ascension Passive,突破天赋2,Penetrative Reasoning,因由勘破,,,勠心拳命中敌人后，队伍中所有角色（不包括鹿野院平藏自己）的元素精通提升80点，持续10秒。,"After Shikanoin Heizou's Heartstopper Strike hits an opponent, increases all party members' (excluding Shikanoin Heizou) Elemental Mastery by 80 for 10s.",Talent Penetrative Reasoning.png,https://genshin-impact.fandom.com/wiki/Penetrative_Reasoning,https://genshin-impact.fandom.com/wiki/File%3ATalent_Penetrative_Reasoning.png,https://static.wikia.nocookie.net/gensin-impact/images/8/82/Talent_Penetrative_Reasoning.png/revision/latest?cb=20220713024838,ee5a986fe93b2b23b41dfbaa596eacc8eb9a2d2c
1057_T05.png,downloaded,unknown,1057,鹿野院平藏,Shikanoin Heizou,extra,,,,Cloud Strider,,,,,,Talent Cloud Strider.png,https://genshin-impact.fandom.com/wiki/Cloud_Strider,https://genshin-impact.fandom.com/wiki/File%3ATalent_Cloud_Strider.png,https://static.wikia.nocookie.net/gensin-impact/images/b/b1/Talent_Cloud_Strider.png/revision/latest?cb=20210629104614,293e524b1db3396126dae08453316317287a03a7
1058_T01.png,skipped_existing,unknown,1058,柯莱,Collei,skill,combat2,Elemental Skill,元素战技,Floral Brush,拂花偈叶,,,"投掷飞叶轮，对触及的目标各造成一次草元素伤害。
飞叶轮将在投掷一定时间后返回，再次造成草元素伤害。","Throws out a Floral Ring that deals 1 instance of Dendro DMG to targets it comes into contact with.
The Floral Ring will return after a set time, dealing Dendro DMG once again.",Talent Floral Brush.png,https://genshin-impact.fandom.com/wiki/Floral_Brush,https://genshin-impact.fandom.com/wiki/File%3ATalent_Floral_Brush.png,https://static.wikia.nocookie.net/gensin-impact/images/8/88/Talent_Floral_Brush.png/revision/latest?cb=20220824024349,4c6aeac668ab6c602bba78f14080ff9b12f7011f
1058_T02.png,downloaded,unknown,1058,柯莱,Collei,burst,combat3,Elemental Burst,元素爆发,Trump-Card Kitty,猫猫秘宝,,,"请可靠的柯里安巴上阵帮忙。
投掷柯里安巴玩偶，爆发时造成草元素范围伤害，并产生柯里安巴领域。柯里安巴会在领域中不断跃动，造成草元素范围伤害。","Trusty Cuilein-Anbar comes to save the day!
Throws the doll named Cuilein-Anbar, causing an explosion that deals AoE Dendro DMG, creating a Cuilein-Anbar Zone. Cuilein-Anbar will bounce around within this zone, dealing AoE Dendro DMG.",Talent Trump-Card Kitty.png,https://genshin-impact.fandom.com/wiki/Trump-Card_Kitty,https://genshin-impact.fandom.com/wiki/File%3ATalent_Trump-Card_Kitty.png,https://static.wikia.nocookie.net/gensin-impact/images/2/2e/Talent_Trump-Card_Kitty.png/revision/latest?cb=20220824024343,88bf64b7d23c9ac8e0ca10d788fbe6724b29d975
1058_T03.png,downloaded,unknown,1058,柯莱,Collei,passive,passive1,1st Ascension Passive,突破天赋1,Floral Sidewinder,飞叶迴斜,,,"在飞叶轮返回前，如果队伍中自己的角色触发了燃烧、原激化、超激化、蔓激化、绽放、超绽放、烈绽放或月绽放反应，则会在返回时为角色赋予「新叶」状态，持续对身边的敌人造成相当于柯莱攻击力40%的草元素伤害，持续3秒。
新叶效果持续期间再次产生新叶效果时，将移除原有的效果。新叶效果造成的伤害视为元素战技伤害。","If one of your party members has triggered Burning, Quicken, Aggravate, Spread, Bloom, Hyperbloom, Burgeon, or Lunar-Bloom reactions before the Floral Ring returns, it will grant the character the Sprout effect upon return, which will continuously deal Dendro DMG equivalent to 40% of Collei's ATK to nearby opponents for 3s.
If another Sprout effect is triggered during its initial duration, the initial effect will be removed. DMG dealt by Sprout is considered Elemental Skill DMG.",Talent Floral Sidewinder.png,https://genshin-impact.fandom.com/wiki/Floral_Sidewinder,https://genshin-impact.fandom.com/wiki/File%3ATalent_Floral_Sidewinder.png,https://static.wikia.nocookie.net/gensin-impact/images/c/cf/Talent_Floral_Sidewinder.png/revision/latest?cb=20220824024355,d424763956bf0886b0dd788ad9d18056b9b40be3
1058_T04.png,skipped_existing,unknown,1058,柯莱,Collei,passive,passive2,4th Ascension Passive,突破天赋2,The Languid Wood,徐如旷林,,,"柯里安巴领域中的角色触发燃烧、原激化、超激化、蔓激化、绽放、超绽放、烈绽放或月绽放反应时，将使领域的持续时间延长1秒。
一次猫猫秘宝中，至多通过这种方式延长3次持续时间。","When a character within the Cuilein-Anbar Zone triggers Burning, Quicken, Aggravate, Spread, Bloom, Hyperbloom, Burgeon, or Lunar-Bloom reactions, the Zone's duration will be increased by 1s.
A single Trump-Card Kitty can be extended this way by up to 3s.",Talent The Languid Wood.png,https://genshin-impact.fandom.com/wiki/The_Languid_Wood,https://genshin-impact.fandom.com/wiki/File%3ATalent_The_Languid_Wood.png,https://static.wikia.nocookie.net/gensin-impact/images/c/cb/Talent_The_Languid_Wood.png/revision/latest?cb=20220824024357,8490b6a7912220288bcdd224194c34efe5ab3d36
1058_T05.png,downloaded,unknown,1058,柯莱,Collei,passive,passive3,Utility Passive,探索天赋,Gliding Champion of Sumeru,「须弥飞行冠军」,,,"队伍中自己的角色滑翔消耗的体力降低20%。
无法与效果完全相同的固有天赋叠加。","Decreases gliding Stamina consumption for your own party members by 20%.
Not stackable with Passive Talents that provide the exact same effects.",Talent Gliding Champion of Sumeru.png,https://genshin-impact.fandom.com/wiki/Gliding_Champion_of_Sumeru,https://genshin-impact.fandom.com/wiki/File%3ATalent_Gliding_Champion_of_Sumeru.png,https://static.wikia.nocookie.net/gensin-impact/images/d/d3/Talent_Gliding_Champion_of_Sumeru.png/revision/latest?cb=20220813142444,47c4c79bec7a49149f4253e2485b32ae7f5818fd
1059_T01.png,downloaded,unknown,1059,提纳里,Tighnari,skill,combat2,Elemental Skill,元素战技,Vijnana-Phala Mine,识果种雷,,,"提纳里向前投掷识种心雷，造成草元素范围伤害，并产生识蕴领域，神秘的幻象会持续嘲讽其中的敌人，吸引火力。
此外，提纳里将获得「通塞识」效果，使其花筥箭所需的蓄力时间减少2.4秒，该效果将在持续时间结束或提纳里发射3次花筥箭后消失。","Tighnari throws a Vijnana Stormheart ahead that deals AoE Dendro DMG, creating a Vijnana-Khanda Field that creates mysterious illusions that taunt opponents and draw their fire.
Additionally, Tighnari gains the Vijnana Suffusion effect, which will decrease the Wreath Arrow's charging time by 2.4s. This effect will dissipate once the skill duration ends or after Tighnari has fired 3 Wreath Arrows.",Talent Vijnana-Phala Mine.png,https://genshin-impact.fandom.com/wiki/Vijnana-Phala_Mine,https://genshin-impact.fandom.com/wiki/File%3ATalent_Vijnana-Phala_Mine.png,https://static.wikia.nocookie.net/gensin-impact/images/f/f9/Talent_Vijnana-Phala_Mine.png/revision/latest?cb=20220824024441,294f5353d8a563cbae3c07d3e21d95b13acda07b
1059_T02.png,skipped_existing,unknown,1059,提纳里,Tighnari,burst,combat3,Elemental Burst,元素爆发,Fashioner's Tanglevine Shaft,造生缠藤箭,,,"汇聚一切种子的力量，发射6枚能追踪敌人的缠藤箭，造成草元素伤害。
缠藤箭在命中后，将会产生次级缠藤箭，追踪附近的敌人，并在命中时造成草元素伤害。","Combines the power of all seeds to fire 6 Tanglevine Shafts that can track opponents and deal Dendro DMG.
After they hit, the Tanglevine Shafts will create a secondary wave of Tanglevine Shafts that can also track nearby opponents and deal Dendro DMG on hit.",Talent Fashioner's Tanglevine Shaft.png,https://genshin-impact.fandom.com/wiki/Fashioner%27s_Tanglevine_Shaft,https://genshin-impact.fandom.com/wiki/File%3ATalent_Fashioner%27s_Tanglevine_Shaft.png,https://static.wikia.nocookie.net/gensin-impact/images/3/30/Talent_Fashioner%27s_Tanglevine_Shaft.png/revision/latest?cb=20220824024454,ee142524018da3becce190dfcc3fb34f38e9c360
1059_T03.png,skipped_existing,unknown,1059,提纳里,Tighnari,passive,passive1,1st Ascension Passive,突破天赋1,Keen Sight,眼识殊明,,,提纳里发射花筥箭后，元素精通提升50点，持续4秒。,"After Tighnari fires a Wreath Arrow, his Elemental Mastery is increased by 50 for 4s.",Talent Keen Sight.png,https://genshin-impact.fandom.com/wiki/Keen_Sight,https://genshin-impact.fandom.com/wiki/File%3ATalent_Keen_Sight.png,https://static.wikia.nocookie.net/gensin-impact/images/7/77/Talent_Keen_Sight.png/revision/latest?cb=20220824024500,b384efadeb16b16837895806e144080018386e3c
1059_T04.png,skipped_existing,unknown,1059,提纳里,Tighnari,passive,passive2,4th Ascension Passive,突破天赋2,Scholarly Blade,诸叶辨通,,,"提纳里的每点元素精通，都会使其重击与造生缠藤箭造成的伤害提升0.06%。
通过这种方式，至多使上述攻击造成的伤害提升60%。","For every point of Elemental Mastery Tighnari possesses, his Charged Attack and Fashioner's Tanglevine Shaft DMG are increased by 0.06%.
The maximum DMG Bonus obtainable this way is 60%.",Talent Scholarly Blade.png,https://genshin-impact.fandom.com/wiki/Scholarly_Blade,https://genshin-impact.fandom.com/wiki/File%3ATalent_Scholarly_Blade.png,https://static.wikia.nocookie.net/gensin-impact/images/e/e6/Talent_Scholarly_Blade.png/revision/latest?cb=20220824024502,093592b3786c3551aea81e77b4dcb56b8a48c784
1059_T05.png,downloaded,unknown,1059,提纳里,Tighnari,passive,passive3,Utility Passive,探索天赋,Encyclopedic Knowledge,闳览博物,,,在小地图上显示周围的须弥区域特产的位置。,Displays the location of nearby resources unique to Sumeru on the mini-map.,Talent Encyclopedic Knowledge.png,https://genshin-impact.fandom.com/wiki/Encyclopedic_Knowledge,https://genshin-impact.fandom.com/wiki/File%3ATalent_Encyclopedic_Knowledge.png,https://static.wikia.nocookie.net/gensin-impact/images/e/ee/Talent_Encyclopedic_Knowledge.png/revision/latest?cb=20220824024447,d00850e771e7f96f82900e4dcaa56794bda27bbd
1060_T01.png,downloaded,unknown,1060,多莉,Dori,skill,combat2,Elemental Skill,元素战技,Spirit-Warding Lamp: Troubleshooter Cannon,镇灵之灯·烦恼解决炮,,,"示意镇灵之灯向敌人发射断除烦恼炮，造成雷元素伤害。
断除烦恼炮命中后，将会产生2枚能自行追踪附近敌人的售后服务弹，造成雷元素伤害。","Directs a Spirit-Warding Lamp to fire off a Troubleshooter Shot at opponents, dealing Electro DMG.
After the Troubleshooter Shot hits, it will create 2 After-Sales Service Rounds that will automatically track nearby opponents and deal Electro DMG.",Talent Spirit-Warding Lamp Troubleshooter Cannon.png,https://genshin-impact.fandom.com/wiki/Spirit-Warding_Lamp_Troubleshooter_Cannon,https://genshin-impact.fandom.com/wiki/File%3ATalent_Spirit-Warding_Lamp_Troubleshooter_Cannon.png,https://static.wikia.nocookie.net/gensin-impact/images/c/c8/Talent_Spirit-Warding_Lamp_Troubleshooter_Cannon.png/revision/latest?cb=20220909100329,9879511a8e5a1bf7505ac121f784dd57076749cc
1060_T02.png,downloaded,unknown,1060,多莉,Dori,burst,combat3,Elemental Burst,元素爆发,Alcazarzaray's Exactitude,卡萨扎莱宫的无微不至,,,"召唤灯中幽精，为顾客提供形形色色的帮助。

灯中幽精
会与附近的角色相连。与灯中幽精相连的角色将会：
·持续恢复生命值，回复量受益于多莉的生命值上限；
·持续获得元素能量；
·处于雷元素附着状态下。

此外，角色与灯中幽精之间的连接触碰敌人时，将每0.4秒对敌人造成一次雷元素伤害。

同时只能存在一个灯中幽精。","Summons forth the Jinni within the lamp to give the client various kinds of aid.

Jinni
Connects to a nearby character. The connected character will:
· Continuously restore HP based on Dori's Max HP.
· Continuously regenerate Energy.
· Be affected by Electro.
When the connector between the Jinni and the character touches opponents, it will deal one instance of Electro DMG to them every 0.4s.

Only one Jinni can exist at one time.",Talent Alcazarzaray's Exactitude.png,https://genshin-impact.fandom.com/wiki/Alcazarzaray%27s_Exactitude,https://genshin-impact.fandom.com/wiki/File%3ATalent_Alcazarzaray%27s_Exactitude.png,https://static.wikia.nocookie.net/gensin-impact/images/7/77/Talent_Alcazarzaray%27s_Exactitude.png/revision/latest?cb=20220909100037,594e3030fc15320187d4d70f3d4e157b3697865f
1060_T03.png,downloaded,unknown,1060,多莉,Dori,passive,passive1,1st Ascension Passive,突破天赋1,An Eye for Gold,披沙沥金,,,"与灯中幽精相连的角色在触发感电、月感电、超导、星超导、超载、原激化、超激化、超绽放、雷元素扩散或雷元素结晶反应后，镇灵之灯·烦恼解决炮的冷却时间缩短1秒。
该效果每3秒至多触发一次。","After a character connected to the Jinni triggers an Electro-Charged, Lunar-Charged, Superconduct, Stellar-Conduct, Overloaded, Quicken, Aggravate, Hyperbloom, Electro Swirl, or Electro Crystallize reaction, the CD of Spirit-Warding Lamp: Troubleshooter Cannon is decreased by 1s.
This effect can be triggered once every 3s.",Talent An Eye for Gold.png,https://genshin-impact.fandom.com/wiki/An_Eye_for_Gold,https://genshin-impact.fandom.com/wiki/File%3ATalent_An_Eye_for_Gold.png,https://static.wikia.nocookie.net/gensin-impact/images/a/ae/Talent_An_Eye_for_Gold.png/revision/latest?cb=20220909100023,c23f407c2663185b314c05c2dea29b32da6985fd
1060_T04.png,downloaded,unknown,1060,多莉,Dori,passive,passive2,4th Ascension Passive,突破天赋2,Compound Interest,利上加利,,,"镇灵之灯·烦恼解决炮的断除烦恼炮或售后服务弹命中敌人时，基于多莉的元素充能效率，每100%为多莉恢复5点元素能量。
每次施放镇灵之灯·烦恼解决炮只能通过这种方式恢复一次元素能量，并至多恢复15点元素能量。","When the Troubleshooter Shots or After-Sales Service Rounds from Spirit-Warding Lamp: Troubleshooter Cannon hit opponents, Dori will restore 5 Elemental Energy for every 100% Energy Recharge possessed.
Per Spirit-Warding Lamp: Troubleshooter Cannon, only one instance of Energy restoration can be triggered and a maximum of 15 Energy can be restored this way.",Talent Compound Interest.png,https://genshin-impact.fandom.com/wiki/Compound_Interest,https://genshin-impact.fandom.com/wiki/File%3ATalent_Compound_Interest.png,https://static.wikia.nocookie.net/gensin-impact/images/6/6e/Talent_Compound_Interest.png/revision/latest?cb=20220909100025,36a045b6be83615f82d2fbffbcfa549bc6ed9a78
1060_T05.png,skipped_existing,unknown,1060,多莉,Dori,passive,passive3,Utility Passive,探索天赋,Unexpected Order,意外订单,,,合成角色与武器培养素材时，有25%的概率返还部分合成材料。,Has a 25% chance to recover some of the materials used when crafting Character and Weapon Materials.,Talent Unexpected Order.png,https://genshin-impact.fandom.com/wiki/Unexpected_Order,https://genshin-impact.fandom.com/wiki/File%3ATalent_Unexpected_Order.png,https://static.wikia.nocookie.net/gensin-impact/images/d/dc/Talent_Unexpected_Order.png/revision/latest?cb=20220909100030,2856bce40615d7d0af57a658ac844c7e0cd220d3
1061_T01.png,downloaded,unknown,1061,赛诺,Cyno,skill,combat2,Elemental Skill,元素战技,Secret Rite: Chasmic Soulfarer,秘仪·律渊渡魂,,,"疾速突进，对路径上的敌人造成雷元素伤害。

当赛诺处于元素爆发「圣仪·煟煌随狼行」的启途誓使状态下时，将转而施展冥祭，释放惊雷的力量，造成雷元素范围伤害，并延长启途誓使状态的持续时间。","Performs a swift thrust, dealing Electro DMG to opponents along the path.

When Cyno is under the Pactsworn Pathclearer state triggered by Sacred Rite: Wolf's Swiftness, he will instead unleash a Mortuary Rite that deals thunderous AoE Electro DMG and extends the duration of Pactsworn Pathclearer.",Talent Secret Rite Chasmic Soulfarer.png,https://genshin-impact.fandom.com/wiki/Secret_Rite_Chasmic_Soulfarer,https://genshin-impact.fandom.com/wiki/File%3ATalent_Secret_Rite_Chasmic_Soulfarer.png,https://static.wikia.nocookie.net/gensin-impact/images/e/e3/Talent_Secret_Rite_Chasmic_Soulfarer.png/revision/latest?cb=20220928021214,6b27d92ff98decc1194d873ba8d96931cdd5924a
1061_T02.png,downloaded,unknown,1061,赛诺,Cyno,burst,combat3,Elemental Burst,元素爆发,Sacred Rite: Wolf's Swiftness,圣仪·煟煌随狼行,,,"唤请神灵凭依，化身「启途誓使」。

启途誓使
将赛诺的普通攻击、重击与下落攻击造成的伤害转为无法被附魔覆盖的雷元素伤害；
·赛诺的元素精通提升，抗打断能力提高，并免疫感电反应造成的伤害。

效果将在赛诺退场时解除，至多持续18秒。","Calls upon a divine spirit to indwell him, morphing into the Pactsworn Pathclearer.

Pactsworn Pathclearer
Cyno's Normal, Charged, and Plunging Attacks will be converted to Electro DMG that cannot be overridden.
·Cyno's Elemental Mastery and resistance to interruption will increase, and he gains immunity to Electro-Charged DMG.

This effect will be canceled when Cyno leaves the field and lasts a maximum of 18s.",Talent Sacred Rite Wolf's Swiftness.png,https://genshin-impact.fandom.com/wiki/Sacred_Rite_Wolf%27s_Swiftness,https://genshin-impact.fandom.com/wiki/File%3ATalent_Sacred_Rite_Wolf%27s_Swiftness.png,https://static.wikia.nocookie.net/gensin-impact/images/a/a0/Talent_Sacred_Rite_Wolf%27s_Swiftness.png/revision/latest?cb=20220928021204,f923846534608c2d63c446e5aaee2a80c0d90444
1061_T03.png,downloaded,unknown,1061,赛诺,Cyno,passive,passive2,4th Ascension Passive,突破天赋2,Authority Over the Nine Bows,九弓的执命,,,"基于赛诺的元素精通，提高自身以下攻击造成的伤害值：
·启途誓使状态下的普通攻击：元素精通的150%；
·突破天赋「落羽的裁择」的渡荒之雷：元素精通的250%。","Cyno's DMG values will be increased based on his Elemental Mastery as follows:
· Pactsworn Pathclearer's Normal Attack DMG is increased by 150% of his Elemental Mastery.
· Duststalker Bolt DMG from his Ascension Talent Featherfall Judgment is increased by 250% of his Elemental Mastery.",Talent Authority Over the Nine Bows.png,https://genshin-impact.fandom.com/wiki/Authority_Over_the_Nine_Bows,https://genshin-impact.fandom.com/wiki/File%3ATalent_Authority_Over_the_Nine_Bows.png,https://static.wikia.nocookie.net/gensin-impact/images/e/ed/Talent_Authority_Over_the_Nine_Bows.png/revision/latest?cb=20220928021200,112c2f43e0706e083988d31a332e2fb43a4daa5a
1061_T04.png,downloaded,unknown,1061,赛诺,Cyno,passive,passive3,Utility Passive,探索天赋,The Gift of Silence,缄默的惠赐,,,在须弥执行时长为20小时的探索派遣任务时，获得的奖励增加25%。,Gains 25% more rewards when dispatched on a Sumeru Expedition for 20 hours.,Talent The Gift of Silence.png,https://genshin-impact.fandom.com/wiki/The_Gift_of_Silence,https://genshin-impact.fandom.com/wiki/File%3ATalent_The_Gift_of_Silence.png,https://static.wikia.nocookie.net/gensin-impact/images/4/4b/Talent_The_Gift_of_Silence.png/revision/latest?cb=20220928021222,4fbfb7400b64c1b99191aaf7268d56d0d42943ea
1061_T05.png,downloaded,unknown,1061,赛诺,Cyno,extra,,,,A Star With Which to Start the Journey,,,,,,Talent A Star With Which to Start the Journey.png,https://genshin-impact.fandom.com/wiki/A_Star_With_Which_to_Start_the_Journey,https://genshin-impact.fandom.com/wiki/File%3ATalent_A_Star_With_Which_to_Start_the_Journey.png,https://static.wikia.nocookie.net/gensin-impact/images/8/8e/Talent_A_Star_With_Which_to_Start_the_Journey.png/revision/latest?cb=20260704004244,cdd3fe6e3378a0bc9006606e46e687509df4707c
1061_T06.png,downloaded,unknown,1061,赛诺,Cyno,extra,,,,Secret Rite Chasmic Soulfarer 2,,,,,,Talent Secret Rite Chasmic Soulfarer 2.png,https://genshin-impact.fandom.com/wiki/Secret_Rite_Chasmic_Soulfarer_2,https://genshin-impact.fandom.com/wiki/File%3ATalent_Secret_Rite_Chasmic_Soulfarer_2.png,https://static.wikia.nocookie.net/gensin-impact/images/6/61/Talent_Secret_Rite_Chasmic_Soulfarer_2.png/revision/latest?cb=20220928021212,cb1f94d67707b428741af9ab85f970adf85ba216
1062_T01.png,downloaded,unknown,1062,坎蒂丝,Candace,skill,combat2,Elemental Skill,元素战技,Sacred Rite: Heron's Sanctum,圣仪·苍鹭庇卫,,,"坎蒂丝的战斗风格，是能抵御洪水一般的军势的。

点按
以盾牌进行冲击，向前方造成水元素伤害。

长按
举起盾牌抵挡周围敌人的攻击，形成护盾，伤害吸收量受益于坎蒂丝的生命值上限，并且对水元素伤害有250%的吸收效果。护盾持续至元素战技施放完毕。
长按一段时间后，坎蒂丝将完成蓄力，并在松开技能、持续时间结束，或护盾被破坏时，进行跳跃攻击，对前方的敌人造成水元素伤害。","Candace's fighting style is capable of warding off an entire tide of foes.

Tap
Rushes forward with her shield, dealing Hydro DMG to opponents in front of her.

Hold
Raises her shield to block incoming attacks from nearby opponents, forming a barrier that absorbs DMG based on her Max HP and absorbs Hydro DMG 250% more effectively. This barrier lasts until the Elemental Skill is unleashed.
After holding for a certain period of time, Candace will finish charging, and when the skill button is released, the skill duration expires, or when the barrier is broken, she will perform a leaping strike that deals Hydro DMG to opponents in front of her.",Talent Sacred Rite Heron's Sanctum.png,https://genshin-impact.fandom.com/wiki/Sacred_Rite_Heron%27s_Sanctum,https://genshin-impact.fandom.com/wiki/File%3ATalent_Sacred_Rite_Heron%27s_Sanctum.png,https://static.wikia.nocookie.net/gensin-impact/images/5/5d/Talent_Sacred_Rite_Heron%27s_Sanctum.png/revision/latest?cb=20220928021307,392a71de50f8e454a06e0a6322df4816aaf0e0f9
1062_T02.png,downloaded,unknown,1062,坎蒂丝,Candace,burst,combat3,Elemental Burst,元素爆发,Sacred Rite: Wagtail's Tide,圣仪·灰鸰衒潮,,,"高举武器，召请神佑，基于坎蒂丝的生命值上限，造成水元素范围伤害，并持续为当前场上自己的角色赋予「赤冕祝祷」状态。

赤冕祝祷
具有如下特性：
·角色的普通攻击对敌人造成元素伤害时，提高造成的伤害；
·角色登场时，会发动水波冲击，对周围的敌人造成水元素伤害。该效果在持续时间内触发的次数有限；
·处于这种状态下的单手剑、双手剑、长柄武器角色会获得水元素附魔。","Raising her weapon on high, Candace calls upon a divine blessing that deals AoE Hydro DMG based on her Max HP and continuously confers the Prayer of the Crimson Crown on your active character.

Prayer of the Crimson Crown
This effect has the following properties:
·Characters deal increased Elemental DMG with their Normal Attacks.
·Whenever a character takes the field, they will unleash a rippling wave of water that deals Hydro DMG to nearby opponents. There is a limited number of waves that can be triggered in the duration of this skill.
·Sword, Claymore, and Polearm-wielding characters under this effect will obtain a Hydro Infusion.",Talent Sacred Rite Wagtail's Tide.png,https://genshin-impact.fandom.com/wiki/Sacred_Rite_Wagtail%27s_Tide,https://genshin-impact.fandom.com/wiki/File%3ATalent_Sacred_Rite_Wagtail%27s_Tide.png,https://static.wikia.nocookie.net/gensin-impact/images/1/1a/Talent_Sacred_Rite_Wagtail%27s_Tide.png/revision/latest?cb=20220928021257,80afc45479b18b72a8b15bdfedb40321ecbc8d8f
1062_T03.png,downloaded,unknown,1062,坎蒂丝,Candace,passive,passive1,1st Ascension Passive,突破天赋1,Aegis of Crossed Arrows,流羽交护,,,若坎蒂丝在圣仪·苍鹭庇卫长按期间受到攻击，会立即完成蓄力。,"If Candace is hit by an attack in the Hold duration of Sacred Rite: Heron's Sanctum, that skill will finish charging instantly.",Talent Aegis of Crossed Arrows.png,https://genshin-impact.fandom.com/wiki/Aegis_of_Crossed_Arrows,https://genshin-impact.fandom.com/wiki/File%3ATalent_Aegis_of_Crossed_Arrows.png,https://static.wikia.nocookie.net/gensin-impact/images/3/33/Talent_Aegis_of_Crossed_Arrows.png/revision/latest?cb=20220928021303,b400c2cb8bbda95da28149a4deecc1af02c0ed3f
1062_T04.png,downloaded,unknown,1062,坎蒂丝,Candace,passive,passive2,4th Ascension Passive,突破天赋2,Celestial Dome of Sand,漫沙陨穹,,,处于圣仪·灰鸰衒潮的赤冕祝祷状态下的角色，普通攻击对敌人造成元素伤害时，坎蒂丝每1000点生命值上限会使这次伤害提高0.5%。,"Characters affected by the Prayer of the Crimson Crown caused by Sacred Rite: Wagtail's Tide will deal 0.5% increased DMG to opponents for every 1,000 points of Candace's Max HP when they deal Elemental DMG with their Normal Attacks.",Talent Celestial Dome of Sand.png,https://genshin-impact.fandom.com/wiki/Celestial_Dome_of_Sand,https://genshin-impact.fandom.com/wiki/File%3ATalent_Celestial_Dome_of_Sand.png,https://static.wikia.nocookie.net/gensin-impact/images/8/86/Talent_Celestial_Dome_of_Sand.png/revision/latest?cb=20220928021305,1bf7fda97af46afcf3ed27330fcd0e89d8196008
1062_T05.png,skipped_existing,unknown,1062,坎蒂丝,Candace,passive,passive3,Utility Passive,探索天赋,To Dawn's First Light,向拂晓的初光,,,"队伍中自己的角色攀爬消耗的体力降低20%。
无法与效果完全相同的固有天赋叠加。","Decreases climbing Stamina consumption for your own party members by 20%.
Not stackable with Passive Talents that provide the exact same effects.",Talent To Dawn's First Light.png,https://genshin-impact.fandom.com/wiki/To_Dawn%27s_First_Light,https://genshin-impact.fandom.com/wiki/File%3ATalent_To_Dawn%27s_First_Light.png,https://static.wikia.nocookie.net/gensin-impact/images/a/a6/Talent_To_Dawn%27s_First_Light.png/revision/latest?cb=20220916134948,b8d88c06f36e1b03a54359bad42f22c6d2aba1de
1063_T01.png,downloaded,unknown,1063,妮露,Nilou,skill,combat2,Elemental Skill,元素战技,Dance of Haftkarsvar,七域舞步,,,"展开「翩转」状态，基于妮露的生命值上限，对身边的敌人造成水元素伤害。
在翩转状态下，妮露在进行普通攻击或施放元素战技时，将转为分别进行「剑舞步」与「旋舞步」，造成的伤害转为无法被附魔覆盖、视为元素战技伤害的水元素伤害。

在这种状态下，妮露的第三段舞步将移除翩转状态，并依据第三段舞步的类型分别产生如下效果：
·剑舞步：释放一道水月，对触及的敌人造成水元素伤害，并为妮露赋予祷月状态。在此状态下她进行普通攻击时，将转为进行剑舞步，并在进行最后一击时释放水月；
·旋舞步：施展一道涤空水轮，造成水元素范围伤害，并产生会跟随自己的当前场上角色行动的净天水环，持续为其中的敌人施加潮湿状态。

在翩转或祷月状态下时，妮露无法进行重击；这些状态将会在妮露退场时解除。","Enters the Pirouette state, dealing Hydro DMG to nearby opponents based on Nilou's Max HP.
While she is in the Pirouette state, Nilou's Normal Attacks and Elemental Skill will cause her to enter the Sword Dance and Whirling Steps stances respectively, causing DMG she deals to be converted to Hydro DMG that cannot be overridden and that is considered Elemental Skill DMG.

In these stances, Nilou's third dance step will end Pirouette, and has the following effects based on the type of said dance step:
·Sword Dance: unleashes a Luminous Illusion that deals Hydro DMG to opponents it touches and grants Nilou the Lunar Prayer effect. This effect converts Nilou's Normal Attacks into Sword Dance techniques, and her final hit will unleash a Luminous Illusion.
·Whirling Steps: Nilou unleashes a Whirling Water Wheel that deals AoE Hydro DMG and creates a Tranquility Aura that follows your active character around and applies Wet to opponents within its AoE.

Nilou is unable to perform Charged Attacks when under the effect of Pirouette or Lunar Prayer. These effects will be removed once she leaves the field.",Talent Dance of Haftkarsvar.png,https://genshin-impact.fandom.com/wiki/Dance_of_Haftkarsvar,https://genshin-impact.fandom.com/wiki/File%3ATalent_Dance_of_Haftkarsvar.png,https://static.wikia.nocookie.net/gensin-impact/images/3/3e/Talent_Dance_of_Haftkarsvar.png/revision/latest?cb=20221014100032,ac47b3f7bcbdc43489f7e543751df2ddac24e04c
1063_T02.png,downloaded,unknown,1063,妮露,Nilou,burst,combat3,Elemental Burst,元素爆发,"Dance of Abzendegi: Distant Dreams, Listening Spring",浮莲舞步·远梦聆泉,,,"进行远梦聆泉之舞，绽开遥水莲华，基于妮露的生命值上限，造成水元素范围伤害，并为命中的敌人施加「永世流沔」状态。
短暂间隔后，处于永世流沔状态下的敌人将受到水元素伤害。","Begins the dance of faraway dreams and springs that hear, causing a Lotus of Distant Waters to bloom, dealing AoE Hydro DMG based on Nilou's Max HP and applying the Lingering Aeon effect to all opponents hit.
After an interval, opponents affected by Lingering Aeon will take Hydro DMG.","Talent Dance of Abzendegi Distant Dreams, Listening Spring.png",https://genshin-impact.fandom.com/wiki/Dance_of_Abzendegi_Distant_Dreams%2C_Listening_Spring,https://genshin-impact.fandom.com/wiki/File%3ATalent_Dance_of_Abzendegi_Distant_Dreams%2C_Listening_Spring.png,https://static.wikia.nocookie.net/gensin-impact/images/b/b9/Talent_Dance_of_Abzendegi_Distant_Dreams%2C_Listening_Spring.png/revision/latest?cb=20221014100018,ac935c31b74db247d8861c307c672452d622d3e7
1063_T03.png,downloaded,unknown,1063,妮露,Nilou,passive,passive2,4th Ascension Passive,突破天赋2,Dreamy Dance of Aeons,翩舞永世之梦,,,"基于妮露生命值上限超过30000的部分，每1000点生命值上限将使处于「金杯的丰馈」状态下的角色触发的丰穰之核造成的伤害提升9%。
通过这种方式至多使丰穰之核造成的伤害提升400%。","Every 1,000 points of Nilou's Max HP above 30,000 will cause the DMG dealt by Bountiful Cores created by characters affected by Golden Chalice's Bounty to increase by 9%.
The maximum increase in Bountiful Core DMG that can be achieved this way is 400%.",Talent Dreamy Dance of Aeons.png,https://genshin-impact.fandom.com/wiki/Dreamy_Dance_of_Aeons,https://genshin-impact.fandom.com/wiki/File%3ATalent_Dreamy_Dance_of_Aeons.png,https://static.wikia.nocookie.net/gensin-impact/images/6/60/Talent_Dreamy_Dance_of_Aeons.png/revision/latest?cb=20221014100014,475d9c46ec55a7e7b272a4b6c1c0ad2ce9d3b7b3
1063_T04.png,downloaded,unknown,1063,妮露,Nilou,passive,passive3,Utility Passive,探索天赋,White Jade Lotus,白玉莲盏,,,完美烹饪冒险类食物时，有12%概率获得2倍产出。,"When Perfect Cooking is achieved on Food with Adventure-related effects, there is a 12% chance to obtain double the product.",Talent White Jade Lotus.png,https://genshin-impact.fandom.com/wiki/White_Jade_Lotus,https://genshin-impact.fandom.com/wiki/File%3ATalent_White_Jade_Lotus.png,https://static.wikia.nocookie.net/gensin-impact/images/3/39/Talent_White_Jade_Lotus.png/revision/latest?cb=20220916135000,5a70f218d3a5dfe5bc385f180147d7d73771948d
1063_T05.png,downloaded,unknown,1063,妮露,Nilou,extra,,,,Dance of Haftkarsvar 2,,,,,,Talent Dance of Haftkarsvar 2.png,https://genshin-impact.fandom.com/wiki/Dance_of_Haftkarsvar_2,https://genshin-impact.fandom.com/wiki/File%3ATalent_Dance_of_Haftkarsvar_2.png,https://static.wikia.nocookie.net/gensin-impact/images/c/c0/Talent_Dance_of_Haftkarsvar_2.png/revision/latest?cb=20221014100025,c56b32c3d226d95f81074e9b11d59be7edec31f4
1063_T06.png,downloaded,unknown,1063,妮露,Nilou,extra,,,,Dance of Haftkarsvar 3,,,,,,Talent Dance of Haftkarsvar 3.png,https://genshin-impact.fandom.com/wiki/Dance_of_Haftkarsvar_3,https://genshin-impact.fandom.com/wiki/File%3ATalent_Dance_of_Haftkarsvar_3.png,https://static.wikia.nocookie.net/gensin-impact/images/f/f4/Talent_Dance_of_Haftkarsvar_3.png/revision/latest?cb=20221014100027,f3303c0ac4f3d7f3fde23d123c7434a966fa0e73
1063_T07.png,downloaded,unknown,1063,妮露,Nilou,extra,,,,Dance of Haftkarsvar 4,,,,,,Talent Dance of Haftkarsvar 4.png,https://genshin-impact.fandom.com/wiki/Dance_of_Haftkarsvar_4,https://genshin-impact.fandom.com/wiki/File%3ATalent_Dance_of_Haftkarsvar_4.png,https://static.wikia.nocookie.net/gensin-impact/images/1/1f/Talent_Dance_of_Haftkarsvar_4.png/revision/latest?cb=20221014100029,632cf368b129716e2d2d0e38deedb71ece55e1cd
1064_T01.png,skipped_existing,unknown,1064,纳西妲,Nahida,skill,combat2,Elemental Skill,元素战技,All Schemes to Know,所闻遍计,,,"在身边施以草木之业缚，造成草元素范围伤害，并对命中的至多8名敌人施加蕴种印。
长按时将以不同的方式施放。

长按
进入瞄准状态，以选定一定范围内一定数量的敌人，并在该状态下提高纳西妲的抗打断能力。
长按结束时，对选定的敌人造成草元素伤害，并为其施加蕴种印。
瞄准状态至多持续5秒，至多选定8名敌人。

蕴种印
处于蕴种印状态下的敌人将在一定距离内互相连结。
对处于蕴种印状态下的敌人触发元素反应，以及在该敌人受到草原核（包含烈绽放、超绽放）造成的伤害后，纳西妲将基于攻击力与元素精通，对该敌人及其所处连结中的所有敌人释放灭净三业，造成草元素伤害。
短时间内至多触发一次灭净三业。","Sends forth karmic bonds of wood and tree from her side, dealing AoE Dendro DMG and marking up to 8 opponents hit with the Seed of Skandha.
When held, this skill will trigger differently.

Hold
Enters Aiming Mode, which will allow you to select a limited number of opponents within a limited area. During this time, Nahida's resistance to interruption will be increased.
When released, this skill deals Dendro DMG to these opponents and marks them with the Seed of Skandha.
Aiming Mode will last up to 5s and can select a maximum of 8 opponents.

Seed of Skandha
Opponents who have been marked by the Seed of Skandha will be linked to one another up till a certain distance.
After you trigger Elemental Reactions on opponents who are affected by the Seeds of Skandha or when they take DMG from Dendro Cores (including Burgeon and Hyperbloom DMG), Nahida will unleash Tri-Karma Purification on the opponents and all connected opponents, dealing Dendro DMG based on her ATK and Elemental Mastery.
You can trigger at most 1 Tri-Karma Purification within a short period of time.",Talent All Schemes to Know.png,https://genshin-impact.fandom.com/wiki/All_Schemes_to_Know,https://genshin-impact.fandom.com/wiki/File%3ATalent_All_Schemes_to_Know.png,https://static.wikia.nocookie.net/gensin-impact/images/7/72/Talent_All_Schemes_to_Know.png/revision/latest?cb=20221102024219,09f825d856ecd24212dd30b21e055a90a191ae78
1064_T02.png,downloaded,unknown,1064,纳西妲,Nahida,burst,combat3,Elemental Burst,元素爆发,Illusory Heart,心景幻成,,,"将梦想的殿堂具现，展开「摩耶之殿」领域。

领域展开时，队伍中若存在以下元素类型的角色，将分别产生对应的效果：
·火元素：当纳西妲处于摩耶之殿当中时，提升元素战技「所闻遍计」的灭净三业造成的伤害；
·雷元素：当纳西妲处于摩耶之殿当中时，降低元素战技「所闻遍计」的灭净三业触发的间隔时间；
·水元素：延长摩耶之殿的持续时间。

展开领域时，若上述元素类型的角色数量有至少2名，产生的对应效果将进一步增强。

纳西妲即使处于队伍后台，只要该队伍处于摩耶之殿当中，依旧能获得上述效果的提升。","Manifests the Court of Dreams and expands the Shrine of Maya.

When the Shrine of Maya field is unleashed, the following effects will be separately unleashed based on the Elemental Types present within the party.
·Pyro: While Nahida remains within the Shrine of Maya, the DMG dealt by Tri-Karma Purification from ""All Schemes to Know"" is increased.
·Electro: While Nahida remains within the Shrine of Maya, the interval between each Tri-Karma Purification from ""All Schemes to Know"" is decreased.
·Hydro: The Shrine of Maya's duration is increased.

If there are at least 2 party members of the aforementioned Elemental Types present when the field is deployed, the aforementioned effects will be increased further.

Even if Nahida is not on the field, these bonuses will still take effect so long as party members are within the Shrine of Maya.",Talent Illusory Heart.png,https://genshin-impact.fandom.com/wiki/Illusory_Heart,https://genshin-impact.fandom.com/wiki/File%3ATalent_Illusory_Heart.png,https://static.wikia.nocookie.net/gensin-impact/images/e/e9/Talent_Illusory_Heart.png/revision/latest?cb=20221102024231,2250e123bc4b114e426c843086fd6ee0ef24d62e
1064_T03.png,skipped_existing,unknown,1064,纳西妲,Nahida,passive,passive1,1st Ascension Passive,突破天赋1,Compassion Illuminated,净善摄受明论,,,"施放心景幻成时，摩耶之殿将获得以下效果：
依据队伍中元素精通最高的角色的元素精通数值的25%，提高领域内当前场上角色的元素精通。
通过这种方式，至多提升250点元素精通。","When unleashing Illusory Heart, the Shrine of Maya will gain the following effects:
The Elemental Mastery of the active character within the field will be increased by 25% of the Elemental Mastery of the party member with the highest Elemental Mastery.
You can gain a maximum of 250 Elemental Mastery in this manner.",Talent Compassion Illuminated.png,https://genshin-impact.fandom.com/wiki/Compassion_Illuminated,https://genshin-impact.fandom.com/wiki/File%3ATalent_Compassion_Illuminated.png,https://static.wikia.nocookie.net/gensin-impact/images/6/63/Talent_Compassion_Illuminated.png/revision/latest?cb=20221102024229,d326296361a9588a545b3c9fa538d23b2817f90f
1064_T04.png,downloaded,unknown,1064,纳西妲,Nahida,passive,passive2,4th Ascension Passive,突破天赋2,Awakening Elucidated,慧明缘觉智论,,,"基于纳西妲元素精通超过200点的部分，每1点元素精通能使所闻遍计的灭净三业造成的伤害提升0.1%，暴击率提升0.03%。
通过这种方式，至多使灭净三业造成的伤害提升80%，暴击率提升24%。","Each point of Nahida's Elemental Mastery beyond 200 will grant 0.1% Bonus DMG and 0.03% CRIT Rate to Tri-Karma Purification from All Schemes to Know.
A maximum of 80% Bonus DMG and 24% CRIT Rate can be granted to Tri-Karma Purification in this manner.",Talent Awakening Elucidated.png,https://genshin-impact.fandom.com/wiki/Awakening_Elucidated,https://genshin-impact.fandom.com/wiki/File%3ATalent_Awakening_Elucidated.png,https://static.wikia.nocookie.net/gensin-impact/images/1/1a/Talent_Awakening_Elucidated.png/revision/latest?cb=20221102024227,a2b3ddd4a2f93bb1b2dff89ed7ae3f31b0aa4ceb
1064_T05.png,skipped_existing,unknown,1064,纳西妲,Nahida,passive,passive3,Utility Passive,探索天赋,On All Things Meditated,诸相随念净行,,,"纳西妲能够通过所闻遍计，与一定范围内的部分采集物进行交互。
或许还有其他的效果…","Nahida can use All Schemes to Know to interact with some harvestable items within a fixed AoE.
This skill may even have some other effects...",Talent On All Things Meditated.png,https://genshin-impact.fandom.com/wiki/On_All_Things_Meditated,https://genshin-impact.fandom.com/wiki/File%3ATalent_On_All_Things_Meditated.png,https://static.wikia.nocookie.net/gensin-impact/images/d/db/Talent_On_All_Things_Meditated.png/revision/latest?cb=20221102024211,7d60eda9a51936da0776daa0f7ffe6ac514af9a9
1065_T01.png,downloaded,unknown,1065,莱依拉,Layla,skill,combat2,Elemental Skill,元素战技,Nights of Formal Focus,垂裳端凝之夜,,,"展开安眠帷幕护盾，并造成冰元素范围伤害。
安眠帷幕护盾的伤害吸收量受益于莱依拉的生命值上限，并对冰元素伤害有250%的吸收效果。展开护盾时，为莱依拉施加短暂的冰元素附着。

晚星与飞星
安眠帷幕护盾在持续期间内，将每1.5秒产生1枚依附其上的晚星；处于该护盾庇护下的角色施放元素战技时，也将产生2枚晚星，每0.3秒至多通过这种方式产生一次晚星，至多同时拥有4枚晚星。
安眠帷幕护盾的晚星达到4枚后，若附近存在敌人，晚星将转化为自行索敌的飞星依次发射，对命中的敌人造成冰元素伤害。
安眠帷幕护盾持续时间结束或被破坏时，晚星将会一同消失。若已经转换为飞星开始发射，飞星将继续存在直至这一轮发射完毕。

一轮飞星全部发射完成之前无法产生新的晚星。","Puts forth a shield known as the Curtain of Slumber, dealing AoE Cryo DMG.
The Curtain of Slumber's DMG Absorption is based on Layla's Max HP and absorbs Cryo DMG with 250% effectiveness. When the shield is deployed, Layla will have Cryo applied to her briefly.

Night Stars and Shooting Stars
While the Curtain of Slumber is active, it will create 1 Night Star that will be attached to it every 1.5s. When a character protected by this shield uses an Elemental Skill, 2 Night Stars will be created. Night Stars can be created once every 0.3s in this way. A maximum of 4 Night Stars can be accumulated at any one time.
Once the Curtain of Slumber has accumulated 4 Night Stars and there are opponents nearby, these Night Stars will transform into homing Shooting Stars that will be fired off in sequence, dealing Cryo DMG to any opponents hit.
If the Curtain of Slumber's duration ends or it is destroyed, the Night Stars will disappear. If they are already being fired off as Shooting Stars, these Shooting Stars will last until this wave of shots ends.

New Night Stars cannot be created until the previous wave of Shooting Stars has been fired completely.",Talent Nights of Formal Focus.png,https://genshin-impact.fandom.com/wiki/Nights_of_Formal_Focus,https://genshin-impact.fandom.com/wiki/File%3ATalent_Nights_of_Formal_Focus.png,https://static.wikia.nocookie.net/gensin-impact/images/9/90/Talent_Nights_of_Formal_Focus.png/revision/latest?cb=20221118101412,1fe87fabd21e679df9aab02558ebe9a5b46507f4
1065_T02.png,downloaded,unknown,1065,莱依拉,Layla,burst,combat3,Elemental Burst,元素爆发,Dream of the Star-Stream Shaker,星流摇床之梦,,,"释放帮助入眠的饰梦天球，持续发射星光弹攻击领域内的敌人，造成冰元素伤害。
星光弹命中后，将为附近的安眠帷幕护盾产生1枚晚星。每个安眠帷幕护盾每0.5秒至多通过这种方式获得1枚晚星。","Unleashes a Celestial Dreamsphere that constantly fires Starlight Slugs at opponents within its AoE, dealing Cryo DMG.
When a Starlight Slug hits, it will generate 1 Night Star for nearby Curtains of Slumber. Each Curtain of Slumber can gain 1 Night Star this way every 0.5s.",Talent Dream of the Star-Stream Shaker.png,https://genshin-impact.fandom.com/wiki/Dream_of_the_Star-Stream_Shaker,https://genshin-impact.fandom.com/wiki/File%3ATalent_Dream_of_the_Star-Stream_Shaker.png,https://static.wikia.nocookie.net/gensin-impact/images/b/b4/Talent_Dream_of_the_Star-Stream_Shaker.png/revision/latest?cb=20221118101403,1964b2d39ea769e32014b95358a7f7a70493e003
1065_T03.png,downloaded,unknown,1065,莱依拉,Layla,passive,passive1,1st Ascension Passive,突破天赋1,Like Nascent Light,如光骤现,,,"安眠帷幕护盾在存在期间，每获得一枚晚星时，将产生深眠效果：
·处于安眠帷幕护盾庇护下的角色，护盾强效提升6%；
·该效果至多叠加4次，持续直到安眠帷幕护盾消失。","While the Curtain of Slumber is active, the Deep Sleep effect will activate each time the Curtain gains 1 Night Star:
·The Shield Strength of a character under the effect of the Curtain of Slumber increases by 6%.
·This effect can have a maximum of 4 stacks and persists until the Curtain of Slumber disappears.",Talent Like Nascent Light.png,https://genshin-impact.fandom.com/wiki/Like_Nascent_Light,https://genshin-impact.fandom.com/wiki/File%3ATalent_Like_Nascent_Light.png,https://static.wikia.nocookie.net/gensin-impact/images/6/6d/Talent_Like_Nascent_Light.png/revision/latest?cb=20221118101410,1bb4a2e8939ad7af3c46315a9cf89177823ae9a9
1065_T04.png,downloaded,unknown,1065,莱依拉,Layla,passive,passive2,4th Ascension Passive,突破天赋2,Sweet Slumber Undisturbed,勿扰沉眠,,,垂裳端凝之夜发射的飞星造成的伤害提高，提高值相当于莱依拉生命值上限的1.5%。,The DMG dealt by the Shooting Stars fired by Nights of Formal Focus is increased by 1.5% of Layla's Max HP.,Talent Sweet Slumber Undisturbed.png,https://genshin-impact.fandom.com/wiki/Sweet_Slumber_Undisturbed,https://genshin-impact.fandom.com/wiki/File%3ATalent_Sweet_Slumber_Undisturbed.png,https://static.wikia.nocookie.net/gensin-impact/images/3/32/Talent_Sweet_Slumber_Undisturbed.png/revision/latest?cb=20221118101420,2b99bf54621cfb6120fdae0bb9dfd8f9fad18164
1065_T05.png,downloaded,unknown,1065,莱依拉,Layla,passive,passive3,Utility Passive,探索天赋,Shadowy Dream-Signs,叠影的梦兆,,,合成角色天赋素材时，有10%概率获得2倍产出。,"When Layla crafts Character Talent Materials, she has a 10% chance to receive double the product.",Talent Shadowy Dream-Signs.png,https://genshin-impact.fandom.com/wiki/Shadowy_Dream-Signs,https://genshin-impact.fandom.com/wiki/File%3ATalent_Shadowy_Dream-Signs.png,https://static.wikia.nocookie.net/gensin-impact/images/5/51/Talent_Shadowy_Dream-Signs.png/revision/latest?cb=20221023130118,77b3495c919620a9296c037ec1a8d779caab7db8
1066_T01.png,downloaded,unknown,1066,珐露珊,Faruzan,skill,combat2,Elemental Skill,元素战技,Wind Realm of Nasamjnin,非想风天,,,"珐露珊部署多方面体，对附近的敌人造成风元素范围伤害，并获得「疾风示现」效果。
处于「疾风示现」状态下时，珐露珊下一次蓄力完毕的瞄准射击将消耗本次「疾风示现」效果，转为发射附带高压涡流的「飓烈箭」，基于「普通攻击·迴身箭术」的满蓄力瞄准射击伤害，造成风元素伤害。

风压坍陷
飓烈箭将为命中的敌人或角色施加「风压坍陷」效果。该效果将在短暂延迟后移除，产生风涡造成风元素范围伤害，并牵引附近的物体与敌人；若未命中敌人或角色，则将在命中的位置施加「风压坍陷」效果。
风涡造成的伤害视为元素战技伤害。","Faruzan deploys a polyhedron that deals AoE Anemo DMG to nearby opponents. She will also enter the Manifest Gale state.
While in the Manifest Gale state, Faruzan's next fully charged shot will consume this state and will become a Hurricane Arrow that contains high-pressure currents. This arrow deals Anemo DMG based on the DMG of a fully charged Aimed Shot from ""Normal Attack: Parthian Shot.""

Pressurized Collapse
The Hurricane Arrow will apply a Pressurized Collapse effect to the opponent or character hit. This effect will be removed after a short delay, creating a vortex that deals AoE Anemo DMG and pulls nearby objects and opponents in. If the Hurricane Arrow does not hit any opponent or character, it will create a Pressurized Collapse effect at its point of impact.
The vortex DMG is considered Elemental Skill DMG.",Talent Wind Realm of Nasamjnin.png,https://genshin-impact.fandom.com/wiki/Wind_Realm_of_Nasamjnin,https://genshin-impact.fandom.com/wiki/File%3ATalent_Wind_Realm_of_Nasamjnin.png,https://static.wikia.nocookie.net/gensin-impact/images/4/46/Talent_Wind_Realm_of_Nasamjnin.png/revision/latest?cb=20221207030149,04d7f6b0f5b9f200d0574766de52916f51bb6154
1066_T02.png,downloaded,unknown,1066,珐露珊,Faruzan,burst,combat3,Elemental Burst,元素爆发,The Wind's Secret Ways,抟风秘道,,,"珐露珊迅速部署「赫耀多方面体」，释放一次「烈风波」，并造成风元素范围伤害。
存在期间内，赫耀多方面体将持续以三角形路径移动，每次移动到三角形路径的顶点时，赫耀多方面体都将释放一次烈风波。

烈风波
·烈风波释放时，将对周围的敌人施加「诡风之祸」效果：降低敌人的风元素抗性；
·烈风波释放时，将为附近的队伍中所有角色施加「祈风之赐」效果：获得风元素伤害加成。","Faruzan deploys a Dazzling Polyhedron that unleashes a Whirlwind Pulse and deals AoE Anemo DMG.
While the Dazzling Polyhedron persists, it will continuously move along a triangular path. Once it reaches each corner of that triangular path, it will unleash 1 more Whirlwind Pulse.

Whirlwind Pulse
·When the Whirlwind Pulse is unleashed, it will apply Perfidious Wind's Bale to nearby opponents, decreasing their Anemo RES.
·The Whirlwind Pulse will also apply Prayerful Wind's Benefit to all nearby party members when it is unleashed, granting them an Anemo DMG Bonus.",Talent The Wind's Secret Ways.png,https://genshin-impact.fandom.com/wiki/The_Wind%27s_Secret_Ways,https://genshin-impact.fandom.com/wiki/File%3ATalent_The_Wind%27s_Secret_Ways.png,https://static.wikia.nocookie.net/gensin-impact/images/f/fc/Talent_The_Wind%27s_Secret_Ways.png/revision/latest?cb=20221207030159,cd92bb5798e2eec5265eeb6e9e4ab0d9bf76c8de
1066_T03.png,downloaded,unknown,1066,珐露珊,Faruzan,passive,passive1,1st Ascension Passive,突破天赋1,Impetuous Flow,迅捷流风,,,珐露珊处于非想风天的「疾风示现」状态下时，瞄准射击所需的蓄力时间减少60%；并能对「风压坍陷」效果产生的风涡命中的敌人施加抟风秘道的「诡风之祸」效果。,"When Faruzan is in the Manifest Gale state created by Wind Realm of Nasamjnin, the amount of time taken to charge a shot is decreased by 60%, and she can apply The Wind's Secret Ways' Perfidious Wind's Bale to opponents who are hit by the vortex created by Pressurized Collapse.",Talent Impetuous Flow.png,https://genshin-impact.fandom.com/wiki/Impetuous_Flow,https://genshin-impact.fandom.com/wiki/File%3ATalent_Impetuous_Flow.png,https://static.wikia.nocookie.net/gensin-impact/images/7/7f/Talent_Impetuous_Flow.png/revision/latest?cb=20221207030155,e6fdee952dd7abec7ab4066975d8ec261e8da348
1066_T04.png,downloaded,unknown,1066,珐露珊,Faruzan,passive,passive2,4th Ascension Passive,突破天赋2,Lost Wisdom of the Seven Caverns,七窟遗智,,,处于抟风秘道的「祈风之赐」效果下的角色的普通攻击、重击、下落攻击、元素战技或元素爆发对敌人造成风元素伤害时，会产生烈风护持效果：基于珐露珊基础攻击力的32%，提高造成的伤害。每0.8秒至多产生一次烈风护持效果，该效果将在「祈风之赐」持续时间结束或生效1次后消失。,"When characters affected by The Wind's Secret Ways' Prayerful Wind's Benefit deal Anemo DMG using Normal, Charged, Plunging Attacks, Elemental Skills, or Elemental Bursts to opponents, they will gain the Hurricane Guard effect: This DMG will be increased based on 32% of Faruzan's Base ATK. 1 instance of Hurricane Guard can occur once every 0.8s. This DMG Bonus will be cleared after Prayerful Wind's Benefit expires or after the effect is triggered once.",Talent Lost Wisdom of the Seven Caverns.png,https://genshin-impact.fandom.com/wiki/Lost_Wisdom_of_the_Seven_Caverns,https://genshin-impact.fandom.com/wiki/File%3ATalent_Lost_Wisdom_of_the_Seven_Caverns.png,https://static.wikia.nocookie.net/gensin-impact/images/3/35/Talent_Lost_Wisdom_of_the_Seven_Caverns.png/revision/latest?cb=20221207030157,bfd2cfc8e95709173af1cbf7de2178c17de31a2a
1066_T05.png,downloaded,unknown,1066,珐露珊,Faruzan,passive,passive3,Utility Passive,探索天赋,Tomes Light the Path,千书曜迹,,,在须弥执行时长为20小时的探索派遣任务时，获得的奖励增加25%。,Gains 25% more rewards when dispatched on a Sumeru Expedition for 20 hours.,Talent Tomes Light the Path.png,https://genshin-impact.fandom.com/wiki/Tomes_Light_the_Path,https://genshin-impact.fandom.com/wiki/File%3ATalent_Tomes_Light_the_Path.png,https://static.wikia.nocookie.net/gensin-impact/images/2/23/Talent_Tomes_Light_the_Path.png/revision/latest?cb=20221125131308,c7c1800030b26b822b5d25a9d9425834133b9fd3
1067_T01.png,downloaded,unknown,1067,流浪者,Wanderer,skill,combat2,Elemental Skill,元素战技,Hanega: Song of the Wind,羽画·风姿华歌,,,"凝聚大气的力量，借此摆脱大地的桎梏。对周围造成风元素伤害并跃升至空中，进入「优风倾姿」状态。

优风倾姿
流浪者在这种状态下，无法进行下落攻击，进行普通攻击与重击时，将转为进行空居·不生断与空居·刀风界，造成的伤害与影响范围提高，伤害分别视为普通攻击伤害与重击伤害。进行空居·刀风界将不消耗体力。
流浪者在这种状态下将持续悬浮在空中。此时，流浪者的行动具有如下特性：
·将持续消耗「空居力」，维持悬浮状态；
·进行冲刺时，将额外消耗空居力在空中加速；长按冲刺时，将持续消耗空居力以维持快速移动。该效果将替代冲刺；
·进行跳跃时，将额外消耗空居力抬升悬浮高度；长按跳跃时，将持续消耗空居力以持续抬升高度。

空居力耗竭后将结束该状态。
在优风倾姿持续期间再次施放将结束该状态。","Concentrates the power of the winds to break free from the shackles of the earth, dealing AoE Anemo DMG before leaping into the air and entering the Windfavored state.

Windfavored
The Wanderer cannot perform Plunging Attacks in this state. When he uses Normal and Charged Attacks, they will be converted into Kuugo: Fushoudan and Kuugo: Toufukai respectively; the DMG they deal and their AoE will be increased, and their DMG will be considered Normal and Charged Attack DMG respectively. Kuugo: Toufukai will not consume Stamina.
The Wanderer will hover persistently during this time. While this state is active, the Wanderer's movements gain the following properties:
·Persistently consumes Kuugoryoku Points to maintain this hovering state.
·When sprinting, additional Kuugoryoku Points will be consumed for the Wanderer to accelerate mid-air. Holding sprint will cause persistent Kuugoryoku Point consumption to maintain speed. This effect will replace his default sprint.
·Jumping expends extra Kuugoryoku Points to increase hovering height. Holding jump will cause persistent Kuugoryoku Point consumption to keep increasing hovering height.

Running out of Kuugoryoku Points will end the Windfavored state.
A second cast during the duration of Windfavored will also end it.",Talent Hanega Song of the Wind.png,https://genshin-impact.fandom.com/wiki/Hanega_Song_of_the_Wind,https://genshin-impact.fandom.com/wiki/File%3ATalent_Hanega_Song_of_the_Wind.png,https://static.wikia.nocookie.net/gensin-impact/images/b/b0/Talent_Hanega_Song_of_the_Wind.png/revision/latest?cb=20221207030111,31e25fb6dd2bb628c9e6a2a42f7e5276c703b9f5
1067_T02.png,downloaded,unknown,1067,流浪者,Wanderer,burst,combat3,Elemental Burst,元素爆发,Kyougen: Five Ceremonial Plays,狂言·式乐五番,,,"将大气压缩，化变为粉碎一切烦恼的空洞，造成多次风元素范围伤害。
处于元素战技「羽画·风姿华歌」的优风倾姿状态下时，将在施放后结束优风倾姿状态。","Compresses the atmosphere into a singular vacuum that grinds all troubles away, dealing multiple instances of AoE Anemo DMG.
If the character is in the Windfavored state due to the skill ""Hanega: Song of the Wind,"" Windfavored state will end after casting.",Talent Kyougen Five Ceremonial Plays.png,https://genshin-impact.fandom.com/wiki/Kyougen_Five_Ceremonial_Plays,https://genshin-impact.fandom.com/wiki/File%3ATalent_Kyougen_Five_Ceremonial_Plays.png,https://static.wikia.nocookie.net/gensin-impact/images/6/64/Talent_Kyougen_Five_Ceremonial_Plays.png/revision/latest?cb=20221207030119,8204c2a71268b77481176e01dfd51e38a82305be
1067_T03.png,downloaded,unknown,1067,流浪者,Wanderer,passive,passive3,Utility Passive,探索天赋,Strum the Swirling Winds,廻色云弦,,,突破弓与法器时，消耗的摩拉数量减少50%。,Mora expended when ascending Bows and Catalysts is decreased by 50%.,Talent Strum the Swirling Winds.png,https://genshin-impact.fandom.com/wiki/Strum_the_Swirling_Winds,https://genshin-impact.fandom.com/wiki/File%3ATalent_Strum_the_Swirling_Winds.png,https://static.wikia.nocookie.net/gensin-impact/images/8/85/Talent_Strum_the_Swirling_Winds.png/revision/latest?cb=20221207030125,9d35080f7d3f9c7abd39e6fd1f8c574569bc9d06
1067_T04.png,downloaded,unknown,1067,流浪者,Wanderer,extra,,,,Hanega Song of the Wind 2,,,,,,Talent Hanega Song of the Wind 2.png,https://genshin-impact.fandom.com/wiki/Hanega_Song_of_the_Wind_2,https://genshin-impact.fandom.com/wiki/File%3ATalent_Hanega_Song_of_the_Wind_2.png,https://static.wikia.nocookie.net/gensin-impact/images/2/28/Talent_Hanega_Song_of_the_Wind_2.png/revision/latest?cb=20221207030105,3da67c9a7276765ff5af1fe53a6099320ca85169
1067_T05.png,downloaded,unknown,1067,流浪者,Wanderer,extra,,,,Hanega Song of the Wind 3,,,,,,Talent Hanega Song of the Wind 3.png,https://genshin-impact.fandom.com/wiki/Hanega_Song_of_the_Wind_3,https://genshin-impact.fandom.com/wiki/File%3ATalent_Hanega_Song_of_the_Wind_3.png,https://static.wikia.nocookie.net/gensin-impact/images/f/fe/Talent_Hanega_Song_of_the_Wind_3.png/revision/latest?cb=20221207030107,1392e1e81f6978d9eb91f470cc472a22c83d612e
1067_T06.png,downloaded,unknown,1067,流浪者,Wanderer,extra,,,,Hanega Song of the Wind 4,,,,,,Talent Hanega Song of the Wind 4.png,https://genshin-impact.fandom.com/wiki/Hanega_Song_of_the_Wind_4,https://genshin-impact.fandom.com/wiki/File%3ATalent_Hanega_Song_of_the_Wind_4.png,https://static.wikia.nocookie.net/gensin-impact/images/8/8a/Talent_Hanega_Song_of_the_Wind_4.png/revision/latest?cb=20221207030109,5b2a27b0dfc2a8815274cfdc2f47f273110e6042
1068_T01.png,downloaded,unknown,1068,艾尔海森,Alhaitham,skill,combat2,Elemental Skill,元素战技,Universality: An Elaboration on Form,共相·理式摹写,,,"迅速突进，在突进结束时对身边的敌人造成草元素伤害，并凝聚「琢光镜」。
长按时将以不同的方式施放。

长按
进入瞄准状态，以调整突进的方向。

琢光镜
施放时，艾尔海森将产生1枚琢光镜；若此时未持有任何琢光镜，则额外产生1枚。琢光镜具有如下效果：
·持有琢光镜时，艾尔海森的普通攻击、重击与下落攻击将转为无法被附魔覆盖的草元素伤害；
·上述攻击命中敌人时，琢光镜将进行光幕攻击，造成基于琢光镜数量的草元素范围伤害；
·至多持有3枚琢光镜；
·琢光镜将随着时间流逝逐枚消失，并将在艾尔海森退场时全部消失。","Rushes forward, dealing Dendro DMG to nearby opponents when the rush ends, causing a Chisel-Light Mirror to form.
Holding this skill will cause it to behave differently.

Hold
Enters Aiming Mode to adjust the direction of Alhaitham's rush attack.

Chisel-Light Mirror
When this skill is unleashed, Alhaitham will generate 1 Chisel-Light Mirror. If there are no Mirrors at this time, he will generate 1 additional Mirror. Chisel-Light Mirrors will have the following properties:
·When he possesses Chisel-Light Mirrors, Alhaitham's Normal, Charged, and Plunging Attacks will be converted to Dendro DMG. This cannot be overridden.
·When attacks of the aforementioned kind hit opponents, the Chisel-Light Mirrors will unleash a Projection Attack that deals AoE Dendro DMG based on the number of Mirrors on the field.
·A total of 3 Chisel-Light Mirrors can exist at once.
·The Chisel-Light Mirrors will disappear one after the other over time, and will all disappear when Alhaitham leaves the field.",Talent Universality An Elaboration on Form.png,https://genshin-impact.fandom.com/wiki/Universality_An_Elaboration_on_Form,https://genshin-impact.fandom.com/wiki/File%3ATalent_Universality_An_Elaboration_on_Form.png,https://static.wikia.nocookie.net/gensin-impact/images/2/29/Talent_Universality_An_Elaboration_on_Form.png/revision/latest?cb=20230118020447,ce8da327fe5b5bdc8229f16743ed480a58b02e9e
1068_T02.png,downloaded,unknown,1068,艾尔海森,Alhaitham,burst,combat3,Elemental Burst,元素爆发,Particular Field: Fetters of Phenomena,殊境·显象缚结,,,"创造殊相缚境，造成多次草元素范围伤害。
施放时，若持有琢光镜，将消耗所有的琢光镜，增加造成伤害的次数。
施放完成2秒后，若施放时消耗了0/1/2/3个琢光镜，则将为艾尔海森产生3/2/1/0个琢光镜。","Creates a Particular Binding Field and deals multiple instances of AoE Dendro DMG.
If Chisel-Light Mirrors exist when this ability is unleashed, all such Mirrors will be consumed and increase the number of DMG instances dealt.
2s after this ability is unleashed, if 0/1/2/3 Mirrors were consumed, Alhaitham will generate 3/2/1/0 new Mirrors in turn.",Talent Particular Field Fetters of Phenomena.png,https://genshin-impact.fandom.com/wiki/Particular_Field_Fetters_of_Phenomena,https://genshin-impact.fandom.com/wiki/File%3ATalent_Particular_Field_Fetters_of_Phenomena.png,https://static.wikia.nocookie.net/gensin-impact/images/0/08/Talent_Particular_Field_Fetters_of_Phenomena.png/revision/latest?cb=20230118020445,ce0db10f8699d4ff3178798a170b42a4209ef08b
1068_T03.png,downloaded,unknown,1068,艾尔海森,Alhaitham,passive,passive1,1st Ascension Passive,突破天赋1,Four-Causal Correction,四因订顽,,,艾尔海森的重击或下落攻击命中敌人时，将产生一枚琢光镜。该效果每12秒至多触发一次。,"When Alhaitham's Charged or Plunging Attacks hit opponents, they will generate 1 Chisel-Light Mirror. This effect can be triggered once every 12s.",Talent Four-Causal Correction.png,https://genshin-impact.fandom.com/wiki/Four-Causal_Correction,https://genshin-impact.fandom.com/wiki/File%3ATalent_Four-Causal_Correction.png,https://static.wikia.nocookie.net/gensin-impact/images/3/32/Talent_Four-Causal_Correction.png/revision/latest?cb=20230118020439,cc25321681660cecf668fe9ca59681a58c06680d
1068_T04.png,downloaded,unknown,1068,艾尔海森,Alhaitham,passive,passive2,4th Ascension Passive,突破天赋2,Mysteries Laid Bare,谜林道破,,,"艾尔海森的每点元素精通，都会使光幕伤害与殊境·显象缚结造成的伤害提升0.1%。
通过这种方式，至多使光幕伤害与殊境·显象缚结造成的伤害提升100%。","Each point of Alhaitham's Elemental Mastery will increase the DMG dealt by Projection Attacks and Particular Field: Fetters of Phenomena by 0.1%.
The DMG of both aforementioned abilities can be increased by a maximum of 100% this way.",Talent Mysteries Laid Bare.png,https://genshin-impact.fandom.com/wiki/Mysteries_Laid_Bare,https://genshin-impact.fandom.com/wiki/File%3ATalent_Mysteries_Laid_Bare.png,https://static.wikia.nocookie.net/gensin-impact/images/f/f4/Talent_Mysteries_Laid_Bare.png/revision/latest?cb=20230118020443,eaaf6c5d47d72391d74f88caba46a091c8811cb0
1068_T05.png,downloaded,unknown,1068,艾尔海森,Alhaitham,passive,passive3,Utility Passive,探索天赋,Law of Reductive Overdetermination,超定归约律,,,合成武器突破素材时，有10%概率获得2倍产出。,"When Alhaitham crafts Weapon Ascension Materials, he has a 10% chance to receive double the product.",Talent Law of Reductive Overdetermination.png,https://genshin-impact.fandom.com/wiki/Law_of_Reductive_Overdetermination,https://genshin-impact.fandom.com/wiki/File%3ATalent_Law_of_Reductive_Overdetermination.png,https://static.wikia.nocookie.net/gensin-impact/images/a/a4/Talent_Law_of_Reductive_Overdetermination.png/revision/latest?cb=20230118020441,d6e3c5c1ea4a4a45aa98b238e4418d2008d62636
1069_T01.png,downloaded,unknown,1069,瑶瑶,Yaoyao,skill,combat2,Elemental Skill,元素战技,Raphanus Sky Cluster,云台团团降芦菔,,,"请某位仙人特制的机关「月桂·抛掷型」上阵，帮助瑶瑶解决烦恼。
长按时将以不同的方式施放。

长按
进入瞄准状态，调整投掷方向。

月桂·抛掷型
会投掷白玉萝卜，白玉萝卜会在命中角色或敌人时炸裂，对一定范围内的敌人造成草元素伤害，并为其中的角色恢复生命值，回复量受益于瑶瑶的生命值上限；若未命中敌人或角色，白玉萝卜将会留在命中的位置，并在触及角色或敌人时，或持续时间结束时炸裂。
月桂·抛掷型会依据附近的情况，选择投掷白玉萝卜的目标：
·附近的角色如果生命值均高于70%，会向附近的一名敌人投掷；
·附近如果存在生命值低于或等于70%的角色，则会向附近场上生命值百分比最低的角色投掷。若附近不存在敌人，在角色的生命值均高于70%、低于100%时，也会向角色投掷；否则会向周围随意投掷。

同时至多存在2个月桂·抛掷型。","Calls upon ""Yuegui: Throwing Mode,"" a special device created by a certain adeptus to help Yaoyao solve her problems.
This skill will be used differently in Holding Mode.

Hold
Enters Aiming Mode to adjust the throw direction.

Yuegui: Throwing Mode
Throws out White Jade Radishes that will explode upon hitting characters or opponents, dealing Dendro DMG to opponents within a certain AoE, and healing characters within that same AoE based on Yaoyao's Max HP. If a radish does not hit either an opponent or a character, the radish will remain where it is and explode on contact with a character or opponent, or will explode after its duration expires.
Yuegui: Throwing Mode will choose its radish-throw targets.
·If all nearby characters have more than 70% HP remaining, then it will throw the radish at a nearby opponent.
·If nearby characters have 70% or less HP remaining, it will throw a radish at the character with the lowest HP percentage remaining. If no opponents exist nearby, Yuegui will also throw White Jade Radishes at characters if they all have more than 70% HP and less than 100% HP remaining. Otherwise, it will throw radishes into the area at random.

A maximum of 2 instances of Yuegui: Throwing Mode can exist at any one time.",Talent Raphanus Sky Cluster.png,https://genshin-impact.fandom.com/wiki/Raphanus_Sky_Cluster,https://genshin-impact.fandom.com/wiki/File%3ATalent_Raphanus_Sky_Cluster.png,https://static.wikia.nocookie.net/gensin-impact/images/2/25/Talent_Raphanus_Sky_Cluster.png/revision/latest?cb=20230118020535,f8fd1187055e630a9c7caa5501dba6659d1b1d34
1069_T02.png,skipped_existing,unknown,1069,瑶瑶,Yaoyao,burst,combat3,Elemental Burst,元素爆发,Moonjade Descent,玉颗珊珊月中落,,,"依照某位仙人的嘱咐，在紧急情况下，解放月桂的全部潜能，对周围的敌人造成草元素伤害，并进入（某种意义上）所向披靡的「桂子仙机」状态。

桂子仙机
·产生的白玉萝卜将转为依据本技能详细属性造成伤害与治疗，炸裂时将为队伍中附近的所有角色恢复生命值，造成的草元素伤害转而视为元素爆发伤害；
·周期性召唤「月桂·弹跳型」，直到数量达到上限。月桂·弹跳型与元素战技「云台团团降芦菔」召唤的月桂·抛掷型行为方式相同。同时至多存在3个月桂·弹跳型；
·瑶瑶的移动速度提升15%；
·瑶瑶获得草元素抗性提升。

桂子仙机状态将在退场时结束。桂子仙机状态结束时，将移除剩余的月桂·弹跳型。","At the enjoinment of a certain adeptus, Yuegui's full potential can be unleashed in an emergency, dealing Dendro DMG to nearby opponents and entering an (in some sense) unsurpassed Adeptal Legacy state.

Adeptal Legacy
·White Jade Radishes generated will be changed to heal and deal DMG according to this skill. Explosions will heal all nearby party members, and the Dendro DMG that they deal will be viewed as Elemental Burst DMG instead.
·Summons ""Yuegui: Jumping Mode"" at intervals until their limit has been reached. The behavior of this version of Yuegui is the same as that of ""Yuegui: Throwing Mode"" in the Elemental Skill, Raphanus Sky Cluster. A maximum of 3 Yuegui: Jumping Mode can exist at any one time.
·Yaoyao's Movement SPD is increased by 15%.
·Yaoyao's Dendro RES will be increased.

The Adeptal Legacy state will end once Yaoyao is off-field, and all remaining Yuegui: Jumping Mode will be cleared once this state ends.",Talent Moonjade Descent.png,https://genshin-impact.fandom.com/wiki/Moonjade_Descent,https://genshin-impact.fandom.com/wiki/File%3ATalent_Moonjade_Descent.png,https://static.wikia.nocookie.net/gensin-impact/images/c/ca/Talent_Moonjade_Descent.png/revision/latest?cb=20230118020533,e8e80de6de5be2875d97d67eba310370baa11d5c
1069_T03.png,downloaded,unknown,1069,瑶瑶,Yaoyao,passive,passive1,1st Ascension Passive,突破天赋1,Starscatter,天星漫散,,,处于玉颗珊珊月中落的桂子仙机状态下时，当瑶瑶进行冲刺、跳跃或处于奔跑状态下时，将不断向附近的敌人投掷白玉萝卜。每0.6秒至多通过这种方式投掷1枚白玉萝卜。,"While affected by the Adeptal Legacy state caused by Moonjade Descent, Yaoyao will constantly throw White Jade Radishes at nearby opponents when she is sprinting, jumping, or running. She can throw 1 White Jade Radish this way once every 0.6s.",Talent Starscatter.png,https://genshin-impact.fandom.com/wiki/Starscatter,https://genshin-impact.fandom.com/wiki/File%3ATalent_Starscatter.png,https://static.wikia.nocookie.net/gensin-impact/images/d/d5/Talent_Starscatter.png/revision/latest?cb=20230118020537,aaa5c7eabb97a7eeaab84972728cf915d5e6eec8
1069_T04.png,downloaded,unknown,1069,瑶瑶,Yaoyao,passive,passive2,4th Ascension Passive,突破天赋2,In Others' Shoes,推己及人,,,白玉萝卜炸裂时，处在其影响范围内的当前场上角色将每1秒恢复一次生命值，回复量基于瑶瑶生命值上限的0.8%，持续5秒。,"When White Jade Radishes explode, active characters within their AoE will regain HP every 1s based on 0.8% of Yaoyao's Max HP. This effect lasts 5s.",Talent In Others' Shoes.png,https://genshin-impact.fandom.com/wiki/In_Others%27_Shoes,https://genshin-impact.fandom.com/wiki/File%3ATalent_In_Others%27_Shoes.png,https://static.wikia.nocookie.net/gensin-impact/images/a/ab/Talent_In_Others%27_Shoes.png/revision/latest?cb=20230118020531,e33095115d37e0a7f701fc16a51970b2deb775d2
1069_T05.png,skipped_existing,unknown,1069,瑶瑶,Yaoyao,passive,passive3,Utility Passive,探索天赋,Tailing on Tiptoes,踮脚·蹑影轻踪,,,"瑶瑶在队伍中时，队伍中自己的角色接近晶蝶等部分生物时，不会惊动它们。
有效对象可参考图鉴中「生物志 / 野生动物」的「其他」分类。","When Yaoyao is in the party, your characters will not startle Crystalflies and certain other animals when getting near them.
Check the ""Other"" sub-category of the ""Living Beings / Wildlife"" section in the Archive for creatures this skill works on.",Talent Tailing on Tiptoes.png,https://genshin-impact.fandom.com/wiki/Tailing_on_Tiptoes,https://genshin-impact.fandom.com/wiki/File%3ATalent_Tailing_on_Tiptoes.png,https://static.wikia.nocookie.net/gensin-impact/images/8/89/Talent_Tailing_on_Tiptoes.png/revision/latest?cb=20230118020529,18bdba2761951c6ff37f97b8f7b785953993964a
1070_T01.png,downloaded,unknown,1070,迪希雅,Dehya,skill,combat2,Elemental Skill,元素战技,Molten Inferno,熔铁流狱,,,"迪希雅依据战局状况，施展不同的自创战斗技艺。

净焰昂藏
当前场上不存在迪希雅自己的「净焰剑狱」时施展。
造成火元素范围伤害，并产生净焰剑狱领域。

剑域炽焰
当前场上存在迪希雅自己的净焰剑狱时施展。
进行腾跃攻击，造成火元素范围伤害，并在新的位置重新产生净焰剑狱领域。
通过这种方式重新产生的净焰剑狱领域将继承原本的持续时间。

在1次净焰剑狱领域的持续时间内，只能施展1次剑域炽焰。

净焰剑狱
领域中的敌人受到伤害时，净焰剑狱将进行协同攻击，基于迪希雅的攻击力与生命值上限，对其造成火元素范围伤害。该效果每2.5秒至多触发一次。
提升领域中当前场上角色的抗打断能力，并在这些角色受到伤害时，消解部分伤害，将其转入「赤鬃之血」，由迪希雅在10秒内承担。赤鬃之血储存的伤害值达到或超过迪希雅生命值上限的一定比例时，将不再消解伤害。

同时只能存在1个由迪希雅自己创造的净焰剑狱。","This art of Dehya's own invention changes its method of use depending on the combat situation.

Indomitable Flame
This skill will be unleashed should there be no Fiery Sanctum field created by Dehya herself present at the time.
Deals AoE Pyro DMG, and creates a field known as Fiery Sanctum.

Ranging Flame
This skill will be unleashed should a Fiery Sanctum field created by Dehya herself already exist.
Dehya will perform a leaping attack, dealing AoE Pyro DMG before recreating a Fiery Sanctum field at her new position.
A Fiery Sanctum field created this way will inherit the remaining duration of the previous field.

Ranging Flame can be used only once throughout a single Fiery Sanctum field's duration.

Fiery Sanctum
When an opponent within a Fiery Sanctum field takes DMG, the field will unleash a coordinated attack, dealing AoE Pyro DMG to them based on Dehya's ATK and Max HP. This effect can be triggered once every 2.5s.
Active characters within this field have their resistance to interruption increased, and when such characters take DMG, a portion of that damage will be mitigated and flow into Redmane's Blood. Dehya will then take this DMG over 10s. When the mitigated DMG stored by Redmane's Blood reaches or goes over a certain percentage of Dehya's Max HP, she will stop mitigating DMG in this way.

Only 1 Fiery Sanctum created by Dehya herself can exist at the same time.",Talent Molten Inferno.png,https://genshin-impact.fandom.com/wiki/Molten_Inferno,https://genshin-impact.fandom.com/wiki/File%3ATalent_Molten_Inferno.png,https://static.wikia.nocookie.net/gensin-impact/images/6/6b/Talent_Molten_Inferno.png/revision/latest?cb=20230301024352,83641fbada17855a732dd193eb209fc234777af9
1070_T02.png,skipped_existing,unknown,1070,迪希雅,Dehya,burst,combat3,Elemental Burst,元素爆发,Leonine Bite,炎啸狮子咬,,,"释放炙热的怒火，放弃不便的大剑，进入「炽炎狮子」状态，提升抗打断能力。
在这种状态下，迪希雅将自动连续挥舞炽鬃拳，基于攻击力与生命值上限造成火元素伤害，并在持续时间结束时，进行焚落踢，基于攻击力与生命值上限造成火元素范围伤害。
施放时，如果场上存在迪希雅自己的元素战技「熔铁流狱」的「净焰剑狱」领域，迪希雅会将其收回，并在炽炎狮子状态结束时在新的位置重新产生，重新产生时将继承被收回时的持续时间。
在这种状态下，迪希雅无法施放元素战技，无法进行普通攻击、重击与下落攻击。「普通攻击·拂金剑斗术」与元素战技「熔铁流狱」将被替换为「炎咆连打」。

炎咆连打
施展炽鬃拳后的0.4秒内施放炎咆连打，将提升下一次炽鬃拳施展的速度。","Unleashing her burning anger and casting her inconvenient blade aside, Dehya enters the Blazing Lioness state and increases her resistance to interruption.
In this state, Dehya will automatically and continuously unleash the Flame-Mane's Fists, dealing Pyro DMG based on her ATK and Max HP, and when its duration ends, she will unleash an Incineration Drive, dealing AoE Pyro DMG based on her ATK and Max HP.
If a Fiery Sanctum field created by Dehya's own Elemental Skill ""Molten Inferno"" exists when this ability is unleashed, Dehya will retrieve it, and then create another field once Blazing Lioness's duration expires. This field will take on the retrieved field's duration at the moment of its retrieval.
In this state, Dehya will be unable to cast her Elemental Skill, or perform Normal, Charged, and Plunging Attacks. ""Normal Attack: Sandstorm Assault"" and Elemental Skill ""Molten Inferno"" will be replaced by ""Roaring Barrage.""

Roaring Barrage
Unleashing Roaring Barrage within 0.4s after each Flame-Mane's Fist strike will increase the speed at which the next Flame-Mane's Fist strike will be triggered.",Talent Leonine Bite.png,https://genshin-impact.fandom.com/wiki/Leonine_Bite,https://genshin-impact.fandom.com/wiki/File%3ATalent_Leonine_Bite.png,https://static.wikia.nocookie.net/gensin-impact/images/1/12/Talent_Leonine_Bite.png/revision/latest?cb=20230301024348,63be3e0e6e0ef272b517b712c2b9becfae547cd7
1070_T03.png,downloaded,unknown,1070,迪希雅,Dehya,passive,passive1,1st Ascension Passive,突破天赋1,Unstinting Succor,不吝佑助,,,"迪希雅通过熔铁流狱·剑域炽焰或炎啸狮子咬回收净焰剑狱后的6秒内，迪希雅承担来自赤鬃之血的伤害时，受到的伤害降低60%。该效果每2秒至多触发一次。
此外，迪希雅施放熔铁流狱·净焰昂藏后的9秒内，将为队伍中所有角色赋予「熔金铸躯」状态。处于熔金铸躯状态下的角色处于净焰剑狱领域中时，将获得额外的抗打断能力。每18秒至多产生一次熔金铸躯状态。","Within 6 seconds after Dehya retrieves the Fiery Sanctum field through Molten Inferno: Ranging Flame or Leonine Bite, she will take 60% less DMG when receiving DMG from Redmane's Blood. This effect can be triggered once every 2s.
Additionally, within 9s after Dehya unleashes Molten Inferno: Indomitable Flame, she will grant all party members the Gold-Forged Form state. This state will further increase a character's resistance to interruption when they are within the Fiery Sanctum field. Gold-Forged Form can be activated once every 18s.",Talent Unstinting Succor.png,https://genshin-impact.fandom.com/wiki/Unstinting_Succor,https://genshin-impact.fandom.com/wiki/File%3ATalent_Unstinting_Succor.png,https://static.wikia.nocookie.net/gensin-impact/images/4/47/Talent_Unstinting_Succor.png/revision/latest?cb=20230301024357,0acb6968f6f1d41ad6f39cd8a21017e2a6840cbc
1070_T04.png,downloaded,unknown,1070,迪希雅,Dehya,passive,passive2,4th Ascension Passive,突破天赋2,Stalwart and True,崇诚之真,,,生命值低于40%时，迪希雅将基于生命值上限的20%恢复生命值，并在接下来的10秒内，每2秒基于生命值上限的6%为迪希雅恢复生命值。该效果每20秒至多触发一次。,"When her HP is less than 40%, Dehya will recover 20% of her Max HP and will restore 6% of her Max HP every 2s for the next 10s. This effect can be triggered once every 20s.",Talent Stalwart and True.png,https://genshin-impact.fandom.com/wiki/Stalwart_and_True,https://genshin-impact.fandom.com/wiki/File%3ATalent_Stalwart_and_True.png,https://static.wikia.nocookie.net/gensin-impact/images/1/12/Talent_Stalwart_and_True.png/revision/latest?cb=20230301024353,63cd3527e7965e24da28b9adceee475f24acd345
1070_T05.png,downloaded,unknown,1070,迪希雅,Dehya,passive,passive3,Utility Passive,探索天赋,The Sunlit Way,日照的正途,,,"在白天（6时至18时），队伍中自己的角色获得迅行效果：移动速度提高10%。
该效果在秘境、征讨领域、深境螺旋中无效，迅行效果无法叠加。","During the day (06:00 – 18:00), your party members gain the Swift Stride effect: Movement SPD increased by 10%.
Does not take effect in Domains, Trounce Domains, or Spiral Abyss. Swift Stride does not stack.",Talent The Sunlit Way.png,https://genshin-impact.fandom.com/wiki/The_Sunlit_Way,https://genshin-impact.fandom.com/wiki/File%3ATalent_The_Sunlit_Way.png,https://static.wikia.nocookie.net/gensin-impact/images/e/ee/Talent_The_Sunlit_Way.png/revision/latest?cb=20230301024355,228628c471d9be9a4989090040949c6f108efdce
1070_T06.png,downloaded,unknown,1070,迪希雅,Dehya,extra,,,,Leonine Bite 2,,,,,,Talent Leonine Bite 2.png,https://genshin-impact.fandom.com/wiki/Leonine_Bite_2,https://genshin-impact.fandom.com/wiki/File%3ATalent_Leonine_Bite_2.png,https://static.wikia.nocookie.net/gensin-impact/images/9/98/Talent_Leonine_Bite_2.png/revision/latest?cb=20230301024346,1c1aa1bf303c84cc1782e50fc97fd0b482368462
1070_T07.png,downloaded,unknown,1070,迪希雅,Dehya,extra,,,,Molten Inferno 2,,,,,,Talent Molten Inferno 2.png,https://genshin-impact.fandom.com/wiki/Molten_Inferno_2,https://genshin-impact.fandom.com/wiki/File%3ATalent_Molten_Inferno_2.png,https://static.wikia.nocookie.net/gensin-impact/images/5/57/Talent_Molten_Inferno_2.png/revision/latest?cb=20230301024350,e07d256e22d9a0b0a5804710ca0c0417a5e205f0
1071_T01.png,downloaded,unknown,1071,米卡,Mika,skill,combat2,Elemental Skill,元素战技,Starfrost Swirl,星霜的流旋,,,"利用手弩攻击敌人，并为队伍中附近的所有角色赋予灵风状态。处于灵风状态下的角色处于场上时，攻击速度将获得提升。
依据点按、长按，以不同的方式产生效果。

点按
快速发射能够穿透敌人的霜流矢，对触及的敌人造成冰元素伤害。

长按
进行瞄准，并对一名瞄准锁定的敌人发射冰星信标，造成冰元素伤害。冰星信标命中后，将升空爆裂，向周围至多3名其他敌人发射冰星破片，造成冰元素伤害。","Mika uses his crossbow to attack, granting all nearby characters in your party Soulwind. When characters in the Soulwind state are on the field, their ATK SPD will be increased.
Will take effect in different ways if Tapped or Held.

Tap
Fires a Flowfrost Arrow that can pierce through opponents, dealing Cryo DMG to enemies it comes into contact with.

Hold
Goes into Aiming Mode, locking on to an opponent and firing a Rimestar Flare at them, dealing Cryo DMG. When the Rimestar Flare hits, it will rise before exploding, launching Rimestar Shards into a maximum of 3 other opponents, dealing Cryo DMG.",Talent Starfrost Swirl.png,https://genshin-impact.fandom.com/wiki/Starfrost_Swirl,https://genshin-impact.fandom.com/wiki/File%3ATalent_Starfrost_Swirl.png,https://static.wikia.nocookie.net/gensin-impact/images/c/c1/Talent_Starfrost_Swirl.png/revision/latest?cb=20230321100007,367e8c5ba7c6c6cf9700134a412cf6c5d412d7e8
1071_T02.png,skipped_existing,unknown,1071,米卡,Mika,burst,combat3,Elemental Burst,元素爆发,Skyfeather Song,苍翎的颂愿,,,"从骑士团的诵祷中导引鼓舞伙伴奋勇前行的力量，为队伍中附近的所有角色恢复生命值，回复量受益于米卡的生命值上限，并为其施加鹰翎状态。

鹰翎
处于鹰翎状态下的当前场上角色在普通攻击命中敌人时，米卡将为其恢复生命值，回复量受益于米卡的生命值上限。
处于这种状态下的角色，短时间内至多通过这种方式恢复一次生命值。","Derives the ability to spur his teammates on from the recited prayers of the knightly order, regenerating HP for all nearby party members. This healing is based on Mika's Max HP and will grant them the Eagleplume state.

Eagleplume
When the Normal Attacks of active characters affected by Eagleplume hit an opponent, Mika will help them regenerate HP based on his Max HP.
Characters affected by this state can only regenerate HP in this way once per short interval of time.",Talent Skyfeather Song.png,https://genshin-impact.fandom.com/wiki/Skyfeather_Song,https://genshin-impact.fandom.com/wiki/File%3ATalent_Skyfeather_Song.png,https://static.wikia.nocookie.net/gensin-impact/images/7/7a/Talent_Skyfeather_Song.png/revision/latest?cb=20230321100005,f8174734c4b98dcd9e90bd46fe55d924f74fbc0e
1071_T03.png,downloaded,unknown,1071,米卡,Mika,passive,passive1,1st Ascension Passive,突破天赋1,Suppressive Barrage,速射牵制,,,"在下列情况下，星霜的流旋的灵风状态将获得侦明效果强化，使角色处于场上时，造成的物理伤害提升10%：
·霜流矢命中超过1名敌人时，每额外命中1名敌人就产生1层侦明效果；
·冰星破片命中敌人时，将产生1层侦明效果。每枚冰星破片只能触发1次。

灵风状态的侦明效果至多叠加3层，在持续期间内重复施放星霜的流旋时，将移除原有的灵风状态与其侦明效果。","Per the following circumstances, the Soulwind state caused by Starfrost Swirl will grant characters the Detector effect, increasing their Physical DMG by 10% when they are on the field.
·If the Flowfrost Arrow hits more than one opponent, each additional opponent hit will generate 1 Detector stack.
·When a Rimestar Shard hits an opponent, it will generate 1 Detector stack. Each Rimestar Shard can trigger the effect 1 time.

The Soulwind state can have a maximum of 3 Detector stacks, and if Starfrost Swirl is cast again during this duration, the pre-existing Soulwind state and all its Detector stacks will be cleared.",Talent Suppressive Barrage.png,https://genshin-impact.fandom.com/wiki/Suppressive_Barrage,https://genshin-impact.fandom.com/wiki/File%3ATalent_Suppressive_Barrage.png,https://static.wikia.nocookie.net/gensin-impact/images/b/b4/Talent_Suppressive_Barrage.png/revision/latest?cb=20230321100009,602be37115a77b3182eac9fb692cd23eb22f91eb
1071_T04.png,downloaded,unknown,1071,米卡,Mika,passive,passive2,4th Ascension Passive,突破天赋2,Topographical Mapping,地貌测绘,,,"同时处于苍翎的颂愿的鹰翎状态与星霜的流旋的灵风状态下的当前场上角色，在攻击造成暴击时，灵风状态将产生1层突破天赋「速射牵制」的侦明效果。在一次灵风状态的持续期间内，通过这种方式至多产生1层侦明效果。
此外，灵风状态下侦明效果叠加层数上限提升1层。
需要解锁突破天赋「速射牵制」。","When an active character affected by both Skyfeather Song's Eagleplume and Starfrost Swirl's Soulwind at once scores a CRIT Hit with their attacks, Soulwind will grant them 1 stack of Detector from the Ascension Talent Suppressive Barrage. During a single instance of Soulwind, 1 Detector stack can be gained in this manner.
Additionally, the maximum number of stacks that can be gained through Soulwind alone is increased by 1.
You must first unlock the Ascension Talent ""Suppressive Barrage.""",Talent Topographical Mapping.png,https://genshin-impact.fandom.com/wiki/Topographical_Mapping,https://genshin-impact.fandom.com/wiki/File%3ATalent_Topographical_Mapping.png,https://static.wikia.nocookie.net/gensin-impact/images/7/73/Talent_Topographical_Mapping.png/revision/latest?cb=20230321100011,b7dd784da7fb4a36baae538b293adecc334076a5
1071_T05.png,downloaded,unknown,1071,米卡,Mika,passive,passive3,Utility Passive,探索天赋,Demarcation,勘界定标,,,在小地图上显示周围的蒙德区域特产的位置。,Displays the location of nearby resources unique to Mondstadt on the mini-map.,Talent Demarcation.png,https://genshin-impact.fandom.com/wiki/Demarcation,https://genshin-impact.fandom.com/wiki/File%3ATalent_Demarcation.png,https://static.wikia.nocookie.net/gensin-impact/images/b/bf/Talent_Demarcation.png/revision/latest?cb=20230217153632,f906bdfd0974b54c4bb0e010f78d19421607bc37
1072_T01.png,downloaded,unknown,1072,白术,Baizhu,skill,combat2,Elemental Skill,元素战技,Universal Diagnosis,太素诊要,,,"驱役游丝徵灵，使它在附近的敌人间游弋攻击，造成草元素伤害。
在进行至多3次攻击后，或是在附近不存在敌人的情况下，游丝徵灵将会返回，为队伍中附近的所有角色恢复生命值，回复量受益于白术的生命值上限。","Controls a Gossamer Sprite that cruises and attacks nearby opponents, dealing Dendro DMG.
After it performs 3 attacks or if there are no opponents nearby, the Sprite will return, healing all nearby party members based on Baizhu's Max HP.",Talent Universal Diagnosis.png,https://genshin-impact.fandom.com/wiki/Universal_Diagnosis,https://genshin-impact.fandom.com/wiki/File%3ATalent_Universal_Diagnosis.png,https://static.wikia.nocookie.net/gensin-impact/images/6/69/Talent_Universal_Diagnosis.png/revision/latest?cb=20230502100641,d3c12d6b43aa12464f56b85a2d275180c5d9f4d1
1072_T02.png,downloaded,unknown,1072,白术,Baizhu,burst,combat3,Elemental Burst,元素爆发,Holistic Revivification,愈气全形论,,,"进入脉摄宣明状态，产生对草元素伤害有250%的吸收效果的无郤气护盾。
在脉摄宣明状态下，每2.5秒将产生新的无郤气护盾。

无郤气护盾在以下情况下，将会为当前场上自己的角色恢复生命值，回复量受益于白术的生命值上限，并释放灵气脉攻击敌人，造成草元素伤害：
·当角色处于无郤气护盾的庇护下时，并产生新的无郤气护盾；
·无郤气护盾的效果结束，或因伤害破碎。","Enters the Pulsing Clarity state, creating a Seamless Shield that absorbs Dendro DMG with 250% effectiveness.
While in this state, Baizhu will generate a new Seamless Shield every 2.5s.

The Seamless Shield will heal your own active character based on Baizhu's Max HP and attack opponents by unleashing Spiritveins, dealing Dendro DMG under the following circumstances:
·When a character is under the protection of a Seamless Shield and a new Seamless Shield is generated.
·When the Seamless Shield's effects expire, or when it is shattered.",Talent Holistic Revivification.png,https://genshin-impact.fandom.com/wiki/Holistic_Revivification,https://genshin-impact.fandom.com/wiki/File%3ATalent_Holistic_Revivification.png,https://static.wikia.nocookie.net/gensin-impact/images/1/1b/Talent_Holistic_Revivification.png/revision/latest?cb=20230502100634,4b5f6013f4bda12d96a67488d1fbc896a56c60c0
1072_T03.png,downloaded,unknown,1072,白术,Baizhu,passive,passive1,1st Ascension Passive,突破天赋1,Five Fortunes Forever,五运终天,,,"依据队伍中自己的当前场上角色的生命值，白术将获得不同的效果：
·生命值低于50%时，白术获得20%治疗加成；
·生命值高于或等于50%时，白术获得25%草元素伤害加成。","Baizhu gains different effects according to the current HP of your current active character:
·When their HP is less than 50%, Baizhu gains 20% Healing Bonus.
·When their HP is equal to or more than 50%, Baizhu gains 25% Dendro DMG Bonus.",Talent Five Fortunes Forever.png,https://genshin-impact.fandom.com/wiki/Five_Fortunes_Forever,https://genshin-impact.fandom.com/wiki/File%3ATalent_Five_Fortunes_Forever.png,https://static.wikia.nocookie.net/gensin-impact/images/b/b6/Talent_Five_Fortunes_Forever.png/revision/latest?cb=20230502100630,fd6a6cbefede4435773af5b345ec491a4285337f
1072_T04.png,downloaded,unknown,1072,白术,Baizhu,passive,passive2,4th Ascension Passive,突破天赋2,All Things Are of the Earth,在地为化,,,受到无郤气护盾治疗的角色，将获得「木运之岁」效果：基于白术生命值上限不超过50000点的部分，每1000点将使该角色触发的燃烧、绽放、超绽放、烈绽放反应造成的伤害提升2%，超激化、蔓激化反应带来的伤害提升提高0.8%，月绽放反应伤害提升0.7%，持续6秒。,"Characters who are healed by Seamless Shields will gain the Year of Verdant Favor effect: Each 1,000 Max HP that Baizhu possesses that does not exceed 50,000 will increase the Burning, Bloom, Hyperbloom, and Burgeon reaction DMG dealt by these characters by 2%, their Lunar-Bloom DMG by 0.7%, and the DMG Bonus provided by Aggravate and Spread by 0.8%. This effect lasts 6s.",Talent All Things Are of the Earth.png,https://genshin-impact.fandom.com/wiki/All_Things_Are_of_the_Earth,https://genshin-impact.fandom.com/wiki/File%3ATalent_All_Things_Are_of_the_Earth.png,https://static.wikia.nocookie.net/gensin-impact/images/2/29/Talent_All_Things_Are_of_the_Earth.png/revision/latest?cb=20230502100628,6f4f867a546b08b9c6121a762ace59ea2cc5b9c5
1072_T05.png,downloaded,unknown,1072,白术,Baizhu,passive,passive3,Utility Passive,探索天赋,Herbal Nourishment,味草之滋,,,白术处于队伍中时，与部分采集物交互能够为队伍中自己的当前场上角色恢复生命值，回复量基于白术生命值上限的2.5%。,"When Baizhu is in the party, interacting with certain harvestable items will heal your current active character for 2.5% of Baizhu's Max HP.",Talent Herbal Nourishment.png,https://genshin-impact.fandom.com/wiki/Herbal_Nourishment,https://genshin-impact.fandom.com/wiki/File%3ATalent_Herbal_Nourishment.png,https://static.wikia.nocookie.net/gensin-impact/images/6/66/Talent_Herbal_Nourishment.png/revision/latest?cb=20230502100631,e19711dae65b72468c0e53dad0e057758bbc64d5
1073_T01.png,downloaded,unknown,1073,卡维,Kaveh,skill,combat2,Elemental Skill,元素战技,Artistic Ingenuity,画则巧施,,,将「梅赫拉克」的测绘能量转为攻势用途，进行圆状扫描，造成草元素范围伤害，并使扫描范围内的所有草原核立即迸发。,"Uses Mehrak's mapping ability for offensive purposes, initiating a radial scan that deals AoE Dendro DMG. It will also scan all Dendro Cores in its AoE and cause them to immediately burst.",Talent Artistic Ingenuity.png,https://genshin-impact.fandom.com/wiki/Artistic_Ingenuity,https://genshin-impact.fandom.com/wiki/File%3ATalent_Artistic_Ingenuity.png,https://static.wikia.nocookie.net/gensin-impact/images/0/0b/Talent_Artistic_Ingenuity.png/revision/latest?cb=20230502100655,d751f199ee5e68086400d5b7754b7ae287147c82
1073_T02.png,downloaded,unknown,1073,卡维,Kaveh,burst,combat3,Elemental Burst,元素爆发,Painted Dome,繁绘隅穹,,,"完全释放「梅赫拉克」的能量，划分立方体状的测绘空间，对空间内的敌人造成草元素范围伤害，使范围内的所有草原核立即迸发，并在一定时间内强化卡维的作战能力：
·提高卡维的普通攻击、重击与下落攻击的攻击范围，并将攻击伤害转为无法被附魔覆盖的草元素伤害；
·队伍中自己的角色触发绽放或月绽放反应产生的草原核，在迸发时造成的伤害提升；
·提高卡维的抗打断能力。
效果将在卡维退场时解除。","Completely unleashes Mehrak's energy and creates a cubic scanned space, dealing AoE Dendro DMG to all opponents within it, causing all Dendro Cores in its AoE to immediately burst, and granting Kaveh the following enhanced combat abilities for a specific duration:
· Increases Kaveh's Normal, Charged, and Plunging Attack AoE, and converts his attack DMG to Dendro DMG that cannot be overridden.
· All Dendro Cores created by all your own party members through Bloom and Lunar-Bloom reactions will deal additional DMG when they burst.
· Increases Kaveh's resistance to interruption.
These effects will be canceled once Kaveh leaves the field.",Talent Painted Dome.png,https://genshin-impact.fandom.com/wiki/Painted_Dome,https://genshin-impact.fandom.com/wiki/File%3ATalent_Painted_Dome.png,https://static.wikia.nocookie.net/gensin-impact/images/2/28/Talent_Painted_Dome.png/revision/latest?cb=20230502100702,1faffaf6d2ca5eb60b81618235a89ad9145f7b21
1073_T03.png,downloaded,unknown,1073,卡维,Kaveh,passive,passive1,1st Ascension Passive,突破天赋1,An Architect's Undertaking,营造者的担当,,,草原核造成的伤害（包含烈绽放、超绽放）命中卡维时，卡维将恢复生命值，回复量相当于卡维元素精通的300%。该效果每0.5秒至多触发一次。,"When DMG dealt by a Dendro Core (including DMG from Burgeon and Hyperbloom) hits Kaveh, Kaveh will regain HP equal to 300% of his Elemental Mastery. This effect can be triggered once every 0.5s.",Talent An Architect's Undertaking.png,https://genshin-impact.fandom.com/wiki/An_Architect%27s_Undertaking,https://genshin-impact.fandom.com/wiki/File%3ATalent_An_Architect%27s_Undertaking.png,https://static.wikia.nocookie.net/gensin-impact/images/a/a6/Talent_An_Architect%27s_Undertaking.png/revision/latest?cb=20230502100653,8db1dfac57495501d4e66a70458026a574f1bf69
1073_T04.png,skipped_existing,unknown,1073,卡维,Kaveh,passive,passive3,Utility Passive,探索天赋,The Art of Budgeting,预算师的技艺,,,制作景观、建筑、庭院类摆设时，有100%概率返还部分材料。,"When Kaveh crafts Landscape, Building, and Courtyard-type Furnishings, he has a 100% chance to refund a portion of the materials used.",Talent The Art of Budgeting.png,https://genshin-impact.fandom.com/wiki/The_Art_of_Budgeting,https://genshin-impact.fandom.com/wiki/File%3ATalent_The_Art_of_Budgeting.png,https://static.wikia.nocookie.net/gensin-impact/images/4/41/Talent_The_Art_of_Budgeting.png/revision/latest?cb=20230331135920,cfa79e0b19a22613cb25c7fe40f2ed063c592597
1074_T01.png,downloaded,unknown,1074,绮良良,Kirara,skill,combat2,Elemental Skill,元素战技,Meow-teor Kick,呜喵町飞足,,,"点按
以猫猫在花丛间穿行的灵巧身法起跳，使出甩尾飞踢痛揍敌人，造成草元素范围伤害，同时展开安全运输护盾，并为绮良良施加短暂的草元素附着。安全运输护盾对草元素伤害有250%的吸收效果。护盾的伤害吸收量受益于绮良良的生命值上限，且至多不超过绮良良生命值上限的一定比例，剩余的伤害吸收量在获取新的安全运输护盾时将会叠加，并刷新持续时间。

长按
拿出「半天之内送货上门」的气势，展开与点按相同的安全运输护盾，并蜷缩至特制的快递箱中，进入猫箱急件状态，更为迅捷地移动与战斗。

猫箱急件状态
·对冲撞触及的敌人造成草元素伤害，此效果每0.5秒对每个敌人至多触发一次；
·处于该状态下时，绮良良的移动速度、攀爬速度、跳跃能力提升，攀爬时消耗的体力提高；
·持续时间结束或再次施放技能时，将使出相比点按更为强大的翻正爪击，造成草元素范围伤害；
·猫箱急件状态持续至多10秒。效果结束时，技能将进入冷却。在猫箱急件状态下持续的时间越长，冷却时间越长；
·持续期间进行冲刺或主动解除攀爬，将提前结束猫箱急件状态。","Press
Leaps into the air with all the agility of a cat passing through the bushes, and thwacks her foes with a flying kick that deals AoE Dendro DMG while creating a Shield of Safe Transport. This will also briefly apply Dendro to Kirara. The shield will absorb Dendro DMG with 250% effectiveness. The shield's DMG absorption will be based on Kirara's Max HP and will not exceed a certain percentage of that Max HP. The remaining DMG absorption on a Shield of Safe Transport will stack on a new one when it is created, and its duration will reset.

Hold
Out of her desire to ""deliver within half a day,"" Kirara deploys a Shield of Safe Transport identical to the one that can be created by pressing the skill. She will also curl up into a special express delivery box, entering the Urgent Neko Parcel state in order to move and fight more swiftly.

Urgent Neko Parcel
· Deals Dendro DMG to opponents she crashes into. This effect can be triggered once on each opponent every 0.5s.
· When in this state, Kirara's movement speed, climbing speed, and jumping power are all increased, and her Stamina Consumption from climbing is increased.
· When the duration ends or the skill is used again, a Flipclaw Strike more powerful than the attack in the Press Mode will be unleashed, dealing AoE Dendro DMG.
· The Urgent Neko Parcel state lasts a maximum of 10s. When the state ends, the skill will enter CD. The longer Kirara spends in this state, the longer the CD will be.
· Sprinting or actively canceling climbing will end this state early.",Talent Meow-teor Kick.png,https://genshin-impact.fandom.com/wiki/Meow-teor_Kick,https://genshin-impact.fandom.com/wiki/File%3ATalent_Meow-teor_Kick.png,https://static.wikia.nocookie.net/gensin-impact/images/7/79/Talent_Meow-teor_Kick.png/revision/latest?cb=20230524022047,06041167d4e190fdca4d284f6a707a2e7259b665
1074_T02.png,downloaded,unknown,1074,绮良良,Kirara,burst,combat3,Elemental Burst,元素爆发,Secret Art: Surprise Dispatch,秘法·惊喜特派,,,以惩罚盗贼的特派快递箱猛砸敌人，造成草元素范围伤害。特派快递箱爆炸后，将分裂成许多猫草豆蔻，猫草豆蔻会在接触到敌人或一段时间后爆炸，造成草元素范围伤害。,"Smash opponents with a Special Delivery Package used for punishing parcel thieves, dealing AoE Dendro DMG. After the Special Delivery Package explodes, it will split up into many Cat Grass Cardamoms that will explode either upon contact with opponents or after a period of time, dealing AoE Dendro DMG.",Talent Secret Art Surprise Dispatch.png,https://genshin-impact.fandom.com/wiki/Secret_Art_Surprise_Dispatch,https://genshin-impact.fandom.com/wiki/File%3ATalent_Secret_Art_Surprise_Dispatch.png,https://static.wikia.nocookie.net/gensin-impact/images/a/a1/Talent_Secret_Art_Surprise_Dispatch.png/revision/latest?cb=20230524022054,ed55c6aa57e3a30b8e4443cb979400768bea7c87
1074_T03.png,downloaded,unknown,1074,绮良良,Kirara,passive,passive1,1st Ascension Passive,突破天赋1,"Bewitching, Betwitching Tails",妖说歧尾之变,,,绮良良处于呜喵町飞足的猫箱急件状态下时，每次冲撞触及敌人，都将获得一层加固包装，此效果每0.5秒对每个敌人至多触发一次，至多叠加3层。猫箱急件状态结束时，每层加固包装都将为绮良良生成一个安全运输护盾，通过这种方式生成的护盾的伤害吸收量相当于呜喵町飞足生成的安全运输护盾的20%，若绮良良已处于呜喵町飞足的安全运输护盾的庇护下，剩余的伤害吸收量将叠加，并刷新持续时间。,"When Kirara is in the Urgent Neko Parcel state of Meow-teor Kick, each impact against an opponent will grant her a stack of Reinforced Packaging. This effect can be triggered once for each opponent hit every 0.5s. Max 3 stacks. When the Urgent Neko Parcel state ends, each stack of Reinforced Packaging will create 1 Shield of Safe Transport for Kirara. The shields that are created this way will have 20% of the DMG absorption that the Shield of Safe Transport produced by Meow-teor Kick would have. If Kirara is already protected by a Shield of Safe Transport created by Meow-teor Kick, its DMG absorption will stack with these shields and its duration will reset.","Talent Bewitching, Betwitching Tails.png",https://genshin-impact.fandom.com/wiki/Bewitching%2C_Betwitching_Tails,https://genshin-impact.fandom.com/wiki/File%3ATalent_Bewitching%2C_Betwitching_Tails.png,https://static.wikia.nocookie.net/gensin-impact/images/5/56/Talent_Bewitching%2C_Betwitching_Tails.png/revision/latest?cb=20230524022027,228fcc8513efba1cab48a960a4336d08dca88004
1074_T04.png,downloaded,unknown,1074,绮良良,Kirara,passive,passive2,4th Ascension Passive,突破天赋2,Pupillary Variance,应时惑目之灵,,,基于绮良良的生命值上限，每1000点生命值上限将使呜喵町飞足造成的伤害提升0.4%，秘法·惊喜特派造成的伤害提升0.3%。,"Every 1,000 Max HP Kirara possesses will increase the DMG dealt by Meow-teor Kick by 0.4%, and the DMG dealt by Secret Art: Surprise Dispatch by 0.3%.",Talent Pupillary Variance.png,https://genshin-impact.fandom.com/wiki/Pupillary_Variance,https://genshin-impact.fandom.com/wiki/File%3ATalent_Pupillary_Variance.png,https://static.wikia.nocookie.net/gensin-impact/images/a/a3/Talent_Pupillary_Variance.png/revision/latest?cb=20230524022031,6801e4eb61d32d3d28cea1c5ee050de0b6d3dc11
1074_T05.png,downloaded,unknown,1074,绮良良,Kirara,passive,passive3,Utility Passive,探索天赋,Cat's Creeping Carriage,祟祟猫步,,,绮良良在队伍中时，队伍中自己的角色接近产出禽肉、兽肉与冷鲜肉的小动物时，不会轻易惊动它们。,"When Kirara is in the party, animals who produce Fowl, Raw Meat, or Chilled Meat will not be startled when party members approach them.",Talent Cat's Creeping Carriage.png,https://genshin-impact.fandom.com/wiki/Cat%27s_Creeping_Carriage,https://genshin-impact.fandom.com/wiki/File%3ATalent_Cat%27s_Creeping_Carriage.png,https://static.wikia.nocookie.net/gensin-impact/images/5/51/Talent_Cat%27s_Creeping_Carriage.png/revision/latest?cb=20230513125447,5ae09798564f09c39391d29ac16ff8b99c0e81a6
1074_T06.png,downloaded,unknown,1074,绮良良,Kirara,extra,,,,Meow-teor Kick 2,,,,,,Talent Meow-teor Kick 2.png,https://genshin-impact.fandom.com/wiki/Meow-teor_Kick_2,https://genshin-impact.fandom.com/wiki/File%3ATalent_Meow-teor_Kick_2.png,https://static.wikia.nocookie.net/gensin-impact/images/2/29/Talent_Meow-teor_Kick_2.png/revision/latest?cb=20230524022025,a14f539b0ac40057c0f348d46d4177382f312a20
1075_T01.png,skipped_existing,unknown,1075,林尼,Lyney,skill,combat2,Elemental Skill,元素战技,Bewildering Lights,眩惑光戏法,,,"林尼挥动礼帽，引爆惊喜的礼花。
施放时，将清除已有的「隐具余数」，对前方的敌人造成火元素范围伤害。根据清除的层数，提升造成的伤害，并基于林尼的生命值上限为林尼恢复生命值。

场上存在林尼自己创造的怪笑猫猫帽时，礼花将使其猛烈爆炸，造成等同于礼花术弹伤害的火元素范围伤害。
通过这种方式引爆怪笑猫猫帽造成的伤害视为重击伤害。","Lyney does a flourish with his hat, unleashing a firework surprise!
When used, he will clear all current Prop Surplus stacks and deal AoE Pyro DMG to opponents in front of him. DMG will be increased according to the stacks cleared, and this will also regenerate Lyney's HP based on his Max HP.

When a Grin-Malkin Hat created by Lyney is on the field, the fireworks will cause it to explode, dealing AoE Pyro DMG equal to that of a Pyrotechnic Strike.
The DMG dealt through the Grin-Malkin Hat in this way is considered Charged Attack DMG.",Talent Bewildering Lights.png,https://genshin-impact.fandom.com/wiki/Bewildering_Lights,https://genshin-impact.fandom.com/wiki/File%3ATalent_Bewildering_Lights.png,https://static.wikia.nocookie.net/gensin-impact/images/0/05/Talent_Bewildering_Lights.png/revision/latest?cb=20230816021937,15685126e9cc0d1ff958d0076f8c6db9a0bcd2ba
1075_T02.png,downloaded,unknown,1075,林尼,Lyney,burst,combat3,Elemental Burst,元素爆发,Wondrous Trick: Miracle Parade,大魔术·灵迹巡游,,,"林尼施展魔术，化形为能够快速移动的「怪笑帽帽猫」。（并不是「怪笑猫猫帽」。这是两个不同的演出道具！）
怪笑帽帽猫接近敌人时，会对身边的敌人降下焰火，对每个敌人造成至多一次火元素伤害。持续时间结束时林尼将解除怪笑帽帽猫，引爆华丽的礼花，造成火元素范围伤害，召唤一顶怪笑猫猫帽，并获得一层「隐具余数」。

可以主动解除怪笑帽帽猫。","Unleashing his magic, Lyney turns himself into a Grin-Malkin Cat that can move around quickly. (Not to be mistaken for the Grin-Malkin Hat. They're two different props!)
When the Grin-Malkin Cat gets close to opponents, it will send flames falling down on them, dealing at most 1 instance of Pyro DMG to each opponent. When the duration ends, he will dismiss the Grin-Malkin Cat and ignite fireworks that deal AoE Pyro DMG, summon 1 Grin-Malkin Hat, and grant himself 1 Prop Surplus stack.

Grin-Malkin Cat can be actively canceled.",Talent Wondrous Trick Miracle Parade.png,https://genshin-impact.fandom.com/wiki/Wondrous_Trick_Miracle_Parade,https://genshin-impact.fandom.com/wiki/File%3ATalent_Wondrous_Trick_Miracle_Parade.png,https://static.wikia.nocookie.net/gensin-impact/images/d/df/Talent_Wondrous_Trick_Miracle_Parade.png/revision/latest?cb=20230816021946,9e1dd00ec4e2f4293fee00541a4f87167d83116c
1075_T03.png,skipped_existing,unknown,1075,林尼,Lyney,passive,passive1,1st Ascension Passive,突破天赋1,Perilous Performance,惊险演出,,,如果林尼通过发射隐具魔术箭消耗了生命值，该隐具魔术箭召唤的怪笑猫猫帽命中敌人时会为林尼恢复3点元素能量，并且基于攻击力的80%提高造成的伤害。,"If Lyney consumes HP when firing off a Prop Arrow, the Grin-Malkin hat summoned by the arrow will, upon hitting an opponent, restore 3 Energy to Lyney and increase DMG dealt by 80% of his ATK.",Talent Perilous Performance.png,https://genshin-impact.fandom.com/wiki/Perilous_Performance,https://genshin-impact.fandom.com/wiki/File%3ATalent_Perilous_Performance.png,https://static.wikia.nocookie.net/gensin-impact/images/e/e1/Talent_Perilous_Performance.png/revision/latest?cb=20230816021940,b63ca390782a3abceaa33af935ed38295d92ae1f
1075_T04.png,downloaded,unknown,1075,林尼,Lyney,passive,passive2,4th Ascension Passive,突破天赋2,Conclusive Ovation,完场喝彩,,,"林尼对处于火元素影响下的敌人造成的伤害，将以以下方式提升：
·基础提升60%；
·队伍中林尼以外每个元素类型为火元素的角色，提升20%。
通过上述方式，至多使林尼对处于火元素影响下的敌人造成的伤害提升100%。","The DMG Lyney deals to opponents affected by Pyro will receive the following buffs:
·Increases the DMG dealt by 60%.
·Each Pyro party member other than Lyney will cause the DMG dealt to increase by an additional 20%.
Lyney can deal up to 100% increased DMG to opponents affected by Pyro in this way.",Talent Conclusive Ovation.png,https://genshin-impact.fandom.com/wiki/Conclusive_Ovation,https://genshin-impact.fandom.com/wiki/File%3ATalent_Conclusive_Ovation.png,https://static.wikia.nocookie.net/gensin-impact/images/e/eb/Talent_Conclusive_Ovation.png/revision/latest?cb=20230816021939,2c708c95eeb7ec41e2075d76dafb01e8f0d32fac
1075_T05.png,downloaded,unknown,1075,林尼,Lyney,passive,passive3,Utility Passive,探索天赋,Trivial Observations,琐碎观察术,,,在小地图上显示周围的枫丹区域特产的位置。,Displays the location of nearby resources unique to Fontaine on the mini-map.,Talent Trivial Observations.png,https://genshin-impact.fandom.com/wiki/Trivial_Observations,https://genshin-impact.fandom.com/wiki/File%3ATalent_Trivial_Observations.png,https://static.wikia.nocookie.net/gensin-impact/images/c/cd/Talent_Trivial_Observations.png/revision/latest?cb=20230816021942,2f19be907894e3134883d1e2bf704972bc7fa411
1075_T06.png,downloaded,unknown,1075,林尼,Lyney,extra,,,,Wondrous Trick Miracle Parade 2,,,,,,Talent Wondrous Trick Miracle Parade 2.png,https://genshin-impact.fandom.com/wiki/Wondrous_Trick_Miracle_Parade_2,https://genshin-impact.fandom.com/wiki/File%3ATalent_Wondrous_Trick_Miracle_Parade_2.png,https://static.wikia.nocookie.net/gensin-impact/images/9/96/Talent_Wondrous_Trick_Miracle_Parade_2.png/revision/latest?cb=20230816021944,eee080b64feca67b53735049736e4174ac9e27c0
1076_T01.png,downloaded,unknown,1076,琳妮特,Lynette,skill,combat2,Elemental Skill,元素战技,Enigmatic Feint,谜影障身法,,,"挥舞斗篷，击出谜影突刺，造成风元素伤害。
谜影突刺命中敌人时，将为琳妮特恢复生命值，回复量基于琳妮特的生命值上限，并在此后的4秒内，每秒将消耗一定的生命值。
依据点按、长按，以不同的方式击出谜影突刺。

点按
迅速击出谜影突刺。 

长按
琳妮特以「谜身影盗」的姿态疾走，并对附近的敌人施加「刺影征标」。期间可以控制疾走的方向，并能通过再次施放技能，提前结束疾走状态。
疾走结束时，琳妮特将击出谜影突刺。若附近存在具有刺影征标的敌人，琳妮特将在击出谜影突刺前高速闪掠接近该敌人。

同时至多有一名敌人具有琳妮特自身施加的刺影征标。与具有刺影征标的敌人距离过远时，将移除该刺影征标。

始基力：荒性
每隔一段时间，琳妮特击出谜影突刺时，将唤出流涌之刃，造成具有荒性的风元素伤害。","Flicks her mantle and executes an Enigma Thrust, dealing Anemo DMG.
When the Enigma Thrust hits an opponent, it will restore Lynette's HP based on her Max HP, and in the 4s afterward, she will lose a certain amount of HP per second.
Based on whether you press or hold this ability, she will use Enigma Thrust differently.

Press
She swiftly uses an Enigma Thrust.

Hold
Lynette will enter a high-speed Pilfering Shadow state and apply Shadowsign to a nearby opponent. You can control her movement direction during this state, and you can end it prematurely by using this skill again.
When this high-speed state ends, Lynette will unleash her Enigma Thrust. If there is an opponent with Shadowsign applied to them nearby, Lynette will approach them in a flash before using Enigma Thrust.

A maximum of 1 opponent can have Shadowsign at any one time. When this opponent gets too far from Lynette, the Shadowsign will be canceled.

Arkhe: Ousia
At specific intervals, Lynette will unleash a Surging Blade when she uses Enigma Thrust, dealing Ousia-aligned Anemo DMG.",Talent Enigmatic Feint.png,https://genshin-impact.fandom.com/wiki/Enigmatic_Feint,https://genshin-impact.fandom.com/wiki/File%3ATalent_Enigmatic_Feint.png,https://static.wikia.nocookie.net/gensin-impact/images/4/4e/Talent_Enigmatic_Feint.png/revision/latest?cb=20230816021908,9385cd8d9c210430a96958aed02c5af9f9dbb714
1076_T02.png,downloaded,unknown,1076,琳妮特,Lynette,burst,combat3,Elemental Burst,元素爆发,Magic Trick: Astonishing Shift,魔术·运变惊奇,,,"琳妮特高举斗篷造成风元素范围伤害，用惊人的手法变出巨大的惊奇猫猫盒！

惊奇猫猫盒
·能够持续嘲讽周围的敌人，吸引敌人攻击；
·将周期性对附近的敌人造成风元素伤害；
·惊奇猫猫盒接触了水元素/火元素/冰元素/雷元素，则会获得对应元素属性，周期性对附近的敌人追加发射彩练术弹，造成该元素的伤害。
元素转化在技能持续期间仅会发生一次。","Lynette raises her mantle high, dealing AoE Anemo DMG, using skillful sleight of hand to make a giant Bogglecat Box appear!

Bogglecat Box
·Taunts nearby opponents, attracting their attacks.
·Deals Anemo DMG to nearby opponents at intervals.
·When the Bogglecat Box comes into contact with Hydro/Pyro/Cryo/Electro, it will gain the corresponding element and additionally fire Vivid Shots that will deal DMG from that element at intervals.
Elemental Absorption of this kind will only occur once during this ability's duration.",Talent Magic Trick Astonishing Shift.png,https://genshin-impact.fandom.com/wiki/Magic_Trick_Astonishing_Shift,https://genshin-impact.fandom.com/wiki/File%3ATalent_Magic_Trick_Astonishing_Shift.png,https://static.wikia.nocookie.net/gensin-impact/images/c/cf/Talent_Magic_Trick_Astonishing_Shift.png/revision/latest?cb=20230816021912,fa605b427d188ed24e9bb8f9432a746acdc368d4
1076_T03.png,downloaded,unknown,1076,琳妮特,Lynette,passive,passive1,1st Ascension Passive,突破天赋1,Sophisticated Synergy,巧施协同,,,施放魔术·运变惊奇后的10秒内，队伍中分别存在1/2/3/4种元素类型的角色时，队伍中所有角色的攻击力分别提升8%/12%/16%/20%。,"Within 10s after using Magic Trick: Astonishing Shift, when there are 1/2/3/4 Elemental Types in the party, all party members' ATK will be increased by 8%/12%/16%/20% respectively.",Talent Sophisticated Synergy.png,https://genshin-impact.fandom.com/wiki/Sophisticated_Synergy,https://genshin-impact.fandom.com/wiki/File%3ATalent_Sophisticated_Synergy.png,https://static.wikia.nocookie.net/gensin-impact/images/6/61/Talent_Sophisticated_Synergy.png/revision/latest?cb=20230816021905,4aa71a2c4f443cf992bc60d340b9ad5c9eadf549
1076_T04.png,downloaded,unknown,1076,琳妮特,Lynette,passive,passive2,4th Ascension Passive,突破天赋2,Props Positively Prepped,道具完备,,,魔术·运变惊奇召唤的惊奇猫猫盒发生了元素转化后，琳妮特元素爆发造成的伤害提升15%，效果持续至该惊奇猫猫盒持续时间结束。,"After the Bogglecat Box summoned by Magic Trick: Astonishing Shift performs Elemental Conversion, Lynette's Elemental Burst will deal 15% more DMG. This effect will persist until the Bogglecat Box's duration ends.",Talent Props Positively Prepped.png,https://genshin-impact.fandom.com/wiki/Props_Positively_Prepped,https://genshin-impact.fandom.com/wiki/File%3ATalent_Props_Positively_Prepped.png,https://static.wikia.nocookie.net/gensin-impact/images/2/20/Talent_Props_Positively_Prepped.png/revision/latest?cb=20230816021914,e44e0ad3903dcf04169780cbd9b134c674413045
1076_T05.png,downloaded,unknown,1076,琳妮特,Lynette,passive,passive3,Utility Passive,探索天赋,Loci-Based Mnemonics,点位记忆法,,,在小地图上显示周围复苏水团的位置，并使接触复苏水团时恢复的水中耐力与生命值提升25%。,Shows the location of nearby Recovery Orbs on the minimap. The Aquatic Stamina and HP gained from touching Orbs will be increased by 25%.,Talent Loci-Based Mnemonics.png,https://genshin-impact.fandom.com/wiki/Loci-Based_Mnemonics,https://genshin-impact.fandom.com/wiki/File%3ATalent_Loci-Based_Mnemonics.png,https://static.wikia.nocookie.net/gensin-impact/images/c/c7/Talent_Loci-Based_Mnemonics.png/revision/latest?cb=20230816021910,1efb47d3c6bc804b89d4df343891df8dc4bb21ac
1076_T06.png,downloaded,unknown,1076,琳妮特,Lynette,extra,,,,Enigmatic Feint 2,,,,,,Talent Enigmatic Feint 2.png,https://genshin-impact.fandom.com/wiki/Enigmatic_Feint_2,https://genshin-impact.fandom.com/wiki/File%3ATalent_Enigmatic_Feint_2.png,https://static.wikia.nocookie.net/gensin-impact/images/3/3d/Talent_Enigmatic_Feint_2.png/revision/latest?cb=20230816021907,b57ed9e41724b10e93764c18e46f29d80d00a2fa
1077_T01.png,downloaded,unknown,1077,菲米尼,Freminet,skill,combat2,Elemental Skill,元素战技,Pressurized Floe,浮冰增压,,,"进行上挑攻击，造成冰元素伤害，并进入持续10秒的佩伊刻计状态。
处于佩伊刻计状态下时，元素战技将转为高压粉碎。

高压粉碎
依据佩伊刻计的压力阶级进行不同的攻击，并移除佩伊刻计状态：
·零阶时：进行纵斩，造成冰元素伤害；
·一阶至三阶时：进行纵斩并协同佩伊，造成冰元素伤害与物理伤害。伤害依据压力阶级有所不同；
·四阶时：借助充满压力的佩伊的力量，造成物理伤害。此时「普通攻击·洑流剑」将被替换为高压粉碎。

佩伊刻计
菲米尼进行普通攻击时，将同时释放霜寒造成冰元素伤害，并为佩伊刻计提升压力阶级。
同时造成的冰元素伤害视为元素战技伤害。

始基力：芒性
每隔一段时间，进行上挑攻击后，将形成进行挑击的灵息之刺，造成具有芒性的冰元素伤害。","Performs an upward thrust that deals Cryo DMG and causes Freminet to enter Pers Timer for 10s.
While Pers Timer is active, his Elemental Skill will turn into Shattering Pressure.

Shattering Pressure
Executes different sorts of attacks based on the Pressure Level of Pers Timer, and then cancels Pers Timer.
·Level 0: Unleashes a vertical cut, dealing Cryo DMG.
·Levels 1 to 3: Unleashes a vertical cut alongside Pers, dealing Cryo DMG and Physical DMG. DMG dealt scales based on Pressure Level.
·Level 4: Borrows the power of a fully-pressurized Pers to deal Physical DMG. Meanwhile, Normal Attack: Flowing Eddies will be replaced by Shattering Pressure.

Pers Timer
When Freminet uses Normal Attacks, he will also unleash waves of frost that deal Cryo DMG and increase Pers's Pressure Level.
The accompanying Cryo DMG dealt this way is considered Elemental Skill DMG.

Arkhe: Pneuma
At certain intervals, after using the upward thrust, a Spiritbreath Thorn in the form of another upward thrust will be created, dealing Pneuma-aligned Cryo DMG.",Talent Pressurized Floe.png,https://genshin-impact.fandom.com/wiki/Pressurized_Floe,https://genshin-impact.fandom.com/wiki/File%3ATalent_Pressurized_Floe.png,https://static.wikia.nocookie.net/gensin-impact/images/5/5d/Talent_Pressurized_Floe.png/revision/latest?cb=20230905095932,41bf9b6b689e5d0e50479fc24153a467ec6b5236
1077_T02.png,downloaded,unknown,1077,菲米尼,Freminet,burst,combat3,Elemental Burst,元素爆发,Shadowhunter's Ambush,猎影潜袭,,,"释放不可触及的寒气，造成冰元素范围伤害，重置元素战技「浮冰增压」的冷却时间，并进入持续10秒的潜猎模式。

处于潜猎模式状态下时，菲米尼的抗打断能力提升，元素战技「浮冰增压」获得如下强化：
·冷却时间缩短70%；
·进行普通攻击时额外提升一阶佩伊刻计的压力阶级，并使普通攻击释放的霜寒造成的伤害为原本的200%。

效果将在菲米尼退场时解除。","Unleashes a wave of untouchable cold, dealing AoE Cryo DMG, resetting the CD of the Elemental Skill ""Pressurized Floe,"" and causing Freminet to enter the Subnautical Hunter mode for 10s.

While in Subnautical Hunter mode, Freminet's resistance to interruption will increase, and his Elemental Skill ""Pressurized Floe"" will obtain the following buffs:
·CD is decreased by 70%.
·Normal Attacks will increase the Pers Timer by 1 additional Pressure Level, and the frost released by his Normal Attacks deal 200% of their original DMG.

These effects will be canceled when Freminet leaves the field.",Talent Shadowhunter's Ambush.png,https://genshin-impact.fandom.com/wiki/Shadowhunter%27s_Ambush,https://genshin-impact.fandom.com/wiki/File%3ATalent_Shadowhunter%27s_Ambush.png,https://static.wikia.nocookie.net/gensin-impact/images/9/9e/Talent_Shadowhunter%27s_Ambush.png/revision/latest?cb=20230905095936,68b75e881190875b45335b89db481a39d8369219
1077_T03.png,downloaded,unknown,1077,菲米尼,Freminet,passive,passive1,1st Ascension Passive,突破天赋1,Saturation Deep Dive,饱和深潜,,,施放浮冰增压·高压粉碎时，如果佩伊刻计的压力阶级小于四阶，浮冰增压的冷却时间缩短1秒。,"When Freminet unleashes Pressurized Floe: Shattering Pressure, if Pers Timer has yet to reach Pressure Level 4, the CD of Pressurized Floe will be decreased by 1s.",Talent Saturation Deep Dive.png,https://genshin-impact.fandom.com/wiki/Saturation_Deep_Dive,https://genshin-impact.fandom.com/wiki/File%3ATalent_Saturation_Deep_Dive.png,https://static.wikia.nocookie.net/gensin-impact/images/c/cd/Talent_Saturation_Deep_Dive.png/revision/latest?cb=20230905095934,18b5ac3c6d215b6a1e27504ecc811318ef451dc0
1077_T04.png,downloaded,unknown,1077,菲米尼,Freminet,passive,passive2,4th Ascension Passive,突破天赋2,Parallel Condensers,并流式冷凝机关,,,菲米尼对敌人触发碎冰反应后，会使浮冰增压·高压粉碎造成的伤害提高40%，持续5秒。,"When Freminet triggers Shatter against opponents, the DMG dealt by Pressurized Floe: Shattering Pressure will be increased by 40% for 5s.",Talent Parallel Condensers.png,https://genshin-impact.fandom.com/wiki/Parallel_Condensers,https://genshin-impact.fandom.com/wiki/File%3ATalent_Parallel_Condensers.png,https://static.wikia.nocookie.net/gensin-impact/images/2/24/Talent_Parallel_Condensers.png/revision/latest?cb=20230905095927,fdabbddc72a85e34411a9e1e3d0f61ad5563a439
1077_T05.png,downloaded,unknown,1077,菲米尼,Freminet,passive,passive3,Utility Passive,探索天赋,Deepwater Navigation,深水引航,,,"队伍中自己的角色水中耐力消耗降低35%。
无法与效果完全相同的固有天赋叠加。","Decreases Aquatic Stamina consumption for your own party members by 35%.
Not stackable with Passive Talents that provide the exact same effects.",Talent Deepwater Navigation.png,https://genshin-impact.fandom.com/wiki/Deepwater_Navigation,https://genshin-impact.fandom.com/wiki/File%3ATalent_Deepwater_Navigation.png,https://static.wikia.nocookie.net/gensin-impact/images/8/8a/Talent_Deepwater_Navigation.png/revision/latest?cb=20230905095925,2dc80b62cca607b7e498b9f822697750ad87ba75
1077_T06.png,downloaded,unknown,1077,菲米尼,Freminet,extra,,,,Pressurized Floe 2,,,,,,Talent Pressurized Floe 2.png,https://genshin-impact.fandom.com/wiki/Pressurized_Floe_2,https://genshin-impact.fandom.com/wiki/File%3ATalent_Pressurized_Floe_2.png,https://static.wikia.nocookie.net/gensin-impact/images/e/e5/Talent_Pressurized_Floe_2.png/revision/latest?cb=20230905095929,13a46a704a453543137ee0cd8aa563428fd340c5
1077_T07.png,downloaded,unknown,1077,菲米尼,Freminet,extra,,,,Pressurized Floe 3,,,,,,Talent Pressurized Floe 3.png,https://genshin-impact.fandom.com/wiki/Pressurized_Floe_3,https://genshin-impact.fandom.com/wiki/File%3ATalent_Pressurized_Floe_3.png,https://static.wikia.nocookie.net/gensin-impact/images/a/a7/Talent_Pressurized_Floe_3.png/revision/latest?cb=20230905095930,30eacf934c87ade9ba0b9a6c7e7547d680efdc4a
1078_T01.png,downloaded,unknown,1078,那维莱特,Neuvillette,skill,combat2,Elemental Skill,元素战技,"O Tears, I Shall Repay",泪水啊，我必偿还,,,"降下汹涌的水瀑，基于那维莱特的生命值上限，对前方的敌人造成水元素范围伤害，命中敌人后，将在敌人附近产生3枚源水之滴。

始基力：芒性
每隔一段时间，在降下汹涌的水瀑后，将降下穿透敌人的灵息之刺，造成具有芒性的水元素伤害。","Summons a Raging Waterfall that will deal AoE Hydro DMG to opponents in front of Neuvillette based on his Max HP. After hitting an opponent, this skill will generate 3 Sourcewater Droplets near that opponent.

Arkhe: Pneuma
At certain intervals, when the Raging Waterfall descends, a Spiritbreath Thorn will descend that will pierce opponents, dealing Pneuma-aligned Hydro DMG.","Talent O Tears, I Shall Repay.png",https://genshin-impact.fandom.com/wiki/O_Tears%2C_I_Shall_Repay,https://genshin-impact.fandom.com/wiki/File%3ATalent_O_Tears%2C_I_Shall_Repay.png,https://static.wikia.nocookie.net/gensin-impact/images/0/0e/Talent_O_Tears%2C_I_Shall_Repay.png/revision/latest?cb=20230927021320,316b89c64b7ed20cc464a8ded26668d22365a629
1078_T02.png,downloaded,unknown,1078,那维莱特,Neuvillette,burst,combat3,Elemental Burst,元素爆发,"O Tides, I Have Returned",潮水啊，我已归来,,,释放迸发的骇浪，基于那维莱特的生命值上限，造成水元素范围伤害，短暂间隔后，在附近降下2道水瀑，造成范围较小的水元素伤害，并在前方一定范围内产生6枚源水之滴。,"Unleashes waves that will deal AoE Hydro DMG based on Neuvillette's Max HP. After a short interval, 2 waterfalls will descend and deal Hydro DMG in a somewhat smaller AoE, and will generate 6 Sourcewater Droplets within an area in front.","Talent O Tides, I Have Returned.png",https://genshin-impact.fandom.com/wiki/O_Tides%2C_I_Have_Returned,https://genshin-impact.fandom.com/wiki/File%3ATalent_O_Tides%2C_I_Have_Returned.png,https://static.wikia.nocookie.net/gensin-impact/images/f/f4/Talent_O_Tides%2C_I_Have_Returned.png/revision/latest?cb=20230927021313,4be57a4f0d227242d14ac30046dfd592b23139d3
1078_T03.png,skipped_existing,unknown,1078,那维莱特,Neuvillette,passive,passive1,1st Ascension Passive,突破天赋1,Heir to the Ancient Sea's Authority,古海孑遗的权柄,,,"队伍中的角色对敌人触发蒸发、冻结、感电、月感电、绽放、月绽放、水元素扩散、水元素结晶或月结晶反应时，将为那维莱特产生持续30秒，至多叠加3层的「遗龙之荣」效果，使重击·衡平推裁造成原本110%/125%/160%的伤害。
每种元素反应产生的「遗龙之荣」分别独立存在。","When a party member triggers a Vaporize, Frozen, Electro-Charged, Lunar-Charged, Bloom, Lunar-Bloom, Hydro Swirl, Hydro Crystallize or a Lunar-Crystallize reaction on opponents, 1 stack of Past Draconic Glories will be granted to Neuvillette for 30s. Max 3 stacks. Past Draconic Glories causes Charged Attack: Equitable Judgment to deal 110%/125%/160% of its original DMG.
The stacks of Past Draconic Glories created by each kind of Elemental Reaction exist independently.",Talent Heir to the Ancient Sea's Authority.png,https://genshin-impact.fandom.com/wiki/Heir_to_the_Ancient_Sea%27s_Authority,https://genshin-impact.fandom.com/wiki/File%3ATalent_Heir_to_the_Ancient_Sea%27s_Authority.png,https://static.wikia.nocookie.net/gensin-impact/images/6/69/Talent_Heir_to_the_Ancient_Sea%27s_Authority.png/revision/latest?cb=20230927021318,0753b6083500ad8011719c031f905d43bcccc3d1
1078_T04.png,downloaded,unknown,1078,那维莱特,Neuvillette,passive,passive2,4th Ascension Passive,突破天赋2,Discipline of the Supreme Arbitration,至高仲裁的纪律,,,基于当前生命值超出生命值上限30%的部分，每1%使那维莱特获得0.6%水元素伤害加成，通过这种方式，至多提升30%。,"For each 1% of Neuvillette's current HP greater than 30% of Max HP, he will gain 0.6% Hydro DMG Bonus. A maximum bonus of 30% can be obtained this way.",Talent Discipline of the Supreme Arbitration.png,https://genshin-impact.fandom.com/wiki/Discipline_of_the_Supreme_Arbitration,https://genshin-impact.fandom.com/wiki/File%3ATalent_Discipline_of_the_Supreme_Arbitration.png,https://static.wikia.nocookie.net/gensin-impact/images/4/41/Talent_Discipline_of_the_Supreme_Arbitration.png/revision/latest?cb=20230927021315,3a686b86ca69cecf02fa4eb70a600c2750345f22
1078_T05.png,downloaded,unknown,1078,那维莱特,Neuvillette,passive,passive3,Utility Passive,探索天赋,Gather Like the Tide,汇聚如浪潮一般,,,"队伍中自己的角色进行水下冲刺时，移动速度提升15%。
无法与效果完全相同的固有天赋叠加。","Increases underwater Sprint SPD for your own party members by 15%.
Not stackable with Passive Talents that provide the exact same effects.",Talent Gather Like the Tide.png,https://genshin-impact.fandom.com/wiki/Gather_Like_the_Tide,https://genshin-impact.fandom.com/wiki/File%3ATalent_Gather_Like_the_Tide.png,https://static.wikia.nocookie.net/gensin-impact/images/3/32/Talent_Gather_Like_the_Tide.png/revision/latest?cb=20230927021317,548a65689fb552fb51bf6558443e54ff78859029
1079_T01.png,downloaded,unknown,1079,莱欧斯利,Wriothesley,skill,combat2,Elemental Skill,元素战技,Icefang Rush,冰牙突驰,,,"迅速调整呼吸、节奏与步伐，向前短距离冲刺，进入寒烈的惩裁状态，以发起更为猛烈的进攻。

寒烈的惩裁
·提高莱欧斯利的抗打断能力；
·生命值高于50%时，强化「普通攻击·迅烈倾霜拳」的斥逐拳，使其造成的伤害提升；命中时莱欧斯利将损失一定的生命值，每0.1秒至多因此损失一次生命值；
效果将在莱欧斯利退场时解除。","Adjusting his breathing, rhythm, and pace, Wriothesley sprints forward a short distance, entering the Chilling Penalty state and unleashing more powerful attacks than before.

Chilling Penalty
·Increases Wriothesley's interruption resistance
·When his HP is above 50%, it will enhance the Repelling Fists of Normal Attack: Forceful Fists of Frost and increase its DMG. When such an attack hits, it will consume a fixed amount of Wriothesley's HP. HP can be lost this way once every 0.1s.
This effect will be canceled should Wriothesley leave the field.",Talent Icefang Rush.png,https://genshin-impact.fandom.com/wiki/Icefang_Rush,https://genshin-impact.fandom.com/wiki/File%3ATalent_Icefang_Rush.png,https://static.wikia.nocookie.net/gensin-impact/images/d/d7/Talent_Icefang_Rush.png/revision/latest?cb=20231017102319,fb35acaffc3ef504d0921a7ec88d067e5c2872e0
1079_T02.png,downloaded,unknown,1079,莱欧斯利,Wriothesley,burst,combat3,Elemental Burst,元素爆发,Darkgold Wolfbite,黑金狼噬,,,"驱动拳套，打出凝聚寒霜的直拳，持续以冰锥冲击前方区域，造成多次冰元素范围伤害。

始基力：荒性
冰锥冲击结束后，将在敌人的位置降下流涌之刃，造成具有荒性的冰元素伤害。","Activating his boxing gloves, Wriothesley strikes out with an icy straight, then uses Icicle Impact to cause multiple instances of AoE Cryo DMG in a frontal area.

Arkhe: Ousia
After Icicle Impact ends, a Surging Blade will descend upon the opponent's position, dealing Ousia-aligned Cryo DMG.",Talent Darkgold Wolfbite.png,https://genshin-impact.fandom.com/wiki/Darkgold_Wolfbite,https://genshin-impact.fandom.com/wiki/File%3ATalent_Darkgold_Wolfbite.png,https://static.wikia.nocookie.net/gensin-impact/images/8/88/Talent_Darkgold_Wolfbite.png/revision/latest?cb=20231017102317,f2295ab305d9f81b2ded95985dc326ecc2df181a
1079_T03.png,downloaded,unknown,1079,莱欧斯利,Wriothesley,passive,passive1,1st Ascension Passive,突破天赋1,There Shall Be a Plea for Justice,公理终有辩诉之日,,,"莱欧斯利的生命值低于60%时，将获得「恩典之诫」，使下次普通攻击·迅烈倾霜拳的重击强化为惩戒·凌跃拳：不消耗体力，造成的伤害提升50%，并在命中后为莱欧斯利恢复生命值，回复量相当于莱欧斯利生命值上限的30%。
每5秒至多通过这种方式获得一次「恩典之诫」效果。","When Wriothesley's HP is less than 60%, he will obtain a Gracious Rebuke. The next Charged Attack of his Normal Attack: Forceful Fists of Frost will be enhanced to become Rebuke: Vaulting Fist. It will not consume Stamina, will deal 50% increased DMG, and after hitting will restore HP for Wriothesley equal to 30% of his Max HP.
You can gain a Gracious Rebuke this way once every 5s.",Talent There Shall Be a Plea for Justice.png,https://genshin-impact.fandom.com/wiki/There_Shall_Be_a_Plea_for_Justice,https://genshin-impact.fandom.com/wiki/File%3ATalent_There_Shall_Be_a_Plea_for_Justice.png,https://static.wikia.nocookie.net/gensin-impact/images/1/10/Talent_There_Shall_Be_a_Plea_for_Justice.png/revision/latest?cb=20231017102322,70a42341d1a3cbad36c634800659ba04515323f2
1079_T04.png,downloaded,unknown,1079,莱欧斯利,Wriothesley,passive,passive2,4th Ascension Passive,突破天赋2,There Shall Be a Reckoning for Sin,罪业终有报偿之时,,,莱欧斯利的当前生命值提升或降低时，若莱欧斯利处于冰牙突驰的寒烈的惩裁状态下，寒烈的惩裁将获得一层「检偿之敕」效果，该效果至多叠加至5层，每层使莱欧斯利的攻击力提升6%。,"When Wriothesley's current HP increases or decreases, if he is in the Chilling Penalty state conferred by Icefang Rush, Chilling Penalty will gain one stack of Prosecution Edict. Max 5 stacks. Each stack will increase Wriothesley's ATK by 6%.",Talent There Shall Be a Reckoning for Sin.png,https://genshin-impact.fandom.com/wiki/There_Shall_Be_a_Reckoning_for_Sin,https://genshin-impact.fandom.com/wiki/File%3ATalent_There_Shall_Be_a_Reckoning_for_Sin.png,https://static.wikia.nocookie.net/gensin-impact/images/0/02/Talent_There_Shall_Be_a_Reckoning_for_Sin.png/revision/latest?cb=20231017102316,c4599681ba3d69f6db7e8030e19be2337ee081ea
1079_T05.png,downloaded,unknown,1079,莱欧斯利,Wriothesley,passive,passive3,Utility Passive,探索天赋,The Duke's Grace,公爵的恩馈,,,合成武器突破素材时，有10%概率获得2倍产出。,"When Wriothesley crafts Weapon Ascension Materials, he has a 10% chance to receive double the product.",Talent The Duke's Grace.png,https://genshin-impact.fandom.com/wiki/The_Duke%27s_Grace,https://genshin-impact.fandom.com/wiki/File%3ATalent_The_Duke%27s_Grace.png,https://static.wikia.nocookie.net/gensin-impact/images/5/53/Talent_The_Duke%27s_Grace.png/revision/latest?cb=20231017102321,d7d295c6f0086f4b72c1790b3860c0bb466a2dcb
1079_T06.png,skipped_existing,unknown,1079,莱欧斯利,Wriothesley,extra,,,,There Shall Be an Unveiling for Injustice,,,,,,Talent There Shall Be an Unveiling for Injustice.png,https://genshin-impact.fandom.com/wiki/There_Shall_Be_an_Unveiling_for_Injustice,https://genshin-impact.fandom.com/wiki/File%3ATalent_There_Shall_Be_an_Unveiling_for_Injustice.png,https://static.wikia.nocookie.net/gensin-impact/images/c/c2/Talent_There_Shall_Be_an_Unveiling_for_Injustice.png/revision/latest?cb=20260704004227,612542a6df42f848d808e75e09c011859ac860fe
1080_T01.png,downloaded,unknown,1080,芙宁娜,Furina,skill,combat2,Elemental Skill,元素战技,Salon Solitaire,孤心沙龙,,,"邀请孤心沙龙的客人们上阵，为芙宁娜的演出助兴。根据芙宁娜当前的始基力属性，邀请的客人分为「沙龙成员」与「众水的歌者」。

荒性
挥洒欢庆的泡沫，基于芙宁娜的生命值上限，造成水元素范围伤害，并召唤三位「沙龙成员」：球球章鱼形态的「乌瑟勋爵」、泡泡海马形态的「海薇玛夫人」和重甲蟹形态的「谢贝蕾妲小姐」。
「沙龙成员」将间歇性攻击附近的敌人，并优先攻击当前场上角色的目标，基于生命值上限，造成水元素伤害。
「沙龙成员」进行攻击时，根据附近的队伍中生命值高于50%的角色数量，提升此次攻击的威力，并消耗这些角色的生命值：满足条件的角色数量为1/2/3/4名或更多时，攻击造成的伤害为原本的110%/120%/130%/140%。

芒性
召唤「众水的歌者」，每隔一段时间，受益于生命值上限，为周围的当前场上角色恢复生命值。

「沙龙成员」与「众水的歌者」共享持续时间，芙宁娜通过重击更换客人的阵容时，将继承持续时间。
「沙龙成员」或「众水的歌者」存在期间，芙宁娜能够在水面上移动。","Invites the guests of the Salon Solitaire to come forth and aid in Furina's performance. Will summon either the Salon Members or the Singer of Many Waters based on Furina's current Arkhe alignment.

Ousia
Foaming bubbles like celebrants shall dance, dealing AoE Hydro DMG based on Furina's Max HP and summoning 3 Salon Members: the Ball Octopus-shaped Gentilhomme Usher, the Bubbly Seahorse-shaped Surintendante Chevalmarin, and the Armored Crab-shaped Mademoiselle Crabaletta.
They will attack nearby opponents at intervals, prioritizing the target of the active character, dealing Hydro DMG based on Max HP.
When they attack, if character(s) with more than 50% HP are nearby, the Members will increase their current attack's power based on the number of such characters, and consume said characters' HP. If 1/2/3/4 (or more) characters meet these requirements, the Members' attacks will deal 110%/120%/130%/140% of their original DMG.

Pneuma
Summons the Singer of Many Waters, who will heal nearby active character(s) based on Max HP at intervals.

The Salon Members and Singer of Many Waters share a duration, and when Furina uses her Charged Attack to change the guest type, the new guests will inherit the remaining duration.
While the Salon Members or the Singer of Many Waters is on the field, Furina can move on the water's surface.",Talent Salon Solitaire.png,https://genshin-impact.fandom.com/wiki/Salon_Solitaire,https://genshin-impact.fandom.com/wiki/File%3ATalent_Salon_Solitaire.png,https://static.wikia.nocookie.net/gensin-impact/images/6/6f/Talent_Salon_Solitaire.png/revision/latest?cb=20231108024421,af48fbd72507fb50aac27a2ed348db2e4f52f6ea
1080_T02.png,skipped_existing,unknown,1080,芙宁娜,Furina,burst,combat3,Elemental Burst,元素爆发,Let the People Rejoice,万众狂欢,,,"凝聚狂欢之意，构筑水沫的舞台，基于芙宁娜的生命值上限，造成水元素范围伤害，并使队伍中附近的角色进入「普世欢腾」状态：持续期间，角色的当前生命值提升或降低时，基于提升或降低数值相对于生命值上限的比例，每1%都将使芙宁娜获得1点「气氛值」。
同时，基于芙宁娜持有的「气氛值」，附近的队伍中所有角色造成的伤害提升，受治疗加成提升。
持续时间结束时，芙宁娜持有的「气氛值」将被移除。","Rouses the impulse to revel, creating a stage of foam that will deal AoE Hydro DMG based on Furina's Max HP and cause nearby party members to enter the Universal Revelry state: During this time, when nearby party members' HP increases or decreases, 1 Fanfare point will be granted to Furina for each percentage point of their Max HP by which their HP changes.
At the same time, Furina will increase the DMG dealt by and Incoming Healing Bonus of all nearby party members based on the amount of Fanfare she has.
When the duration ends, Furina's Fanfare points will be cleared.",Talent Let the People Rejoice.png,https://genshin-impact.fandom.com/wiki/Let_the_People_Rejoice,https://genshin-impact.fandom.com/wiki/File%3ATalent_Let_the_People_Rejoice.png,https://static.wikia.nocookie.net/gensin-impact/images/6/66/Talent_Let_the_People_Rejoice.png/revision/latest?cb=20231108024428,5e69c37c40c525da3ac73360e6b7dcfc88a491ce
1080_T03.png,downloaded,unknown,1080,芙宁娜,Furina,passive,passive1,1st Ascension Passive,突破天赋1,Endless Waltz,停不了的圆舞,,,队伍中当前场上的角色受到治疗时，若这次治疗的来源不是芙宁娜自己并且治疗回复量溢出，在接下来的4秒内，芙宁娜每2秒将为队伍中附近的角色恢复一次生命值，回复量相当于角色各自生命值上限的2%。,"When the active character in your party receives healing, if the source of the healing is not Furina herself and the healing overflows, then Furina will heal nearby party members for 2% of their Max HP once every 2s for the next 4s.",Talent Endless Waltz.png,https://genshin-impact.fandom.com/wiki/Endless_Waltz,https://genshin-impact.fandom.com/wiki/File%3ATalent_Endless_Waltz.png,https://static.wikia.nocookie.net/gensin-impact/images/e/e3/Talent_Endless_Waltz.png/revision/latest?cb=20231108024427,82ba9b19234451e1d37ee0b2eef286f8940c1a3b
1080_T04.png,downloaded,unknown,1080,芙宁娜,Furina,passive,passive2,4th Ascension Passive,突破天赋2,Unheard Confession,无人听的自白,,,"每1000点生命值上限都将使处于不同始基力属性下的芙宁娜的孤心沙龙获得相应的增益效果：
「沙龙成员」造成的伤害提升0.7%，通过这种方式至多使「沙龙成员」造成的伤害提升28%；
「众水的歌者」为周围的当前场上角色恢复生命值的间隔降低0.4%，通过这种方式至多使「众水的歌者」为周围的当前场上角色恢复生命值的间隔降低16%。","Every 1,000 points of Furina's Max HP can buff the different Arkhe-aligned Salon Solitaire in the following ways:
Will increase Salon Members' DMG dealt by 0.7%, up to a maximum of 28%.
Will decrease the Singer of Many Waters' healing interval for nearby active characters by 0.4%, up to a maximum of 16%.",Talent Unheard Confession.png,https://genshin-impact.fandom.com/wiki/Unheard_Confession,https://genshin-impact.fandom.com/wiki/File%3ATalent_Unheard_Confession.png,https://static.wikia.nocookie.net/gensin-impact/images/c/c0/Talent_Unheard_Confession.png/revision/latest?cb=20231108024425,36f29f80d571ce255043a5796ce8285462007ec8
1080_T05.png,skipped_existing,unknown,1080,芙宁娜,Furina,passive,passive3,Utility Passive,探索天赋,The Sea Is My Stage,瀚海亦舞台,,,异色原海异种能力的冷却时间降低30%。,Xenochromatic Fontemer Aberrant ability CD decreased by 30%.,Talent The Sea Is My Stage.png,https://genshin-impact.fandom.com/wiki/The_Sea_Is_My_Stage,https://genshin-impact.fandom.com/wiki/File%3ATalent_The_Sea_Is_My_Stage.png,https://static.wikia.nocookie.net/gensin-impact/images/d/d0/Talent_The_Sea_Is_My_Stage.png/revision/latest?cb=20231108024423,a85f8bb28c61005d23debc4e0e6b600e41834226
1080_T06.png,downloaded,unknown,1080,芙宁娜,Furina,extra,,,,Salon Solitaire 2,,,,,,Talent Salon Solitaire 2.png,https://genshin-impact.fandom.com/wiki/Salon_Solitaire_2,https://genshin-impact.fandom.com/wiki/File%3ATalent_Salon_Solitaire_2.png,https://static.wikia.nocookie.net/gensin-impact/images/7/7b/Talent_Salon_Solitaire_2.png/revision/latest?cb=20231108024420,5f6437790ee176e10561d5cd88b36165b5e994e9
1081_T01.png,downloaded,unknown,1081,夏洛蒂,Charlotte,skill,combat2,Elemental Skill,元素战技,Framing: Freezing Point Composition,取景·冰点构图法,,,"凝聚王牌记者的锐意，尽情施展摄影技巧，依据点按、长按，以不同的方式产生效果。

点按
以「温亨廷先生」施展利落的抓拍，对前方的敌人造成冰元素范围伤害，并对命中的至多5名敌人施加「瞬时剪影」。持续期间，「瞬时剪影」将间歇性对敌人造成冰元素伤害。

长按
打开「温亨廷先生」的取景框，进入构图状态，取景框将在长按期间逐渐扩张到最大画幅。在这种状态下，夏洛蒂能够进行移动与改变朝向。
长按结束时，「温亨廷先生」将对取景框内锁定的敌人造成冰元素伤害，并为其施加与点按相同的「瞬时剪影」；若在取景框达到最大画幅后施放技能，将转为施加持续时间更长、伤害更高的「聚焦印象」，并使本次技能的冷却时间更长。
构图状态至多持续15秒，至多选定5名敌人。","Using the keen instincts of an ace reporter, Charlotte uses her photography skills to produce different effects based on whether the ability is Tapped or Held.

Tap
Takes a snapshot using Monsieur Verite, dealing AoE Cryo DMG to opponents in front of her and applying Snappy Silhouette to a maximum of 5 opponents. During this effect's duration, it will deal Cryo DMG to affected opponents at intervals.

Hold
Popping Monsieur Verite's viewfinder open, Charlotte enters Composition Mode, and during this time, the viewfinder will expand as you hold until you reach a Finisher Frame state. In this state, Charlotte can move and change direction freely.
When the hold state ends, Monsieur Verite will deal Cryo DMG to all opponents locked on within the viewfinder, and apply the same Snappy Silhouette as Tap Mode does to them. If you unleash this ability only after reaching Finisher Frame, you will instead apply Focused Impression, which lasts longer and deals more DMG, although the Skill CD will be longer.
Composition Mode lasts a maximum of 15s and allows a maximum of 5 opponents to be selected.",Talent Framing Freezing Point Composition.png,https://genshin-impact.fandom.com/wiki/Framing_Freezing_Point_Composition,https://genshin-impact.fandom.com/wiki/File%3ATalent_Framing_Freezing_Point_Composition.png,https://static.wikia.nocookie.net/gensin-impact/images/c/c1/Talent_Framing_Freezing_Point_Composition.png/revision/latest?cb=20231108024313,45b708ba89cebc8933fbf83736280584b572cbc8
1081_T02.png,downloaded,unknown,1081,夏洛蒂,Charlotte,burst,combat3,Elemental Burst,元素爆发,Still Photo: Comprehensive Confirmation,定格·全方位确证,,,"以冰霜凝聚《蒸汽鸟报》的招牌，建立「临事场域」，造成冰元素范围伤害，为队伍中附近的所有角色恢复生命值，回复量受益于夏洛蒂的攻击力。

临事场域
·持续期间，「温亨廷先生」将间歇性攻击其中的敌人，造成冰元素伤害。
·持续为其中的当前场上角色恢复生命值，回复量受益于夏洛蒂的攻击力。","Condensing ice to create The Steambird's signature, Charlotte creates a Newsflash Field that will deal AoE Cryo DMG and restores HP for all nearby party members based on Charlotte's ATK.
Newsflash Field
·While the ability is active, Monsieur Verite will deal Cryo DMG at intervals to opponents within its AoE.
·Will continuously restore HP to active character(s) within its AoE based on Charlotte's ATK.",Talent Still Photo Comprehensive Confirmation.png,https://genshin-impact.fandom.com/wiki/Still_Photo_Comprehensive_Confirmation,https://genshin-impact.fandom.com/wiki/File%3ATalent_Still_Photo_Comprehensive_Confirmation.png,https://static.wikia.nocookie.net/gensin-impact/images/8/89/Talent_Still_Photo_Comprehensive_Confirmation.png/revision/latest?cb=20231108024317,ce40a038593a135deb94466eff9eedc6e9280343
1081_T03.png,downloaded,unknown,1081,夏洛蒂,Charlotte,passive,passive1,1st Ascension Passive,突破天赋1,Moment of Impact,冲击力瞬间,,,带有「聚焦印象」印记的敌人被击败时，取景·冰点构图法的冷却时间减少2秒。每12秒至多通过这种方式减少4次元素战技的冷却时间。,"When opponents marked by ""Focused Impression"" are defeated, Framing: Freezing Point Composition's CD will be decreased by 2s. This CD decrease can be triggered 4 times every 12s.",Talent Moment of Impact.png,https://genshin-impact.fandom.com/wiki/Moment_of_Impact,https://genshin-impact.fandom.com/wiki/File%3ATalent_Moment_of_Impact.png,https://static.wikia.nocookie.net/gensin-impact/images/c/c6/Talent_Moment_of_Impact.png/revision/latest?cb=20231108024315,ec7646061f25c2008584f052f43e1c6cf328361a
1081_T04.png,downloaded,unknown,1081,夏洛蒂,Charlotte,passive,passive2,4th Ascension Passive,突破天赋2,Diversified Investigation,多样性调查,,,除夏洛蒂自己以外，队伍中每存在1/2/3位枫丹角色，夏洛蒂自己获得5%/10%/15%治疗加成；队伍中每存在1/2/3位非枫丹的角色，都将使夏洛蒂自己获得5%/10%/15%冰元素伤害加成。,"When the party contains 1/2/3 Fontainians other than herself, Charlotte gains a 5%/10%/15% Healing Bonus. When the party contains 1/2/3 non-Fontainians, Charlotte gains a 5%/10%/15% Cryo DMG Bonus.",Talent Diversified Investigation.png,https://genshin-impact.fandom.com/wiki/Diversified_Investigation,https://genshin-impact.fandom.com/wiki/File%3ATalent_Diversified_Investigation.png,https://static.wikia.nocookie.net/gensin-impact/images/0/03/Talent_Diversified_Investigation.png/revision/latest?cb=20231108024310,d04eb45398769ea5c4ff2e0ac05ddab0bc8b78a8
1081_T05.png,downloaded,unknown,1081,夏洛蒂,Charlotte,passive,passive3,Utility Passive,探索天赋,First-Person Shutter,第一人称快门,,,夏洛蒂在启用「特殊分析变焦镜头」后，元素战技「取景·冰点构图法」的长按无法造成原本的效果，转而能以较为特别的方式进行留影…,"After activating the Special Analysis Zoom Lens, Charlotte's ""Framing: Freezing Point Composition"" Hold Mode cannot trigger its original effects, but instead enables her to take photos in a rather unique manner...",Talent First-Person Shutter.png,https://genshin-impact.fandom.com/wiki/First-Person_Shutter,https://genshin-impact.fandom.com/wiki/File%3ATalent_First-Person_Shutter.png,https://static.wikia.nocookie.net/gensin-impact/images/a/ab/Talent_First-Person_Shutter.png/revision/latest?cb=20231108024312,812bc8a7b8899fb1b7fa916442a354cecf4f5b74
1082_T01.png,downloaded,unknown,1082,娜维娅,Navia,skill,combat2,Elemental Skill,元素战技,Ceremonial Crystalshot,典仪式晶火,,,"队伍中的角色获取结晶反应产生的晶片或触发月结晶反应时，将为娜维娅积攒1枚「裂晶弹片」，至多积攒6枚「裂晶弹片」，每次触发都会刷新已有的「裂晶弹片」持续时间。通过月结晶反应的方式，每1秒至多为娜维娅积攒1枚「裂晶弹片」。
施放时，娜维娅将消耗所有的「裂晶弹片」，展开优雅而致命的铳柄伞，打出多枚能够穿透敌人的「玫瑰晶弹」，对命中的敌人造成岩元素伤害。
消耗0/1/2/3枚及以上的「裂晶弹片」时，将分别打出5/7/9/11枚「玫瑰晶弹」。命中同一个敌人的「玫瑰晶弹」越多，对这名敌人造成的伤害越高；11枚「玫瑰晶弹」全部命中时，将造成原本200%的伤害。
此外，消耗的「裂晶弹片」超过3枚时，超过3枚的每枚「裂晶弹片」都将使本次射击造成的伤害额外提升15%。

长按
进入瞄准状态，持续获取附近的结晶反应产生的晶片，并在结束长按时打出与点按相同的「玫瑰晶弹」。

初始拥有2次可用次数。

始基力：荒性
每隔一段时间，娜维娅以铳柄伞进行射击时，将唤出流涌之刃，造成具有荒性的岩元素伤害。","When a character in the party obtains an Elemental Shard created from the Crystallize reaction, or when they trigger the Lunar-Crystallize reaction, Navia will gain 1 Crystal Shrapnel stack. Navia can have up to 6 stacks of Crystal Shrapnel at once. Each time Crystal Shrapnel gain is triggered, the duration of the Crystal Shrapnel stacks you already have will be reset. Through the Lunar-Crystallize reaction, Navia will gain up to 1 Crystal Shrapnel stack every second.
When she fires, Navia will consume all Crystal Shrapnel stacks and open her elegant yet lethal Gunbrella, firing multiple Rosula Shardshots that can penetrate opponents, dealing Geo DMG to opponents hit.
When 0/1/2/3 or more stacks of Crystal Shrapnel are consumed, 5/7/9/11 Rosula Shardshots will be fired respectively. The more Rosula Shardshots that strike a single opponent, the greater the DMG dealt to them. When all 11 Rosula Shardshots strike, 200% of the original amount of DMG is dealt.
In addition, when more than 3 stacks of Crystal Shrapnel are consumed, every stack consumed beyond those 3 will increase the DMG dealt by this Gunbrella attack by an additional 15%.

Hold
Enter Aiming Mode, continually collecting nearby Elemental Shards created by Crystallize reactions. When released, fire Rosula Shardshots with the same effect as when the skill is Tapped.

Two initial charges.

Arkhe: Ousia
Periodically, when Navia fires her Gunbrella, a Surging Blade will be summoned, dealing Ousia-aligned Geo DMG.",Talent Ceremonial Crystalshot.png,https://genshin-impact.fandom.com/wiki/Ceremonial_Crystalshot,https://genshin-impact.fandom.com/wiki/File%3ATalent_Ceremonial_Crystalshot.png,https://static.wikia.nocookie.net/gensin-impact/images/4/4e/Talent_Ceremonial_Crystalshot.png/revision/latest?cb=20231220015810,0a0a3f95026ce4a52edb6976d7315582995ccbfd
1082_T02.png,downloaded,unknown,1082,娜维娅,Navia,burst,combat3,Elemental Burst,元素爆发,As the Sunlit Sky's Singing Salute,如霰澄天的鸣礼,,,"以刺玫会会长之令，召唤华丽的「金花礼炮」，猛烈炮击前方的敌人，造成岩元素范围伤害，并在接下来的一段时间内持续进行「支援炮击」，间歇性对附近的敌人造成岩元素伤害。
炮击命中敌人时，将为娜维娅积攒1枚「裂晶弹片」，此效果每2.4秒至多触发一次。","On the orders of the President of the Spina di Rosula, call for a magnificent Rosula Dorata Salute. Unleashes a massive cannon bombardment on opponents in front of her, dealing AoE Geo DMG and providing Cannon Fire Support for a duration afterward, periodically dealing Geo DMG to nearby opponents.
When cannon attacks hit opponents, Navia will gain 1 stack of Crystal Shrapnel. This effect can be triggered up to once every 2.4s.",Talent As the Sunlit Sky's Singing Salute.png,https://genshin-impact.fandom.com/wiki/As_the_Sunlit_Sky%27s_Singing_Salute,https://genshin-impact.fandom.com/wiki/File%3ATalent_As_the_Sunlit_Sky%27s_Singing_Salute.png,https://static.wikia.nocookie.net/gensin-impact/images/f/f1/Talent_As_the_Sunlit_Sky%27s_Singing_Salute.png/revision/latest?cb=20231220015808,7414fefdddd67f4170164e4b02f711d8df289828
1082_T03.png,downloaded,unknown,1082,娜维娅,Navia,passive,passive1,1st Ascension Passive,突破天赋1,Undisclosed Distribution Channels,不明流通渠道,,,施放典仪式晶火后的4秒内，娜维娅的普通攻击、重击与下落攻击造成的伤害转为无法被附魔覆盖的岩元素伤害，且娜维娅的普通攻击、重击与下落攻击造成的伤害提升40%。,"For 4s after using Ceremonial Crystalshot, the DMG dealt by Navia's Normal Attacks, Charged Attacks, and Plunging Attacks will be converted into Geo DMG which cannot be overridden by other Elemental infusions, and the DMG dealt by Navia's Normal Attacks, Charged Attacks, and Plunging Attacks will be increased by 40%.",Talent Undisclosed Distribution Channels.png,https://genshin-impact.fandom.com/wiki/Undisclosed_Distribution_Channels,https://genshin-impact.fandom.com/wiki/File%3ATalent_Undisclosed_Distribution_Channels.png,https://static.wikia.nocookie.net/gensin-impact/images/0/0b/Talent_Undisclosed_Distribution_Channels.png/revision/latest?cb=20231220015806,102b585a942f6d2b41331b59ec2bd61347bc71f2
1082_T04.png,downloaded,unknown,1082,娜维娅,Navia,passive,passive2,4th Ascension Passive,突破天赋2,Mutual Assistance Network,互助关系网,,,队伍中每存在一位火元素/雷元素/冰元素/水元素角色，娜维娅的攻击力提升20%，此效果至多叠加2层。,"For each Pyro/Electro/Cryo/Hydro party member, Navia gains 20% increased ATK. This effect can stack up to 2 times.",Talent Mutual Assistance Network.png,https://genshin-impact.fandom.com/wiki/Mutual_Assistance_Network,https://genshin-impact.fandom.com/wiki/File%3ATalent_Mutual_Assistance_Network.png,https://static.wikia.nocookie.net/gensin-impact/images/4/42/Talent_Mutual_Assistance_Network.png/revision/latest?cb=20231220015812,c255da67bc102c5b7a0b1dd743add8aa31b93807
1082_T05.png,downloaded,unknown,1082,娜维娅,Navia,passive,passive3,Utility Passive,探索天赋,Painstaking Transaction,流程细致的交易,,,在枫丹执行时长为20小时的探索派遣任务时，获得的奖励增加25%。,Gains 25% more rewards when dispatched on a Fontaine Expedition for 20 hours.,Talent Painstaking Transaction.png,https://genshin-impact.fandom.com/wiki/Painstaking_Transaction,https://genshin-impact.fandom.com/wiki/File%3ATalent_Painstaking_Transaction.png,https://static.wikia.nocookie.net/gensin-impact/images/9/9a/Talent_Painstaking_Transaction.png/revision/latest?cb=20231220015813,5ca99deee90badaf567c0035290c894efbda7be2
1083_T01.png,downloaded,unknown,1083,夏沃蕾,Chevreuse,skill,combat2,Elemental Skill,元素战技,Short-Range Rapid Interdiction Fire,近迫式急促拦射,,,"夏沃蕾将铳枪快速抵肩，射击敌人，造成火元素范围伤害。
夏沃蕾进行射击后的一段时间内，将持续为当前场上自己的角色恢复生命值，回复量受益于夏沃蕾的生命值上限。
长按时将以不同的方式施放。

长按
进入瞄准状态，锁定准星内的一名敌人，进行更为精确的拦截射击；若夏沃蕾拥有「超量装药弹头」，则转为发射「超量装药弹头」，造成范围更大、伤害更高的火元素伤害。
夏沃蕾将在队伍中附近的角色触发超载反应时获得1枚「超量装药弹头」。至多同时持有1枚「超量装药弹头」。

始基力：荒性
每隔一段时间，夏沃蕾的「近迫式急促拦射」命中时，将唤出流涌之刃，造成具有荒性的火元素伤害。","Chevreuse quickly shoulders her musket and fires at her opponent(s), dealing AoE Pyro DMG.
For a short duration after Chevreuse fires a shot, she will continuously restore HP to your active character on the field. The amount healed is based on her Max HP.
Hold to fire in a different fashion.

Hold
Enter Aiming Mode, locking a target in her sights to fire a precise interdiction shot. If Chevreuse has an Overcharged Ball, then she will fire the Overcharged Ball instead, dealing greater Pyro DMG in a larger area.
Chevreuse gains 1 Overcharged Ball every time a nearby character in the party triggers an Overloaded reaction, and can have up to 1 Overcharged Ball at a time.

Arkhe: Ousia
Periodically, after Chevreuse's Short-Range Rapid Interdiction Fire hits, a Surging Blade will be called forth that deals Ousia-aligned Pyro DMG.",Talent Short-Range Rapid Interdiction Fire.png,https://genshin-impact.fandom.com/wiki/Short-Range_Rapid_Interdiction_Fire,https://genshin-impact.fandom.com/wiki/File%3ATalent_Short-Range_Rapid_Interdiction_Fire.png,https://static.wikia.nocookie.net/gensin-impact/images/0/0b/Talent_Short-Range_Rapid_Interdiction_Fire.png/revision/latest?cb=20231223042654,1aeb128e8276d9774aa3dde5edb0f5a1f864dbf4
1083_T02.png,skipped_existing,unknown,1083,夏沃蕾,Chevreuse,burst,combat3,Elemental Burst,元素爆发,Ring of Bursting Grenades,圆阵掷弹爆轰术,,,"夏沃蕾以铳枪向敌人投射爆轰榴弹，造成火元素范围伤害。爆轰榴弹命中后，将分裂成许多二重毁伤弹。
二重毁伤弹将在短暂间隔后爆炸，对附近的敌人造成火元素伤害。","Chevreuse fires an explosive grenade at opponents with her musket, dealing AoE Pyro DMG. After the projectile hits, it will split into many secondary explosive shells.
The secondary explosive shells will burst after a short interval, dealing Pyro DMG to nearby opponents.",Talent Ring of Bursting Grenades.png,https://genshin-impact.fandom.com/wiki/Ring_of_Bursting_Grenades,https://genshin-impact.fandom.com/wiki/File%3ATalent_Ring_of_Bursting_Grenades.png,https://static.wikia.nocookie.net/gensin-impact/images/b/be/Talent_Ring_of_Bursting_Grenades.png/revision/latest?cb=20231223042652,e3db3b2dd216c60f81f72c91b4bd506c7cc4f14a
1083_T03.png,downloaded,unknown,1083,夏沃蕾,Chevreuse,passive,passive1,1st Ascension Passive,突破天赋1,Vanguard's Coordinated Tactics,尖兵协同战法,,,"队伍中所有角色的元素类型均为火元素与雷元素，并且至少有一名火元素角色、一名雷元素角色时：
夏沃蕾将为队伍中附近的角色施加「协同战法」：角色触发超载反应后，受本次反应影响的敌人的火元素与雷元素抗性降低40%，持续6秒。
当队伍中角色的元素类型不满足本突破天赋的条件时，将移除已有的协同战法效果。","When all party members are Pyro and Electro characters and there is at least one Pyro and one Electro character each in the party:
Chevreuse grants ""Coordinated Tactics"" to nearby party members: After a character triggers the Overloaded reaction, the Pyro and Electro RES of the opponent(s) affected by this Overloaded reaction will be decreased by 40% for 6s.
The ""Coordinated Tactics"" effect will be removed when the Elemental Types of the characters in the party do not meet the basic requirements for the Ascension Talent.",Talent Vanguard's Coordinated Tactics.png,https://genshin-impact.fandom.com/wiki/Vanguard%27s_Coordinated_Tactics,https://genshin-impact.fandom.com/wiki/File%3ATalent_Vanguard%27s_Coordinated_Tactics.png,https://static.wikia.nocookie.net/gensin-impact/images/2/27/Talent_Vanguard%27s_Coordinated_Tactics.png/revision/latest?cb=20231223042655,bc9b1a52dca40b3e12919cbd6b997f4b24ff3d62
1083_T04.png,downloaded,unknown,1083,夏沃蕾,Chevreuse,passive,passive2,4th Ascension Passive,突破天赋2,Vertical Force Coordination,纵阵武力统筹,,,夏沃蕾发射近迫式急促拦射的「超量装药弹头」后，基于夏沃蕾的生命值上限，每1000点生命值上限都将使队伍中附近的所有火元素与雷元素角色的攻击力提升1%，持续30秒，至多通过这种方式提升40%攻击力。,"After Chevreuse fires an Overcharged Ball using Short-Range Rapid Interdiction Fire, nearby Pyro and Electro characters in the party gain 1% increased ATK for every 1,000 Max HP Chevreuse has for 30s. ATK can be increased by up to 40% in this way.",Talent Vertical Force Coordination.png,https://genshin-impact.fandom.com/wiki/Vertical_Force_Coordination,https://genshin-impact.fandom.com/wiki/File%3ATalent_Vertical_Force_Coordination.png,https://static.wikia.nocookie.net/gensin-impact/images/4/4f/Talent_Vertical_Force_Coordination.png/revision/latest?cb=20231223042648,115eadfda873d8b853eca0222096e3d91b585a45
1083_T05.png,downloaded,unknown,1083,夏沃蕾,Chevreuse,passive,passive3,Utility Passive,探索天赋,Double Time March,迅捷行军策略,,,"队伍中自己的角色冲刺消耗的体力降低20%。
无法与效果完全相同的固有天赋叠加。","Decreases sprinting Stamina consumption for your own party members by 20%.
Not stackable with Passive Talents that provide the exact same effects.",Talent Double Time March.png,https://genshin-impact.fandom.com/wiki/Double_Time_March,https://genshin-impact.fandom.com/wiki/File%3ATalent_Double_Time_March.png,https://static.wikia.nocookie.net/gensin-impact/images/4/49/Talent_Double_Time_March.png/revision/latest?cb=20231223042650,d319d14db3cdde62a7f649365ced0728d6533093
1084_T01.png,downloaded,unknown,1084,闲云,Xianyun,skill,combat2,Elemental Skill,元素战技,White Clouds at Dawn,朝起鹤云,,,"闲云进入鹤云幻化状态，不会承受坠落伤害，并施放一次步天梯。
在此状态下，闲云的下落攻击将转化为闲云冲击波，造成风元素范围伤害，并结束鹤云幻化状态。该伤害视为下落攻击伤害。
此状态下每次施放步天梯，都将提升下一次闲云冲击波的伤害和范围。

步天梯
可以在空中施放。闲云向前方跳跃，并对路径上的目标造成风元素伤害。
一次鹤云幻化状态下最多施放3次步天梯，且只能对同一名敌人造成一次步天梯伤害。
若短时间内没有施放步天梯，鹤云幻化状态将解除。

若鹤云幻化状态期间没有释放闲云冲击波，朝起鹤云的冷却时间将减少3秒。","Xianyun enters the Cloud Transmogrification state, in which she will not take Fall DMG, and uses Skyladder once.
In this state, her Plunging Attack will be converted into Driftcloud Wave instead, which deals AoE Anemo DMG and ends the Cloud Transmogrification state. This DMG is considered Plunging Attack DMG.
Each use of Skyladder while in this state increases the DMG and AoE of the next Driftcloud Wave used.

Skyladder
Can be used while in mid-air. Xianyun leaps forward, dealing Anemo DMG to targets along her path.
During each Cloud Transmogrification state Xianyun enters, Skyladder may be used up to 3 times and only 1 instance of Skyladder DMG can be dealt to any one opponent.
If Skyladder is not used again in a short period, the Cloud Transmogrification state will be canceled.

If Xianyun does not use Driftcloud Wave while in this state, the next CD of White Clouds at Dawn will be decreased by 3s.",Talent White Clouds at Dawn.png,https://genshin-impact.fandom.com/wiki/White_Clouds_at_Dawn,https://genshin-impact.fandom.com/wiki/File%3ATalent_White_Clouds_at_Dawn.png,https://static.wikia.nocookie.net/gensin-impact/images/8/89/Talent_White_Clouds_at_Dawn.png/revision/latest?cb=20240131020428,89a8ffca0d0481fbc31de4a753693c58e9a43616
1084_T02.png,downloaded,unknown,1084,闲云,Xianyun,burst,combat3,Elemental Burst,元素爆发,Stars Gather at Dusk,暮集竹星,,,"轻唤仙风，造成风元素范围伤害，为队伍中附近的所有角色恢复生命值，回复量受益于闲云的攻击力，并召唤机关「竹星」。

竹星
·持续跟随当前场上的角色，并间歇性为队伍中附近的所有角色恢复生命值，回复量受益于闲云的攻击力；
·初始拥有8层仙力助推。拥有仙力助推时，将提升队伍中附近的当前场上角色的跳跃高度。
·当前场上角色完成下落攻击时，竹星将消耗一层仙力助推，造成风元素范围伤害。
场上至多存在一个竹星。","Brings forth a sacred breeze that deals AoE Anemo DMG and heals all nearby characters based on Xianyun's ATK. It will also summon the ""Starwicker"" mechanism.

Starwicker
·Continuously follows the active character and periodically heals all nearby party members based on Xianyun's ATK.
·Starts with 8 stacks of Adeptal Assistance. While Adeptal Assistance is active, nearby active characters in the party will have their jump height increased.
·When the active character completes a Plunging Attack, Starwicker will consume 1 stack of Adeptal Assistance and deal AoE Anemo DMG.
Only 1 Starwicker can exist simultaneously.",Talent Stars Gather at Dusk.png,https://genshin-impact.fandom.com/wiki/Stars_Gather_at_Dusk,https://genshin-impact.fandom.com/wiki/File%3ATalent_Stars_Gather_at_Dusk.png,https://static.wikia.nocookie.net/gensin-impact/images/2/28/Talent_Stars_Gather_at_Dusk.png/revision/latest?cb=20240131020426,2d12c40b0d8210885222df738f567ab1d0f6076c
1084_T03.png,skipped_existing,unknown,1084,闲云,Xianyun,passive,passive1,1st Ascension Passive,突破天赋1,Galefeather Pursuit,霜翎高逐祥风势,,,"朝起鹤云的闲云冲击波每命中一个敌人，都将为队伍中附近的所有角色产生一层持续20秒，至多叠加4层的「风翎」效果，使角色的下落攻击的暴击率提升4%/6%/8%/10%。
每次命中敌人产生的「风翎」的持续时间独立计算。","Each opponent hit by Driftcloud Waves from White Clouds at Dawn will grant all nearby party members 1 stack of Storm Pinion for 20s. Max 4 stacks. These will cause the characters' Plunging Attack CRIT Rate to increase by 4%/6%/8%/10% respectively.
Each Storm Pinion created by hitting an opponent has an independent duration.",Talent Galefeather Pursuit.png,https://genshin-impact.fandom.com/wiki/Galefeather_Pursuit,https://genshin-impact.fandom.com/wiki/File%3ATalent_Galefeather_Pursuit.png,https://static.wikia.nocookie.net/gensin-impact/images/2/2d/Talent_Galefeather_Pursuit.png/revision/latest?cb=20240131020424,c4f5d290e3cd11abf940bea2db09c433c940e8e8
1084_T04.png,downloaded,unknown,1084,闲云,Xianyun,passive,passive2,4th Ascension Passive,突破天赋2,"Consider, the Adeptus in Her Realm",细想应是洞中仙,,,"暮集竹星的竹星拥有仙力助推时，附近的当前场上角色的下落攻击坠地冲击造成的伤害提升，提升值相当于闲云的攻击力的200%。通过这种方式，至多使附近的当前场上角色的下落攻击坠地冲击伤害提升9000。
一次下落攻击坠地冲击伤害中，只会对一名敌人造成上述伤害提升效果，每个角色每0.4秒至多触发一次。","When the Starwicker created by Stars Gather at Dusk has Adeptal Assistance stacks, nearby active characters' Plunging Attack shockwave DMG will be increased by 200% of Xianyun's ATK. The maximum DMG increase that can be achieved this way is 9,000.
Each Plunging Attack shockwave DMG instance can only apply this increased DMG effect to a single opponent. Each character can trigger this effect once every 0.4s.","Talent Consider, the Adeptus in Her Realm.png",https://genshin-impact.fandom.com/wiki/Consider%2C_the_Adeptus_in_Her_Realm,https://genshin-impact.fandom.com/wiki/File%3ATalent_Consider%2C_the_Adeptus_in_Her_Realm.png,https://static.wikia.nocookie.net/gensin-impact/images/b/b5/Talent_Consider%2C_the_Adeptus_in_Her_Realm.png/revision/latest?cb=20240131020421,df7a1d5dbfa74ce0915bd15e1d84d7c320541ff6
1084_T05.png,downloaded,unknown,1084,闲云,Xianyun,passive,passive3,Utility Passive,探索天赋,Crane Form,身形如鹤,,,"队伍中自己的角色滑翔时移动速度提高15%。
无法与效果完全相同的固有天赋叠加。","Increases gliding SPD for your own party members by 15%.
Not stackable with Passive Talents that provide the exact same effects.",Talent Crane Form.png,https://genshin-impact.fandom.com/wiki/Crane_Form,https://genshin-impact.fandom.com/wiki/File%3ATalent_Crane_Form.png,https://static.wikia.nocookie.net/gensin-impact/images/d/d0/Talent_Crane_Form.png/revision/latest?cb=20240131020422,fb1d1fde6f9034bd79406e8a7fa43018a6414124
1084_T06.png,downloaded,unknown,1084,闲云,Xianyun,extra,,,,White Clouds at Dawn 2,,,,,,Talent White Clouds at Dawn 2.png,https://genshin-impact.fandom.com/wiki/White_Clouds_at_Dawn_2,https://genshin-impact.fandom.com/wiki/File%3ATalent_White_Clouds_at_Dawn_2.png,https://static.wikia.nocookie.net/gensin-impact/images/b/be/Talent_White_Clouds_at_Dawn_2.png/revision/latest?cb=20240204023756,a1bc855ad9c1322198c48722b5e1d8014be6a6bc
1084_T07.png,downloaded,unknown,1084,闲云,Xianyun,extra,,,,White Clouds at Dawn 3,,,,,,Talent White Clouds at Dawn 3.png,https://genshin-impact.fandom.com/wiki/White_Clouds_at_Dawn_3,https://genshin-impact.fandom.com/wiki/File%3ATalent_White_Clouds_at_Dawn_3.png,https://static.wikia.nocookie.net/gensin-impact/images/5/5f/Talent_White_Clouds_at_Dawn_3.png/revision/latest?cb=20240204023758,f7bb1e6e8694ae645b1d73e701de9e6d77be6c53
1084_T08.png,skipped_existing,unknown,1084,闲云,Xianyun,extra,,,,Word of Wind and Flower 2,,,,,,Talent Word of Wind and Flower 2.png,https://genshin-impact.fandom.com/wiki/Word_of_Wind_and_Flower_2,https://genshin-impact.fandom.com/wiki/File%3ATalent_Word_of_Wind_and_Flower_2.png,https://static.wikia.nocookie.net/gensin-impact/images/2/29/Talent_Word_of_Wind_and_Flower_2.png/revision/latest?cb=20240204023800,d5cd1eb32d4a6cc6c19f4707ed02fa1b7a567beb
1085_T01.png,downloaded,unknown,1085,嘉明,Gaming,skill,combat2,Elemental Skill,元素战技,Bestial Ascent,瑞兽登高楼,,,"以舞兽之法向前扑击，接触目标或地形后高高腾跃至空中。
嘉明因元素战技·瑞兽登高楼而升空后，若立即进行下落攻击，则会施展格外强劲的下落攻击·踏云献瑞。

下落攻击·踏云献瑞
通过元素战技·瑞兽登高楼施放的下落攻击，造成的伤害将转化为无法被附魔覆盖的火元素伤害，并在落地时使嘉明消耗一定的生命值，至多通过这种方式使嘉明的生命值降低至10%。
踏云献瑞造成的伤害视为下落攻击伤害。","Pounces forward using the Wushou arts, leaping high into the air after coming into contact with a target or surface.
After Gaming has used Bestial Ascent to rise into the air, if he immediately uses a Plunging Attack, he will use the especially powerful Plunging Attack: Charmed Cloudstrider instead.

Plunging Attack: Charmed Cloudstrider
The DMG from Plunging Attacks caused by Bestial Ascent is converted to Pyro DMG that cannot be overridden by other elemental infusions. Upon landing, Gaming will consume a fixed amount of HP. Gaming's HP cannot be reduced below 10% by this method.
Charmed Cloudstrider DMG is considered Plunging Attack DMG.",Talent Bestial Ascent.png,https://genshin-impact.fandom.com/wiki/Bestial_Ascent,https://genshin-impact.fandom.com/wiki/File%3ATalent_Bestial_Ascent.png,https://static.wikia.nocookie.net/gensin-impact/images/f/f1/Talent_Bestial_Ascent.png/revision/latest?cb=20240131020439,d7cd9bad8e44ee3f1c27027e4da108603a801719
1085_T02.png,downloaded,unknown,1085,嘉明,Gaming,burst,combat3,Elemental Burst,元素爆发,Suanni's Gilded Dance,璨焰金猊舞,,,"嘉明进入舞兽态势，为嘉明施加短暂的火元素附着，恢复一定的生命值，并召唤可靠的伙伴猊兽·文仔砸击目标，造成火元素范围伤害。
猊兽·文仔完成砸击后将向附近滚落，随后向嘉明的位置移动，成功与嘉明会合时，猊兽·文仔将退场，并刷新嘉明的元素战技「瑞兽登高楼」的冷却时间。
舞兽态势持续期间，提高嘉明的抗打断能力，下落攻击·踏云献瑞落地时，或瑞兽登高楼的向前扑击结束时，若嘉明的生命值高于50%，将再次唤出猊兽·文仔。
场上至多同时存在一位嘉明自己的猊兽·文仔。
效果将在嘉明退场时解除。","Gaming enters Wushou Stance, briefly applying Pyro to him, recovering a fixed amount of HP, and summons his companion, the Suanni Man Chai, to smash into his target, dealing AoE Pyro DMG.
After bashing its target, Man Chai will roll to a nearby location before moving towards Gaming. When it links up with Gaming, Man Chai will leave the field and reset the CD for Gaming's Elemental Skill, Bestial Ascent.
While Wushou Stance is active, his resistance to interruption is increased, and when Gaming lands with Charmed Cloudstrider attack or completes the forward pounce attack from Bestial Ascent with over 50% HP, he will summon Man Chai again.
Each Gaming can only have 1 Man Chai on the field simultaneously.
This effect will be canceled once Gaming leaves the field.",Talent Suanni's Gilded Dance.png,https://genshin-impact.fandom.com/wiki/Suanni%27s_Gilded_Dance,https://genshin-impact.fandom.com/wiki/File%3ATalent_Suanni%27s_Gilded_Dance.png,https://static.wikia.nocookie.net/gensin-impact/images/1/15/Talent_Suanni%27s_Gilded_Dance.png/revision/latest?cb=20240131020443,a7b8da7e70cc553aab410c822c145ab9b054aa5a
1085_T03.png,skipped_existing,unknown,1085,嘉明,Gaming,passive,passive1,1st Ascension Passive,突破天赋1,Dance of Amity,舞起升平,,,瑞兽登高楼的下落攻击·踏云献瑞命中敌人后，嘉明每0.2秒恢复一次生命值，回复量基于嘉明生命值上限的1.5%，持续0.8秒。,"After Bestial Ascent's Plunging Attack: Charmed Cloudstrider hits an opponent, Gaming will regain 1.5% of his Max HP once every 0.2s for 0.8s.",Talent Dance of Amity.png,https://genshin-impact.fandom.com/wiki/Dance_of_Amity,https://genshin-impact.fandom.com/wiki/File%3ATalent_Dance_of_Amity.png,https://static.wikia.nocookie.net/gensin-impact/images/d/de/Talent_Dance_of_Amity.png/revision/latest?cb=20240131020441,d2efe79fe98c2d7dab5554221815c4575d7e60a2
1085_T04.png,downloaded,unknown,1085,嘉明,Gaming,passive,passive2,4th Ascension Passive,突破天赋2,Air of Prosperity,祥烟瑞气,,,嘉明的生命值低于50%时，获得20%受治疗加成。嘉明的生命值高于或等于50%时，下落攻击·踏云献瑞造成的伤害提升20%。,"When Gaming has less than 50% HP, he will receive a 20% Incoming Healing Bonus. When Gaming has 50% HP or more, Plunging Attack: Charmed Cloudstrider will deal 20% more DMG.",Talent Air of Prosperity.png,https://genshin-impact.fandom.com/wiki/Air_of_Prosperity,https://genshin-impact.fandom.com/wiki/File%3ATalent_Air_of_Prosperity.png,https://static.wikia.nocookie.net/gensin-impact/images/6/67/Talent_Air_of_Prosperity.png/revision/latest?cb=20240131020437,01d8ac129501de9abd81e78372449ad13f245b9e
1085_T05.png,skipped_existing,unknown,1085,嘉明,Gaming,extra,,,,The Sunlit Way,,,,,,Talent The Sunlit Way.png,https://genshin-impact.fandom.com/wiki/The_Sunlit_Way,https://genshin-impact.fandom.com/wiki/File%3ATalent_The_Sunlit_Way.png,https://static.wikia.nocookie.net/gensin-impact/images/e/ee/Talent_The_Sunlit_Way.png/revision/latest?cb=20230301024355,228628c471d9be9a4989090040949c6f108efdce
1086_T01.png,downloaded,unknown,1086,千织,Chiori,skill,combat2,Elemental Skill,元素战技,Fluttering Hasode,羽袖一触,,,"以绸缎飘舞之姿迅捷突进，突进结束时，在身边唤出自动制御人形「袖」，并挥出上挑攻击，基于千织的攻击力和防御力，对附近的敌人造成岩元素范围伤害。
长按时将以不同的方式施放。

长按
进入瞄准状态，以调整突进的方向。

袖
·间歇性对附近的敌人发动斩切，基于千织的攻击力和防御力，造成岩元素范围伤害；
·存在期间，如果附近存在岩元素创造物，或有岩元素创造物被创造，将在当前场上自己的角色身边额外唤出一名袖。通过这种方式至多唤出一名袖，存在时间独立计算。","Dashes nimbly forward with silken steps. Once this dash ends, Chiori will summon the automaton doll ""Tamoto"" beside her and sweep her blade upward, dealing AoE Geo DMG to nearby opponents based on her ATK and DEF.
Holding the Skill will cause it to behave differently.

Hold
Enter Aiming Mode to adjust the dash direction.

Tamoto
· Will slash at nearby opponents at intervals, dealing AoE Geo DMG based on Chiori's ATK and DEF.
· While active, if there are nearby Geo Construct(s) or Geo Construct(s) are created nearby, an additional Tamoto will be summoned next to your active character. Only 1 additional Tamoto can be summoned in this manner, and its duration is independently counted.",Talent Fluttering Hasode.png,https://genshin-impact.fandom.com/wiki/Fluttering_Hasode,https://genshin-impact.fandom.com/wiki/File%3ATalent_Fluttering_Hasode.png,https://static.wikia.nocookie.net/gensin-impact/images/4/4d/Talent_Fluttering_Hasode.png/revision/latest?cb=20240313014335,c23f6cdcdeb479f353aa61dfd5951070302ea56e
1086_T02.png,downloaded,unknown,1086,千织,Chiori,burst,combat3,Elemental Burst,元素爆发,Hiyoku: Twin Blades,二刀之形·比翼,,,双刀出鞘，以利落裁衣之势挥出凌厉的一斩，基于千织的攻击力和防御力，造成岩元素范围伤害。,"Twin blades leave their sheaths as Chiori slices with the clean cuts of a master tailor, dealing AoE Geo DMG based on her ATK and DEF.",Talent Hiyoku Twin Blades.png,https://genshin-impact.fandom.com/wiki/Hiyoku_Twin_Blades,https://genshin-impact.fandom.com/wiki/File%3ATalent_Hiyoku_Twin_Blades.png,https://static.wikia.nocookie.net/gensin-impact/images/e/e5/Talent_Hiyoku_Twin_Blades.png/revision/latest?cb=20240313014337,416e00a9d4a4fe8a579a2b49fb309ed633662b52
1086_T03.png,downloaded,unknown,1086,千织,Chiori,passive,passive1,1st Ascension Passive,突破天赋1,Tailor-Made,量体裁衣,,,"施放羽袖一触的上挑攻击后的短暂时间内，依据不同的后续操作，产生不同的效果：点按元素战技将触发「织锦」；点按普通攻击则触发「裁锦」。

织锦
·切换角色，使队伍中下一名自己的角色登场；
·为队伍中所有自己的角色施加「当意即妙」：队伍中自己的当前场上角色的普通攻击、重击和下落攻击命中附近的敌人时，袖将进行协同攻击，在敌人的位置造成相当于羽袖一触的上挑攻击伤害100%的岩元素范围伤害，通过这种方式造成的伤害视为元素战技伤害；
·「当意即妙」持续8秒，每2秒至多触发一次袖的协同攻击，一次「当意即妙」持续期间，至多触发2次协同攻击。

裁锦
·千织获得岩元素附魔，持续5秒。

千织在场上时，如果施放羽袖一触的上挑攻击后的短暂时间内没有再次点按元素战技或点按普通攻击，将触发后续效果「裁锦」。","Gain different effects depending on the next action you take within a short duration after using Fluttering Hasode's upward sweep. If you Press the Elemental Skill, you will trigger the Tapestry effect. If you Press your Normal Attack, the Tailoring effect will be triggered instead.

Tapestry
· Switches to the next character in your roster.
· Grants all your party members ""Seize the Moment"": When your active party member's Normal Attacks, Charged Attacks, and Plunging Attacks hit a nearby opponent, ""Tamoto"" will execute a coordinated attack, dealing 100% of Fluttering Hasode's upward sweep DMG as AoE Geo DMG at the opponent's location. DMG dealt this way is considered Elemental Skill DMG.
· ""Seize the Moment"" lasts 8s, and 1 of ""Tamoto""'s coordinated attack can be unleashed every 2s. 2 such coordinated attacks can occur per ""Seize the Moment"" effect duration.

Tailoring
· Chiori gains Geo infusion for 5s.

When on the field, if Chiori does not either Press her Elemental Skill or use a Normal Attack within a short time after using Fluttering Hasode's upward sweep, the Tailoring effect will be triggered by default.",Talent Tailor-Made.png,https://genshin-impact.fandom.com/wiki/Tailor-Made,https://genshin-impact.fandom.com/wiki/File%3ATalent_Tailor-Made.png,https://static.wikia.nocookie.net/gensin-impact/images/1/16/Talent_Tailor-Made.png/revision/latest?cb=20240313014339,dd3a4db29013e6d281498d10e1cb9b62e526891a
1086_T04.png,downloaded,unknown,1086,千织,Chiori,passive,passive2,4th Ascension Passive,突破天赋2,The Finishing Touch,锦上添花,,,队伍中附近的角色创造岩元素创造物时，千织获得20%岩元素伤害加成，持续20秒。,"When a nearby party member creates a Geo Construct, Chiori will gain 20% Geo DMG Bonus for 20s.",Talent The Finishing Touch.png,https://genshin-impact.fandom.com/wiki/The_Finishing_Touch,https://genshin-impact.fandom.com/wiki/File%3ATalent_The_Finishing_Touch.png,https://static.wikia.nocookie.net/gensin-impact/images/b/b6/Talent_The_Finishing_Touch.png/revision/latest?cb=20240313014340,1570ba50dad9ec32fc01094fa17ac87c99553125
1086_T05.png,downloaded,unknown,1086,千织,Chiori,passive,passive3,Utility Passive,探索天赋,Brocaded Collar's Beauteous Silhouette,衣香襟影,,,"队伍中任意自己的角色装备了默认衣装以外的衣装，或初始之翼以外的风之翼时，队伍中自己的角色获得迅行效果：移动速度提升10%。
该效果在秘境、征讨领域、深境螺旋中无效，迅行效果无法叠加。","When any party member is wearing an outfit apart from their default outfit, or is wearing a wind glider other than the Wings of First Flight, your party members will obtain the Swift Stride effect: Movement SPD is increased by 10%.
This effect does not take effect in Domains, Trounce Domains, and the Spiral Abyss. Swift Stride does not stack.",Talent Brocaded Collar's Beauteous Silhouette.png,https://genshin-impact.fandom.com/wiki/Brocaded_Collar%27s_Beauteous_Silhouette,https://genshin-impact.fandom.com/wiki/File%3ATalent_Brocaded_Collar%27s_Beauteous_Silhouette.png,https://static.wikia.nocookie.net/gensin-impact/images/b/b7/Talent_Brocaded_Collar%27s_Beauteous_Silhouette.png/revision/latest?cb=20240313014333,87f7be924ab1af0fcd96ac051307c7950c8d6abf
1087_T01.png,downloaded,unknown,1087,阿蕾奇诺,Arlecchino,skill,combat2,Elemental Skill,元素战技,All Is Ash,万相化灰,,,"遣令厄月血火，对附近的多名敌人造成火元素伤害，并对其中一名敌人突进切斩，造成火元素范围伤害。
上述攻击命中敌人时将对其施加血偿勒令。

血偿勒令
·血偿勒令持续30秒，每5秒，血偿勒令将对敌人造成一次火元素伤害，至多造成2次伤害。该伤害视为元素战技伤害；
·阿蕾奇诺进行重击或施放元素爆发「厄月将升」时，将回收并清除周围的血偿勒令，每回收一枚血偿勒令，将为她赋予生命值上限65%的生命之契；
·施放元素战技后的35秒内，至多通过血偿勒令为阿蕾奇诺赋予生命值上限145%的生命之契。持续期间再次施放元素战技将重新计算持续时间与血偿勒令能赋予的生命之契上限。","Summons forth Balemoon Bloodfire, dealing Pyro DMG to multiple nearby opponents and performing a dash-cleave against one of them, dealing AoE Pyro DMG.
Opponents hit by the aforementioned attack will have a Blood-Debt Directive applied to them.

Blood-Debt Directive
·Lasts 30s. Every 5s, it will deal 1 instance of Pyro DMG to the opponent. Max 2 instances. This DMG will be considered Elemental Skill DMG.
·When Arlecchino uses a Charged Attack or her Elemental Burst, Balemoon Rising, she will absorb and clear nearby Blood-Debt Directives. Each Directive absorbed grants her a Bond of Life worth 65% of her Max HP.
·The maximum value of the Bond of Life she can be granted through Blood-Debt Directives within 35s after using her Elemental Skill is 145% of her Max HP. Using the Elemental Skill again during this duration will restart the count on duration and the limit on the value of Bond of Life she may gain from Blood-Debt Directives.",Talent All Is Ash.png,https://genshin-impact.fandom.com/wiki/All_Is_Ash,https://genshin-impact.fandom.com/wiki/File%3ATalent_All_Is_Ash.png,https://static.wikia.nocookie.net/gensin-impact/images/0/01/Talent_All_Is_Ash.png/revision/latest?cb=20240424015923,212d14f541b3c13a3c0cdfb5324cbe7e97c20f55
1087_T02.png,downloaded,unknown,1087,阿蕾奇诺,Arlecchino,burst,combat3,Elemental Burst,元素爆发,Balemoon Rising,厄月将升,,,阿蕾奇诺振舞厄月血火之翼，回收并清除周围的血偿勒令，造成火元素范围伤害，并在此后清除元素战技「万相化灰」的冷却时间及为自己恢复生命值，回复量基于她的生命之契数值与攻击力。,Arlecchino's great wing of Balemoon Bloodfire beats as she absorbs and clears Blood-Debt Directives around her. She deals AoE Pyro DMG before clearing the CD of All Is Ash and healing herself. The healing is based on her Bond of Life value and ATK.,Talent Balemoon Rising.png,https://genshin-impact.fandom.com/wiki/Balemoon_Rising,https://genshin-impact.fandom.com/wiki/File%3ATalent_Balemoon_Rising.png,https://static.wikia.nocookie.net/gensin-impact/images/5/5c/Talent_Balemoon_Rising.png/revision/latest?cb=20240424015925,2d06af848a1e80e488356a791e3885626ebcae13
1087_T03.png,downloaded,unknown,1087,阿蕾奇诺,Arlecchino,passive,passive1,1st Ascension Passive,突破天赋1,Agony Alone May Be Repaid,唯苦痛可偿还,,,"血偿勒令具有如下性质：
·具有阿蕾奇诺自己施加的血偿勒令的敌人被击败时，将为她赋予生命值上限130%的生命之契；
·在施加的5秒后，会升级为血偿勒令·结，在回收时转而为阿蕾奇诺提供130%生命之契。
上述方式赋予生命之契时，赋予的生命之契数值上限无法超过万相化灰原本的限制。","Blood-Debt Directives have the following characteristics:
·Arlecchino will be granted a Bond of Life worth 130% of her Max HP when an opponent to which she herself applied a Directive is defeated.
·5s after a Directive is applied, it will be upgraded to a Blood-Debt Due. When absorbed, it will instead grant Arlecchino a Bond of Life worth 130%.
A Bond of Life created in the aforementioned ways cannot exceed the original limit on the value of Bonds of Life obtained through All Is Ash.",Talent Agony Alone May Be Repaid.png,https://genshin-impact.fandom.com/wiki/Agony_Alone_May_Be_Repaid,https://genshin-impact.fandom.com/wiki/File%3ATalent_Agony_Alone_May_Be_Repaid.png,https://static.wikia.nocookie.net/gensin-impact/images/a/af/Talent_Agony_Alone_May_Be_Repaid.png/revision/latest?cb=20240424015921,4c683ec6180b590e3034c0d3541cc7a93c083abd
1087_T04.png,skipped_existing,unknown,1087,阿蕾奇诺,Arlecchino,passive,passive2,4th Ascension Passive,突破天赋2,Strength Alone Can Defend,唯力量可守护,,,基于阿蕾奇诺的攻击力超过1000的部分，每100点攻击力都将使阿蕾奇诺获得1%所有元素抗性与物理抗性。通过这种方式，阿蕾奇诺的所有元素抗性与物理抗性至多提升20%。,"Arlecchino gains 1% All Elemental and Physical RES for every 100 ATK she has in excess of 1,000. The maximum RES increase she can gain this way for each is 20%.",Talent Strength Alone Can Defend.png,https://genshin-impact.fandom.com/wiki/Strength_Alone_Can_Defend,https://genshin-impact.fandom.com/wiki/File%3ATalent_Strength_Alone_Can_Defend.png,https://static.wikia.nocookie.net/gensin-impact/images/b/b1/Talent_Strength_Alone_Can_Defend.png/revision/latest?cb=20240424015926,b2488c8bb8bc4b58c15bcd45c607923603132113
1087_T05.png,skipped_existing,unknown,1087,阿蕾奇诺,Arlecchino,passive,passive3,Utility Passive,探索天赋,The Balemoon Alone May Know,唯厄月可知晓,,,在战斗状态下，阿蕾奇诺获得40%火元素伤害加成，并且仅能通过厄月将升恢复生命值。,"While in combat, Arlecchino gains a 40% Pyro DMG Bonus and can only be healed through Balemoon Rising.",Talent The Balemoon Alone May Know.png,https://genshin-impact.fandom.com/wiki/The_Balemoon_Alone_May_Know,https://genshin-impact.fandom.com/wiki/File%3ATalent_The_Balemoon_Alone_May_Know.png,https://static.wikia.nocookie.net/gensin-impact/images/1/19/Talent_The_Balemoon_Alone_May_Know.png/revision/latest?cb=20240424015919,6f1f97a072c3391f3313648324ed6f427dfd49d7
1088_T01.png,skipped_existing,unknown,1088,赛索斯,Sethos,skill,combat2,Elemental Skill,元素战技,Ancient Rite: The Thundering Sands,古仪·鸣砂掣雷,,,凝集轰雷，造成雷元素范围伤害并快速后退。如果此次攻击对敌人触发了感电、月感电、超导、星超导、超载、原激化、超激化、超绽放或雷元素扩散反应，赛索斯将恢复一定的元素能量。,"Gathers the might of thunder, dealing AoE Electro DMG and quickly retreating. If this attack triggers Electro-Charged, Lunar-Charged, Superconduct, Stellar-Conduct, Overloaded, Quicken, Aggravate, Hyperbloom, or Electro Swirl reactions, Sethos recovers a certain amount of Elemental Energy.",Talent Ancient Rite The Thundering Sands.png,https://genshin-impact.fandom.com/wiki/Ancient_Rite_The_Thundering_Sands,https://genshin-impact.fandom.com/wiki/File%3ATalent_Ancient_Rite_The_Thundering_Sands.png,https://static.wikia.nocookie.net/gensin-impact/images/1/14/Talent_Ancient_Rite_The_Thundering_Sands.png/revision/latest?cb=20240605020452,0aa1da9344ff2ba38292b202107c047b3dee4c61
1088_T02.png,downloaded,unknown,1088,赛索斯,Sethos,burst,combat3,Elemental Burst,元素爆发,Secret Rite: Twilight Shadowpiercer,秘仪·瞑光贯影,,,"施展秘仪，进入「寂想瞑影」状态，在此期间，赛索斯的普通攻击将转为发射能穿透敌人的瞑弦矢：对路径上的敌人造成雷元素伤害，并基于赛索斯的元素精通，提升其造成的伤害。
持续期间，赛索斯无法进行瞄准射击。
瞑弦矢造成的伤害视为重击伤害。
效果将在赛索斯退场时解除。","Perform a secret rite, entering the ""Twilight Meditation"" state, during which Sethos's Normal Attacks will be converted into enemy-piercing Dusk Bolts: Deal Electro DMG to opponents in its path, with DMG increased based on Sethos's Elemental Mastery.
Sethos cannot perform Aimed Shots while in this state.
DMG dealt by Dusk Bolts is considered Charged Attack DMG.
This effect will be canceled when Sethos leaves the field.",Talent Secret Rite Twilight Shadowpiercer.png,https://genshin-impact.fandom.com/wiki/Secret_Rite_Twilight_Shadowpiercer,https://genshin-impact.fandom.com/wiki/File%3ATalent_Secret_Rite_Twilight_Shadowpiercer.png,https://static.wikia.nocookie.net/gensin-impact/images/3/33/Talent_Secret_Rite_Twilight_Shadowpiercer.png/revision/latest?cb=20240605020456,08298ab8597d439c8b9a6ca96b6b4da90e5e2f25
1088_T03.png,downloaded,unknown,1088,赛索斯,Sethos,passive,passive1,1st Ascension Passive,突破天赋1,Black Kite's Enigma,黑鸢的密喻,,,瞄准射击时，赛索斯每1点当前元素能量都将使蓄力时间减少0.285秒，通过这种方式，至多使蓄力时间降低至0.3秒并计入20点元素能量；发射时，若发射的是贯影箭，将消耗计入的元素能量；如果发射的是一段蓄力的箭矢，则消耗计入元素能量的50%。,"When Aiming, the charging time is decreased by 0.285s based on each point of Sethos's current Elemental Energy. Charging time can be reduced to a minimum of 0.3s through this method and a maximum of 20 Energy can be tallied. If a Shadowpiercing Shot is fired, consume the tallied amount of Elemental Energy; if it is a Charge Level 1 shot, then consume 50% of the tallied amount of Elemental Energy.",Talent Black Kite's Enigma.png,https://genshin-impact.fandom.com/wiki/Black_Kite%27s_Enigma,https://genshin-impact.fandom.com/wiki/File%3ATalent_Black_Kite%27s_Enigma.png,https://static.wikia.nocookie.net/gensin-impact/images/1/1c/Talent_Black_Kite%27s_Enigma.png/revision/latest?cb=20240605020454,80a6274eba54369f5444e7f98782761b27e9bac2
1088_T04.png,skipped_existing,unknown,1088,赛索斯,Sethos,passive,passive2,4th Ascension Passive,突破天赋2,The Sand King's Boon,砂王的赐礼,,,"赛索斯获得「热砂炫影」效果，使贯影箭造成的伤害值提升，提升值相当于赛索斯的元素精通的700%。
热砂炫影期间满足以下任意条件时效果将被移除：
·贯影箭首次命中敌人5秒后；
·4枚贯影箭命中敌人后。

热砂炫影效果下的贯影箭首次命中敌人15秒后将重新获得热砂炫影效果。","Sethos gains the ""Scorching Sandshade"" effect, increasing the DMG dealt by Shadowpiercing Shots by 700% of Sethos's Elemental Mastery.
The Scorching Sandshade effect will be canceled when any of the following conditions are met:
· 5s after a Shadowpiercing Shot first hits an opponent.
· After 4 Shadowpiercing Shots strike opponents.

When a Shadowpiercing Shot affected by Scorching Sandshade first hits an opponent, Sethos will regain Scorching Sandshade after 15s.",Talent The Sand King's Boon.png,https://genshin-impact.fandom.com/wiki/The_Sand_King%27s_Boon,https://genshin-impact.fandom.com/wiki/File%3ATalent_The_Sand_King%27s_Boon.png,https://static.wikia.nocookie.net/gensin-impact/images/7/76/Talent_The_Sand_King%27s_Boon.png/revision/latest?cb=20240605020451,cff5ea36ac85fcc9ca9d4bdeae15dcde5bde8266
1088_T05.png,skipped_existing,unknown,1088,赛索斯,Sethos,passive,passive3,Utility Passive,探索天赋,Thoth's Revelation,猿月的显迹,,,在小地图上显示周围的须弥区域特产的位置。,Displays the location of nearby resources unique to Sumeru on the mini-map.,Talent Thoth's Revelation.png,https://genshin-impact.fandom.com/wiki/Thoth%27s_Revelation,https://genshin-impact.fandom.com/wiki/File%3ATalent_Thoth%27s_Revelation.png,https://static.wikia.nocookie.net/gensin-impact/images/3/3d/Talent_Thoth%27s_Revelation.png/revision/latest?cb=20240605023048,b7a95dc3751ca3a54c963730214d86401da5c267
1089_T01.png,downloaded,unknown,1089,克洛琳德,Clorinde,skill,combat2,Elemental Skill,元素战技,Hunter's Vigil,狩夜之巡,,,"预装铳枪，进入剑枪结合作战的「夜巡」状态。在此状态下，克洛琳德的普通攻击将转为进行铳枪射击「驰猎」，造成的伤害将转为无法被附魔覆盖的雷元素伤害，并且无法进行重击；施放元素战技将转为进行「贯夜」：进行突进剑击，造成雷元素伤害。上述方式造成的伤害视为普通攻击造成的伤害。

驰猎
·生命之契大于或等于生命值上限的100%时：进行铳枪射击；
·生命之契小于生命值上限的100%时：发射铳枪时基于克洛琳德的生命值上限赋予她一定的生命之契，打出能穿透敌人的弹药，对路径上的敌人造成更高的伤害。

贯夜
根据克洛琳德当前生命之契的百分比，决定此次贯夜的效果：
·生命之契为0%时，将进行突进剑击；
·生命之契小于生命值上限的100%时，将为克洛琳德恢复生命值，回复量基于她的生命之契数值，并提升此次贯夜的范围与造成的伤害；
·生命之契大于或等于生命值上限的100%时，将进行贯夜·契令，为克洛琳德恢复更高比例的生命值，并进一步提升此次贯夜的攻击范围与造成的伤害。

此外，克洛琳德处于夜巡状态下时，贯夜以外的治疗效果将不会生效，并转为为她赋予相当于生命值回复量一定比例的生命之契。

「夜巡」状态将在克洛琳德退场时解除。

始基力：荒性
每隔一段时间，克洛琳德的驰猎命中时，将在命中的位置降下流涌之刃，造成具有荒性的雷元素伤害。","Preparing her pistolet, she enters the ""Night Vigil"" state, using steel and shot together. In this state, Clorinde's Normal Attacks will be transformed into ""Swift Hunt"" pistolet attacks, and the DMG dealt is converted into Electro DMG that cannot be overridden by infusions, and she will be unable to use Charged Attacks. Using her Elemental Skill will transform it into ""Impale the Night"": Perform a lunging attack, dealing Electro DMG. The DMG done through the aforementioned method is considered Normal Attack DMG.

Swift Hunt
· When her Bond of Life is equal to or greater than 100% of her max HP: Performs a pistolet shot.
· When her Bond of Life is less than 100%, firing her pistolet will grant her Bond of Life, with the amount gained based on her max HP. The shots she fires can pierce opponents, and DMG dealt to opponents in their path is increased.

Impale the Night
The current percentage value of Clorinde's Bond of Life determines its effect:
· When the Bond of Life value is 0%, perform a normal lunging strike;
· When the Bond of Life value is less than 100% of her max HP, Clorinde is healed based on the Bond of Life value, and the AoE of the lunging attack and the DMG dealt is increased;
· When the value of the Bond of Life is equal to or greater than 100% of her max HP, use Impale the Night: Pact. The healing multiplier is increased, and the AoE and DMG dealt by the lunge is increased even further.

In addition, when Clorinde is in the Night Vigil state, healing effects other than Impale the Night will not take effect and will instead be converted into a Bond of Life that is a percentage of the healing that would have been received.

Clorinde will exit the ""Night Vigil"" state when she leaves the field.

Arkhe: Ousia
Periodically, when Clorinde's Swift Hunt shots strike opponents, she will summon a Surging Blade at the position hit that deals Ousia-aligned Electro DMG.",Talent Hunter's Vigil.png,https://genshin-impact.fandom.com/wiki/Hunter%27s_Vigil,https://genshin-impact.fandom.com/wiki/File%3ATalent_Hunter%27s_Vigil.png,https://static.wikia.nocookie.net/gensin-impact/images/a/a6/Talent_Hunter%27s_Vigil.png/revision/latest?cb=20240605020407,3aaee8cee83730150b26b95366023657f6e2cfe0
1089_T02.png,downloaded,unknown,1089,克洛琳德,Clorinde,burst,combat3,Elemental Burst,元素爆发,Last Lightfall,残光将终,,,基于生命值上限为自己赋予生命之契，随后以剑枪齐奏的技艺闪身截击，造成雷元素范围伤害。,"Grants herself a Bond of Life based upon her own max HP before swiftly evading and striking with saber and sidearm as one, dealing AoE Electro DMG.",Talent Last Lightfall.png,https://genshin-impact.fandom.com/wiki/Last_Lightfall,https://genshin-impact.fandom.com/wiki/File%3ATalent_Last_Lightfall.png,https://static.wikia.nocookie.net/gensin-impact/images/1/13/Talent_Last_Lightfall.png/revision/latest?cb=20240605020409,c2d1ae14dc410ef79d06748609850c4698ccb973
1089_T03.png,downloaded,unknown,1089,克洛琳德,Clorinde,passive,passive1,1st Ascension Passive,突破天赋1,Dark-Shattering Flame,破夜的明焰,,,队伍中附近的角色对敌人触发雷元素相关反应后，将基于克洛琳德攻击力的20%，提升克洛琳德的普通攻击与残光将终造成的雷元素伤害。此效果持续15秒，至多叠加3层，每层独立计时。通过这种方式至多使克洛琳德的上述攻击造成的伤害提升1800。,"After a nearby party member triggers an Electro-related reaction against an opponent, Electro DMG dealt by Clorinde's Normal Attacks and Last Lightfall will be increased by 20% of Clorinde's ATK for 15s. Max 3 stacks. Each stack is counted independently. The Maximum DMG increase achievable this way for the above attacks is 1,800.",Talent Dark-Shattering Flame.png,https://genshin-impact.fandom.com/wiki/Dark-Shattering_Flame,https://genshin-impact.fandom.com/wiki/File%3ATalent_Dark-Shattering_Flame.png,https://static.wikia.nocookie.net/gensin-impact/images/a/a8/Talent_Dark-Shattering_Flame.png/revision/latest?cb=20240605020405,729b329adb91e7e934feb4e252994d04cdfeb291
1089_T04.png,skipped_existing,unknown,1089,克洛琳德,Clorinde,passive,passive2,4th Ascension Passive,突破天赋2,Lawful Remuneration,契令的酬偿,,,"如果克洛琳德的生命之契大于或等于生命值上限的100%，生命之契的数值提升或降低时，克洛琳德的暴击率提升10%，此效果持续15秒，至多叠加2层，每层独立计时。
此外，狩夜之巡的夜巡状态获得强化：持续期间，治疗回复量转化为生命之契的比例提升至100%。","If Clorinde's Bond of Life is equal to or greater than 100% of her Max HP, her CRIT Rate will increase by 10% for 15s whenever her Bond of Life value increases or decreases. Max 2 stacks. Each stack is counted independently.
Additionally, Hunter's Vigil's Night Vigil state is buffed: While it is active, the percent of healing converted to Bond of Life increases to 100%.",Talent Lawful Remuneration.png,https://genshin-impact.fandom.com/wiki/Lawful_Remuneration,https://genshin-impact.fandom.com/wiki/File%3ATalent_Lawful_Remuneration.png,https://static.wikia.nocookie.net/gensin-impact/images/4/40/Talent_Lawful_Remuneration.png/revision/latest?cb=20240605020410,74550a45742e6402219453ae35a47cbaa530069a
1089_T05.png,skipped_existing,unknown,1089,克洛琳德,Clorinde,passive,passive3,Utility Passive,探索天赋,Night Vigil's Harvest,夜巡之获,,,在小地图上显示周围的枫丹区域特产的位置。,Displays the location of nearby resources unique to Fontaine on the mini-map.,Talent Night Vigil's Harvest.png,https://genshin-impact.fandom.com/wiki/Night_Vigil%27s_Harvest,https://genshin-impact.fandom.com/wiki/File%3ATalent_Night_Vigil%27s_Harvest.png,https://static.wikia.nocookie.net/gensin-impact/images/6/6d/Talent_Night_Vigil%27s_Harvest.png/revision/latest?cb=20240605023001,36c5a00a589b8237c5f0aaa39c771851ab717ca9
1090_T01.png,downloaded,unknown,1090,希格雯,Sigewinne,skill,combat2,Elemental Skill,元素战技,Rebound Hydrotherapy,弹跳水疗法,,,"使用梅洛彼得堡特制的泡泡枪，吹出既可以刺激血液循环、也可以让病人安心入睡的激愈水球。
激愈水球将在附近的敌人间弹跳，命中敌人时基于希格雯的生命值上限，造成水元素伤害；弹跳时，为队伍中附近除希格雯自己外的所有角色恢复生命值，回复量受益于希格雯自己的生命值上限。
进行5次弹跳后，激愈水球将消失，并基于希格雯的生命值上限为她恢复生命值。
没有敌人时，激愈水球将在附近进行弹跳。至多同时存在一个希格雯自己创造的激愈水球。
长按时，能蓄力施放激愈水球。

长按
进行瞄准蓄力，吹出更大更厉害的激愈水球！
激愈水球将随长按时间变大，至多变大二级，每级将使造成的伤害提升5%，回复量提升5%；弹跳后将变小一个等级，直到恢复为正常的激愈水球。
较弱的敌人被较大的激愈水球命中后会被禁锢，无法行动。

此外，施放时将在希格雯附近产生2枚源水之滴。每拾取一枚源水之滴，都会为希格雯自己赋予生命值上限10%的生命之契。
希格雯的生命之契被清除时，每清除2000点生命之契将为她恢复1点元素能量，至多通过这种方式为希格雯自己恢复5点元素能量。

始基力：荒性
每隔一段时间，激愈水球将在命中的位置降下流涌之刃，基于希格雯的生命值上限，造成具有荒性的水元素伤害。","Blows a Bolstering Bubblebalm that can stimulate blood flow and help patients drift off to sleep using a bubblegun specially made in the Fortress of Meropide.
Bolstering Bubblebalms will bounce between nearby opponents, dealing Hydro DMG based on Sigewinne's max HP to opponents it hits. When it bounces, it will restore HP to all nearby party members except Sigewinne herself. The amount healed is based on Sigewinne's max HP.
After bouncing 5 times, the Bolstering Bubblebalm will disappear and restore HP to Sigewinne based on her max HP value.
When no opponents are present, the Bolstering Bubblebalm will bounce nearby. Only one Bolstering Bubblebalm created by a Sigewinne may exist at once.
When Held, the Bolstering Bubblebalm can be boosted to an even bigger size.

Hold
Enter Aiming Mode to begin blowing an even bigger, even more breathtaking Bolstering Bubblebalm!
The Bolstering Bubblebalm will grow bigger the longer the skill is Held, until it grows up to two tiers in size. Each tier it grows increases its DMG by 5% and healing by 5%. When a Bolstering Bubblebalm bounces, it will drop down a tier in size, until it returns to being a normal Bolstering Bubblebalm.
After weaker opponents are hit by big Bolstering Bubblebalms, they will be imprisoned and will be unable to move.

In addition, 2 Sourcewater Droplets will be created near Sigewinne when she uses this Skill. Each Sourcewater Droplet Sigewinne collects will grant her a Bond of Life worth 10% of her Max HP.
When Sigewinne's Bond of Life is cleared, she regains 1 Elemental Energy for every 2,000 HP worth of the Bond of Life that was cleared. Sigewinne can regain up to 5 Elemental Energy in this way.

Arkhe: Ousia
Bolstering Bubblebalms periodically call down a Surging Blade on the position they hit, dealing Ousia-aligned Hydro DMG based on Sigewinne's max HP.",Talent Rebound Hydrotherapy.png,https://genshin-impact.fandom.com/wiki/Rebound_Hydrotherapy,https://genshin-impact.fandom.com/wiki/File%3ATalent_Rebound_Hydrotherapy.png,https://static.wikia.nocookie.net/gensin-impact/images/a/a4/Talent_Rebound_Hydrotherapy.png/revision/latest?cb=20240625125142,ac8442b17ed7ccf0d86cb7c972231cd95e72e0a6
1090_T02.png,downloaded,unknown,1090,希格雯,Sigewinne,burst,combat3,Elemental Burst,元素爆发,Super Saturated Syringing,过饱和心意注射,,,"取出梅洛彼得堡特制的注射器，以满满的心意与药剂冲击前方区域，基于希格雯的生命值上限，持续造成水元素范围伤害。
此外，施放时，希格雯将吸收附近一定范围内至多2枚源水之滴。","Takes out a special Fortress of Meropide-made syringe and assault the area in front with waves of kindness and medicine, dealing AoE Hydro DMG based on Sigewinne's max HP.
In addition, Sigewinne absorbs up to 2 nearby Sourcewater Droplets within a certain range when she uses this skill.",Talent Super Saturated Syringing.png,https://genshin-impact.fandom.com/wiki/Super_Saturated_Syringing,https://genshin-impact.fandom.com/wiki/File%3ATalent_Super_Saturated_Syringing.png,https://static.wikia.nocookie.net/gensin-impact/images/6/67/Talent_Super_Saturated_Syringing.png/revision/latest?cb=20240625125131,bfeed70a656e64b939abb52d4a50551b8e35284a
1090_T03.png,downloaded,unknown,1090,希格雯,Sigewinne,passive,passive1,1st Ascension Passive,突破天赋1,Requires Appropriate Rest,应有适当的休憩,,,施放弹跳水疗法时，希格雯将为自己施加持续18秒的「半强制静养」效果：持续期间，希格雯获得8%水元素伤害加成与10层静养计数，除希格雯外附近队伍中处于后台的角色的元素战技造成伤害时，将消耗1层静养计数，提升此次元素战技造成的伤害值：希格雯的生命值上限超过30000的部分，每1000点生命值上限将提升80点伤害，通过这种方式，至多使本次元素战技造成的伤害提升2800点。,"Sigewinne grants herself the ""Semi-Strict Bedrest"" effect for 18s after using Rebound Hydrotherapy: Sigewinne gains an 8% Hydro DMG Bonus and 10 stacks of Convalescence. When the Elemental Skills of your nearby off-field party members other than Sigewinne deal DMG, consume 1 stack of Convalescence, and increase the DMG dealt by this instance of Elemental Skill DMG. Every 1,000 Max HP Sigewinne has above 30,000 increases the DMG by 80. The maximum DMG increase for Elemental Skills that can be gained in this way is 2,800.",Talent Requires Appropriate Rest.png,https://genshin-impact.fandom.com/wiki/Requires_Appropriate_Rest,https://genshin-impact.fandom.com/wiki/File%3ATalent_Requires_Appropriate_Rest.png,https://static.wikia.nocookie.net/gensin-impact/images/2/2f/Talent_Requires_Appropriate_Rest.png/revision/latest?cb=20240625125138,ebd05f540e6dd44dc4763a851c5b2092f3291f17
1090_T04.png,downloaded,unknown,1090,希格雯,Sigewinne,passive,passive2,4th Ascension Passive,突破天赋2,"Detailed Diagnosis, Thorough Treatment",细致入微的诊疗,,,希格雯进行治疗时，将基于队伍中所有角色当前生命之契的总和，提升本次治疗量：每1000点生命之契都将提升3%治疗量，至多通过这种方式提升30%治疗量。,"When Sigewinne performs healing, the amount healed for this instance is increased based on the total current value of the Bonds of Life on all party members: For each 1,000 HP worth of Bonds of Life, the outgoing healing is increased by 3%. The amount of healing provided can be increased by up to 30% in this way.","Talent Detailed Diagnosis, Thorough Treatment.png",https://genshin-impact.fandom.com/wiki/Detailed_Diagnosis%2C_Thorough_Treatment,https://genshin-impact.fandom.com/wiki/File%3ATalent_Detailed_Diagnosis%2C_Thorough_Treatment.png,https://static.wikia.nocookie.net/gensin-impact/images/8/88/Talent_Detailed_Diagnosis%2C_Thorough_Treatment.png/revision/latest?cb=20240625125132,e877e6b3032be4f985a72fa59b2d2b467048ab77
1090_T05.png,downloaded,unknown,1090,希格雯,Sigewinne,passive,passive3,Utility Passive,探索天赋,Emergency Dose,急性剂量,,,在水下时，当前场上自己的角色的生命值降低至50%以下时，将在2.5秒内为其持续恢复生命值，总回复量相当于其生命值上限的50%，并在10秒内使该角色的所有元素抗性和物理抗性下降10%。该效果每20秒最多触发一次。,"While underwater, heals your active character over 2.5s when their HP falls under 50%. The amount healed is equal to 50% of their Max HP, and their All Elemental and Physical RES will be decreased by 10% for 10s. This effect can be triggered up to once every 20s.",Talent Emergency Dose.png,https://genshin-impact.fandom.com/wiki/Emergency_Dose,https://genshin-impact.fandom.com/wiki/File%3ATalent_Emergency_Dose.png,https://static.wikia.nocookie.net/gensin-impact/images/f/fc/Talent_Emergency_Dose.png/revision/latest?cb=20240625125134,fea6270b6979fde0a329162f893a5ceb323957ad
1091_T01.png,downloaded,unknown,1091,艾梅莉埃,Emilie,skill,combat2,Elemental Skill,元素战技,Fragrance Extraction,撷萃调香,,,"创造柔灯之匣，造成草元素范围伤害。

柔灯之匣
·间歇性对附近的敌人发射「纯露芳息」，造成草元素伤害；
·附近的敌人处于燃烧状态下时，将间歇性产生「香韵」，每2秒至多通过这种方式产生一枚香韵。柔灯之匣会萃集附近的香韵，萃集两枚香韵后，其品阶将会提升，发射纯露芳息时，将额外发射一枚纯露芳息，且提高上述攻击的攻击范围与造成的伤害。
·同时至多存在一个艾梅莉埃自己创造的柔灯之匣。柔灯之匣创造时的初始品阶为一阶，至多提升至二阶。处于场上时，若8秒内未萃集香韵，则柔灯之匣的品阶将会回到一阶。

始基力：芒性
每隔一段时间，艾梅莉埃通过这种方式创造柔灯之匣后，将在前方降下穿透敌人的灵息之刺，造成具有芒性的草元素伤害。","Creates a Lumidouce Case that deals AoE Dendro DMG.

Lumidouce Case
·Fires Puffs of Puredew at nearby opponents at intervals, dealing Dendro DMG.
·When nearby opponents are affected by Burning, they will give off Scents at intervals, and 1 Scent can be created this way every 2s. The Lumidouce Case collects nearby Scents. The Lumidouce Case will level up after gathering 2 of them, after which it will fire 1 extra Puff of Puredew when firing, while the DMG dealt by and DMG AoE of the above attack will also be increased.
·1 Lumidouce Case created by Emilie herself can exist at any one time. The Case starts at Level 1 and can go up to Level 2. If the Case does not collect any Scents for 8s while it is on the field, it will go back to Level 1.

Arkhe: Pneuma
At intervals, after Emilie creates a Lumidouce Case this way, a Spiritbreath Thorn will descend in front of her and pierce her opponent, dealing Pneuma-aligned Dendro DMG.",Talent Fragrance Extraction.png,https://genshin-impact.fandom.com/wiki/Fragrance_Extraction,https://genshin-impact.fandom.com/wiki/File%3ATalent_Fragrance_Extraction.png,https://static.wikia.nocookie.net/gensin-impact/images/1/18/Talent_Fragrance_Extraction.png/revision/latest?cb=20240806095913,bfe217132b7153f66f34a477ee43b510874f7387
1091_T02.png,downloaded,unknown,1091,艾梅莉埃,Emilie,burst,combat3,Elemental Burst,元素爆发,Aromatic Explication,香氛演绎,,,"引导匣中萃集的香氛，将其化作纯粹的草元素之力，创造柔灯之匣·三阶，并收存已有的柔灯之匣。
存在期间内，柔灯之匣·三阶不会萃集附近的香韵，而是会持续降下香露，攻击范围内的敌人，造成草元素伤害。持续期间，每0.3秒将会降下一枚香露，且每名敌人每0.7秒只能被选为一次目标。
持续时间结束时，将重新创造柔灯之匣·一阶；若施放香氛演绎时收存了柔灯之匣，则改为放置已收存的柔灯之匣，并重置其持续时间。
香氛演绎持续期间，元素战技「撷萃调香」不会生成柔灯之匣。","Guiding the fragrances collected within the Case, Emilie converts them into pure Dendro energy, creating a Level 3 Lumidouce Case and stowing existing Cases away.
While it exists, the Level 3 Lumidouce Case will not gather nearby Scents, but it will continuously cause Scented Dew to descend, attacking opponents within range and dealing Dendro DMG. During this time, 1 drop of Scented Dew will descend every 0.3 seconds, and 1 opponent can become the target every 0.7 seconds.
When the duration ends, a Level 1 Lumidouce Case will be recreated. If a Lumidouce Case was stowed away when using Aromatic Explication, then the Case that was stowed away will be deployed instead, and its duration will be reset.
While Aromatic Explication is active, the Elemental Skill ""Fragrance Extraction"" will not create a Lumidouce Case.",Talent Aromatic Explication.png,https://genshin-impact.fandom.com/wiki/Aromatic_Explication,https://genshin-impact.fandom.com/wiki/File%3ATalent_Aromatic_Explication.png,https://static.wikia.nocookie.net/gensin-impact/images/9/96/Talent_Aromatic_Explication.png/revision/latest?cb=20240806095911,8863f220641cd68309bdded5f37431b354d84dd5
1091_T03.png,downloaded,unknown,1091,艾梅莉埃,Emilie,passive,passive1,1st Ascension Passive,突破天赋1,Lingering Fragrance,余薰,,,每萃集两枚香韵，柔灯之匣·二阶将消耗香韵，并浸析出「清露香氛」，对敌人造成相当于艾梅莉埃攻击力600%的草元素范围伤害。该伤害不被视为元素战技伤害。,"Each time it collects 2 Scents, the Level 2 Lumidouce Case will consume Scents and release Cleardew Cologne that deals AoE Dendro DMG equal to 600% of Emilie's ATK to opponents. This DMG is not considered Elemental Skill DMG.",Talent Lingering Fragrance.png,https://genshin-impact.fandom.com/wiki/Lingering_Fragrance,https://genshin-impact.fandom.com/wiki/File%3ATalent_Lingering_Fragrance.png,https://static.wikia.nocookie.net/gensin-impact/images/5/5a/Talent_Lingering_Fragrance.png/revision/latest?cb=20240806095918,1c2d8047e68bee2934acfc3836e9a8650e2484fb
1091_T04.png,downloaded,unknown,1091,艾梅莉埃,Emilie,passive,passive2,4th Ascension Passive,突破天赋2,Rectification,精馏,,,基于艾梅莉埃的攻击力，提升艾梅莉埃对处于燃烧状态下的敌人造成的伤害：每1000点攻击力都将提升15%伤害，至多通过这种方式提升36%伤害。,"Emilie deals increased DMG to Burning opponents based on her ATK, with every 1,000 ATK increasing DMG dealt by 15%. The maximum DMG bonus that can be gained this way is 36%.",Talent Rectification.png,https://genshin-impact.fandom.com/wiki/Rectification,https://genshin-impact.fandom.com/wiki/File%3ATalent_Rectification.png,https://static.wikia.nocookie.net/gensin-impact/images/9/99/Talent_Rectification.png/revision/latest?cb=20240806095909,382c3521f28500c0d35826f38d92dd33a09696a3
1091_T05.png,downloaded,unknown,1091,艾梅莉埃,Emilie,passive,passive3,Utility Passive,探索天赋,Headspace Capture,顶空集香,,,场上存在艾梅莉埃自己创造的柔灯之匣时，队伍中附近的所有角色对燃烧伤害的火元素抗性提升85%。,"When the Lumidouce Case created by Emilie is on the field, all party members gain 85% Pyro RES against Burning DMG.",Talent Headspace Capture.png,https://genshin-impact.fandom.com/wiki/Headspace_Capture,https://genshin-impact.fandom.com/wiki/File%3ATalent_Headspace_Capture.png,https://static.wikia.nocookie.net/gensin-impact/images/d/da/Talent_Headspace_Capture.png/revision/latest?cb=20240806095915,69679ebff47749c5c0da7e519f28b4c55325feb1
1092_T01.png,skipped_existing,unknown,1092,基尼奇,Kinich,skill,combat2,Elemental Skill,元素战技,Canopy Hunter: Riding High,悬猎·游骋高狩,,,"以狩猎巨兽的心得，快速移动或对敌人发起攻击。
若身边存在敌人或能被攻击的物件，会将钩索链接在目标上，以0点夜魂值进入夜魂加持状态；否则，会向前方发射钩索进行空中摆荡，并使冷却时间缩短60%；
能够长按施放。长按时，能够瞄准以决定发射钩索的方向。

夜魂加持·基尼奇
基尼奇的夜魂加持状态持续10秒，每秒将产生2点夜魂值。
在夜魂加持状态下，基尼奇会以钩索链接身边的敌人，并据此改变攻击方式：
·进行普通攻击时依据当前移动的方向，以链接的目标为中心，进行环绕射击，造成具有夜魂性质的草元素伤害，并产生3点夜魂值。环绕射击造成的伤害视为元素战技伤害；
·夜魂值达到上限时，能够施放元素战技「迴猎贯鳞炮」：消耗所有夜魂值，造成具有夜魂性质的草元素伤害。长按施放迴猎贯鳞炮时，能够瞄准以决定攻击的目标。施放迴猎贯鳞炮后，基尼奇将会尝试链接迴猎贯鳞炮的目标。
在夜魂加持状态下，链接敌人或施放迴猎贯鳞炮后，将会在敌人身边产生死角区，基尼奇进入死角区会产生4点夜魂值，并移除死角区。
链接因超出距离等原因断开时，进行普通攻击会与身边的敌人重新建立链接并进行环绕射击。","Kinich uses his big-game hunting skills to either move swiftly or attack his opponent.
When there is an opponent or object that can be attacked nearby, he will attach a grappling hook to the target and enter Nightsoul's Blessing with 0 Nightsoul points. If neither is nearby, he fires a grappling hook forward and swings in mid-air, and this Skill's CD is decreased by 60%.
This skill can be Held to release. When it is Held, Kinich can aim the grappling hook.

Nightsoul's Blessing: Kinich
Kinich's Nightsoul's Blessing lasts 10s and generates 2 Nightsoul points every second.
In this state, Kinich will hook onto a nearby opponent and perform a variable attack:
·When using a Normal Attack, Kinich will fire Loop Shots as he loops around the grappled target based on his current movement direction, dealing Nightsoul-aligned Dendro DMG and generating 3 Nightsoul points. Loop Shot DMG is considered Elemental Skill DMG.
·When Nightsoul points are at max, he can use the Elemental Skill ""Scalespiker Cannon"": Consume all Nightsoul points to deal Nightsoul-aligned Dendro DMG. When ""Scalespiker Cannon"" is Held, Kinich can aim this shot. After firing the Cannon, Kinich will try to grapple to its target.
While in Nightsoul's Blessing, after grappling an opponent or firing ""Scalespiker Cannon,"" a Blind Spot will be generated next to the opponent. When Kinich enters this Blind Spot, it will disappear and he will generate 4 Nightsoul points.
If the grapple connection should snap due to exceeding the maximum distance or some other reason, using a Normal Attack will establish a new connection with a nearby opponent before performing Loop Shots.",Talent Canopy Hunter Riding High.png,https://genshin-impact.fandom.com/wiki/Canopy_Hunter_Riding_High,https://genshin-impact.fandom.com/wiki/File%3ATalent_Canopy_Hunter_Riding_High.png,https://static.wikia.nocookie.net/gensin-impact/images/2/21/Talent_Canopy_Hunter_Riding_High.png/revision/latest?cb=20240917100050,897433ac01ce658648ce4c6f5361d1a344ba1a9a
1092_T02.png,downloaded,unknown,1092,基尼奇,Kinich,burst,combat3,Elemental Burst,元素爆发,Hail to the Almighty Dragonlord,向伟大圣龙致意,,,"（有限度、有条件、有节制地，依照契约，部分、暂时）解放「圣龙阿乔」的力量，造成具有夜魂性质的草元素范围伤害。圣龙阿乔将在持续期间周期性释放龙息，造成具有夜魂性质的草元素范围伤害。
施放时，若基尼奇处于夜魂加持状态下，此次夜魂加持的持续时间延长1.7秒。","Unleashes the power of the Almighty Dragonlord, K'uhul Ajaw (on a limited, conditional, restricted, contractual, partial, temporary basis), dealing Nightsoul-aligned AoE Dendro DMG. Ajaw will unleash his Dragon Breath at intervals, dealing Nightsoul-aligned AoE Dendro DMG.
If Kinich is in Nightsoul's Blessing when this is used, this Blessing's duration is extended by 1.7s.",Talent Hail to the Almighty Dragonlord.png,https://genshin-impact.fandom.com/wiki/Hail_to_the_Almighty_Dragonlord,https://genshin-impact.fandom.com/wiki/File%3ATalent_Hail_to_the_Almighty_Dragonlord.png,https://static.wikia.nocookie.net/gensin-impact/images/4/48/Talent_Hail_to_the_Almighty_Dragonlord.png/revision/latest?cb=20240917100052,0afc726a6d75e982d40d1afb0dcd2106ec5c0332
1092_T03.png,downloaded,unknown,1092,基尼奇,Kinich,passive,passive1,1st Ascension Passive,突破天赋1,The Price of Desolation,噩地的代价,,,处于夜魂加持状态下时，基尼奇的元素战技命中的敌人，将陷入「噩地」状态，在受到燃烧反应或烈绽放反应伤害时，为基尼奇产生7点夜魂值，每0.8秒至多通过这种方式产生一次夜魂值。噩地状态持续直至基尼奇此次夜魂加持状态结束。,"When Kinich is in Nightsoul's Blessing state, opponents hit by his Elemental Skill will enter the Desolation state, and when affected by Burning or Burgeon reaction DMG, they will restore 7 Nightsoul points to him. Nightsoul points can be gained this way once every 0.8s. The Desolation state will persist until this instance of Kinich's Nightsoul's Blessing state ends.",Talent The Price of Desolation.png,https://genshin-impact.fandom.com/wiki/The_Price_of_Desolation,https://genshin-impact.fandom.com/wiki/File%3ATalent_The_Price_of_Desolation.png,https://static.wikia.nocookie.net/gensin-impact/images/1/16/Talent_The_Price_of_Desolation.png/revision/latest?cb=20240917100054,c90b92e0ee08a7955288d6c92e20adeebaf5d491
1092_T04.png,downloaded,unknown,1092,基尼奇,Kinich,passive,passive2,4th Ascension Passive,突破天赋2,Flame Spirit Pact,焰灵的契约,,,队伍中的附近的角色触发「夜魂迸发」后，将为基尼奇赋予一层「猎人心得」，持续15秒，至多叠加2层。基尼奇在施放悬猎·游骋高狩的迴猎贯鳞炮时，将消耗所有的「猎人心得」，并依据消耗的层数，每层使本次迴猎贯鳞炮造成的伤害基于基尼奇攻击力的320%提高。,"After a nearby party member triggers a Nightsoul Burst, Kinich will gain 1 stack of Hunter's Experience that lasts 15s. Max 2 stacks. When Kinich uses Canopy Hunter: Riding High's Scalespiker Cannon, all stacks of Hunter's Experience will be consumed, with each stack consumed increasing the DMG dealt by this Cannon shot by 320% of Kinich's ATK.",Talent Flame Spirit Pact.png,https://genshin-impact.fandom.com/wiki/Flame_Spirit_Pact,https://genshin-impact.fandom.com/wiki/File%3ATalent_Flame_Spirit_Pact.png,https://static.wikia.nocookie.net/gensin-impact/images/f/f4/Talent_Flame_Spirit_Pact.png/revision/latest?cb=20240917100051,b29fc058e6c112e8151e8329c5dd3d2f04928c79
1092_T05.png,skipped_existing,unknown,1092,基尼奇,Kinich,passive,passive4,Additional Passive,附加天赋,Swift Envoy,疾行的使令,,,在纳塔存在燃素机制的区域时，与部分采集物交互能够使队伍中自己的角色移动速度提高15%，持续10秒。此外，在小地图上显示周围的纳塔区域特产的位置。,"While in an area with Phlogiston Mechanics within Natlan, interacting with some harvestable items will increase your own party members' Movement SPD by 15% for 10s. Additionally, the location of nearby resources unique to Natlan will appear on your mini-map.",Talent Swift Envoy.png,https://genshin-impact.fandom.com/wiki/Swift_Envoy,https://genshin-impact.fandom.com/wiki/File%3ATalent_Swift_Envoy.png,https://static.wikia.nocookie.net/gensin-impact/images/2/23/Talent_Swift_Envoy.png/revision/latest?cb=20240917100053,f74974f2ba3eb1706b6f03d47dde1517d5650af6
1092_T06.png,downloaded,unknown,1092,基尼奇,Kinich,extra,,,,Repaid in Full,,,,,,Talent Repaid in Full.png,https://genshin-impact.fandom.com/wiki/Repaid_in_Full,https://genshin-impact.fandom.com/wiki/File%3ATalent_Repaid_in_Full.png,https://static.wikia.nocookie.net/gensin-impact/images/c/c7/Talent_Repaid_in_Full.png/revision/latest?cb=20240917100052,7ffd401eddbd157255f26a87051a6e177342a40b
1093_T01.png,downloaded,unknown,1093,玛拉妮,Mualani,skill,combat2,Elemental Skill,元素战技,Surfshark Wavebreaker,踏鲨破浪,,,"以驾驭速度与水潮的心得，随时随地进入冲浪的架势。
施放后，玛拉妮将获得60点夜魂值并进入夜魂加持状态。

夜魂加持·玛拉妮
持续消耗夜魂值。夜魂值耗尽时，或是再次施放时，玛拉妮的夜魂加持将会结束。夜魂加持状态具有如下特性：
·搭乘鲨鲨冲浪板，提升玛拉妮的移动速度与抗打断能力。玛拉妮在这种状态下能在水面与液态燃素上移动，并免疫液态燃素的伤害；
·进行普通攻击时，将转为进行鲨鲨撕咬，基于玛拉妮的生命值上限造成具有夜魂性质的水元素伤害。鲨鲨撕咬能够在空中进行，造成的伤害被视为普通攻击伤害；
·在这种状态下接触敌人时，玛拉妮对敌人施加猎物标记，并获得1层浪势充能，浪势充能至多叠加3层，每0.7秒至多通过同一个敌人获得1层。

浪势充能与猎物标记
进行鲨鲨撕咬时，玛拉妮将依据浪势充能的层数，提高造成的伤害，拥有3层浪势充能时，玛拉妮的鲨鲨撕咬将转为巨浪鲨鲨撕咬，造成的伤害进一步提升，并在命中敌人时清除浪势充能。
鲨鲨撕咬命中敌人时，将移除其猎物标记，并向附近至多5名处于猎物标记标记状态下的敌人发射鲨鲨飞弹，造成相当于此次鲨鲨撕咬的伤害，并清除这些敌人的猎物标记；此次鲨鲨撕咬与鲨鲨飞弹的目标敌人超过1名时，造成的伤害将会降低，至多在达到3名敌人时造成原本72%的伤害。","Combining her mastery of speed and the waves and water, Mualani can surf anytime, anywhere.
After using this skill, Mualani will gain 60 Nightsoul points and enter the Nightsoul's Blessing state.

Nightsoul's Blessing: Mualani
Continuously consume Nightsoul points. When they are depleted or when the skill is used again, Mualani's Nightsoul's Blessing will end. The state itself has the following traits:
·Mualani mounts her Sharky Surfboard, increasing Mualani's Movement SPD and interruption resistance. Mualani can move on water and liquid Phlogiston while this state is active, and she will take no DMG from the latter.
·Normal Attacks will be converted to Sharky's Bites, dealing Nightsoul-aligned Hydro DMG based on Mualani's Max HP. Sharky's Bites can be used in mid-air. DMG dealt this way is considered Normal Attack DMG.
·When she makes contact with opponents in this state, Mualani applies ""Marked as Prey"" to them and gains 1 Wave Momentum stack. Max 3 stacks. 1 stack can be gained from the same opponent every 0.7s.

Wave Momentum and Marked as Prey
When Mualani uses Sharky's Bite, her DMG dealt increases based on Wave Momentum stacks. When she has 3 stacks, Sharky's Bite will be converted to Sharky's Surging Bite, further increasing her DMG and removing all her stacks when hitting an opponent.
When Sharky's Bite hits an opponent Marked as Prey, that mark will be removed, and she will fire Shark Missiles at up to 5 nearby opponents Marked as Prey, dealing DMG to them equal to this Sharky's Bite instance and clearing their Marks. If more than 1 opponent is the target of Sharky's Bite and Shark Missiles, the DMG dealt will decrease, decreasing at most to 72% of the original DMG when 3 opponents are targeted.",Talent Surfshark Wavebreaker.png,https://genshin-impact.fandom.com/wiki/Surfshark_Wavebreaker,https://genshin-impact.fandom.com/wiki/File%3ATalent_Surfshark_Wavebreaker.png,https://static.wikia.nocookie.net/gensin-impact/images/4/47/Talent_Surfshark_Wavebreaker.png/revision/latest?cb=20240828020300,71cd8d6b3e4bd304f909767c02228a3c9b09bb51
1093_T02.png,downloaded,unknown,1093,玛拉妮,Mualani,burst,combat3,Elemental Burst,元素爆发,Boomsharka-laka,爆瀑飞弹,,,发射能追踪敌人的特大号鲨鲨导弹，基于玛拉妮的生命值上限造成具有夜魂性质的水元素范围伤害。,"Fires a Super Shark Missile that can track opponents, dealing Nightsoul-aligned AoE Hydro DMG based on Mualani's Max HP.",Talent Boomsharka-laka.png,https://genshin-impact.fandom.com/wiki/Boomsharka-laka,https://genshin-impact.fandom.com/wiki/File%3ATalent_Boomsharka-laka.png,https://static.wikia.nocookie.net/gensin-impact/images/4/48/Talent_Boomsharka-laka.png/revision/latest?cb=20240828020253,412013c5b9f3937a701bad93ce7bec651154e1fc
1093_T03.png,skipped_existing,unknown,1093,玛拉妮,Mualani,passive,passive1,1st Ascension Passive,突破天赋1,Heat-Resistant Freshwater Floater,耐热型淡水豚豚,,,巨浪鲨鲨撕咬命中敌人时，将在附近产生一个豚豚球。获得豚豚球时，玛拉妮自己将恢复20点夜魂值。一次夜魂加持期间，至多通过这种方式产生2个豚豚球。,"When Sharky's Surging Bite hits an opponent, a Puffer will be generated nearby. Mualani will restore 20 Nightsoul points when she picks up a Puffer. Only 2 such Puffers can be created in this way during a single instance of being in Nightsoul's Blessing.",Talent Heat-Resistant Freshwater Floater.png,https://genshin-impact.fandom.com/wiki/Heat-Resistant_Freshwater_Floater,https://genshin-impact.fandom.com/wiki/File%3ATalent_Heat-Resistant_Freshwater_Floater.png,https://static.wikia.nocookie.net/gensin-impact/images/2/2e/Talent_Heat-Resistant_Freshwater_Floater.png/revision/latest?cb=20240828020256,52edfcedbf8d50ce722fed3a9459266b287a24e8
1093_T04.png,skipped_existing,unknown,1093,玛拉妮,Mualani,passive,passive2,4th Ascension Passive,突破天赋2,Natlan's Greatest Guide,纳塔最好的向导,,,队伍中的附近的角色触发「夜魂迸发」后，玛拉妮将获得一层持续20秒、至多叠加3层的逐浪心得。施放爆瀑飞弹时，玛拉妮将清除所有逐浪心得，并基于清除的层数，基于生命值上限的15%/30%/45%提高本次爆瀑飞弹造成的伤害。,"After a nearby party member triggers a Nightsoul Burst, Mualani will gain 1 stack of Wavechaser's Exploits, which lasts for 20s. Max 3 stacks. When she uses Boomsharka-laka, Mualani will clear all Wavechaser's Exploits stacks and increase the DMG of this Boomsharka-laka by 15%/30%/45% of her Max HP based on the number of stacks cleared.",Talent Natlan's Greatest Guide.png,https://genshin-impact.fandom.com/wiki/Natlan%27s_Greatest_Guide,https://genshin-impact.fandom.com/wiki/File%3ATalent_Natlan%27s_Greatest_Guide.png,https://static.wikia.nocookie.net/gensin-impact/images/f/fd/Talent_Natlan%27s_Greatest_Guide.png/revision/latest?cb=20240828020258,54a53c0eb2539f37f5ff79f79523c0ac2ff6242b
1093_T05.png,downloaded,unknown,1093,玛拉妮,Mualani,passive,passive4,Additional Passive,附加天赋,The Trick Is to Keep Smiling!,要诀是保持笑容！,,,在纳塔存在燃素机制的区域时，与部分采集物交互能够恢复15点燃素。此外，在小地图上显示周围的纳塔区域特产的位置。,"While in an area with Phlogiston Mechanics within Natlan, 15 Phlogiston will be restored when interacting with some harvestable items. Additionally, the location of nearby resources unique to Natlan will appear on your mini-map.",Talent The Trick Is to Keep Smiling!.png,https://genshin-impact.fandom.com/wiki/The_Trick_Is_to_Keep_Smiling%21,https://genshin-impact.fandom.com/wiki/File%3ATalent_The_Trick_Is_to_Keep_Smiling%21.png,https://static.wikia.nocookie.net/gensin-impact/images/4/43/Talent_The_Trick_Is_to_Keep_Smiling%21.png/revision/latest?cb=20240828020251,85b0ad21c3e9a321daff78427fde93605b8a55ba
1093_T06.png,downloaded,unknown,1093,玛拉妮,Mualani,extra,,,,Crests and Troughs,,,,,,Talent Crests and Troughs.png,https://genshin-impact.fandom.com/wiki/Crests_and_Troughs,https://genshin-impact.fandom.com/wiki/File%3ATalent_Crests_and_Troughs.png,https://static.wikia.nocookie.net/gensin-impact/images/6/64/Talent_Crests_and_Troughs.png/revision/latest?cb=20240828020255,e2a2237b43401750c3ae4e6b513173f7d17d019a
1093_T07.png,downloaded,unknown,1093,玛拉妮,Mualani,extra,,,,Surfshark Wavebreaker 2,,,,,,Talent Surfshark Wavebreaker 2.png,https://genshin-impact.fandom.com/wiki/Surfshark_Wavebreaker_2,https://genshin-impact.fandom.com/wiki/File%3ATalent_Surfshark_Wavebreaker_2.png,https://static.wikia.nocookie.net/gensin-impact/images/4/49/Talent_Surfshark_Wavebreaker_2.png/revision/latest?cb=20241017013401,96b33623dbafd380f0dec17bc3dcf490fd17933d
1093_T08.png,downloaded,unknown,1093,玛拉妮,Mualani,extra,,,,Surfshark Wavebreaker 3,,,,,,Talent Surfshark Wavebreaker 3.png,https://genshin-impact.fandom.com/wiki/Surfshark_Wavebreaker_3,https://genshin-impact.fandom.com/wiki/File%3ATalent_Surfshark_Wavebreaker_3.png,https://static.wikia.nocookie.net/gensin-impact/images/d/d0/Talent_Surfshark_Wavebreaker_3.png/revision/latest?cb=20241017013403,e71a8ca328471336f5c27ae32f44c83b27729ca6
1093_T09.png,downloaded,unknown,1093,玛拉妮,Mualani,extra,,,,Surfshark Wavebreaker 4,,,,,,Talent Surfshark Wavebreaker 4.png,https://genshin-impact.fandom.com/wiki/Surfshark_Wavebreaker_4,https://genshin-impact.fandom.com/wiki/File%3ATalent_Surfshark_Wavebreaker_4.png,https://static.wikia.nocookie.net/gensin-impact/images/c/c3/Talent_Surfshark_Wavebreaker_4.png/revision/latest?cb=20241017013405,682d85da11d816e6371a3e6b6e091dd47009e53e
1094_T01.png,downloaded,unknown,1094,卡齐娜,Kachina,skill,combat2,Elemental Skill,元素战技,"Go, Go Turbo Twirly!",出击，冲天转转！,,,"和超可靠的冲天转转一同战斗！
召唤「冲天转转」；长按施放时，卡齐娜将召唤并搭乘冲天转转。
施放后，卡齐娜将获得60点夜魂值并进入夜魂加持状态。

夜魂加持·卡齐娜
冲天转转的各种行为将消耗夜魂值。
夜魂值耗尽时卡齐娜的夜魂加持将会结束。

冲天转转
能够独立存在，或是由卡齐娜搭乘操控。冲天转转存在时，卡齐娜的元素战技「出击，冲天转转！」将替换为搭乘或脱离冲天转转。
·冲天转转独立存在时，将间歇性冲击地面，基于卡齐娜的防御力，造成具有夜魂性质的岩元素范围伤害；
·卡齐娜搭乘冲天转转时，能操控冲天转转快速移动、攀爬，并在进行普通攻击时冲击地面，基于卡齐娜的防御力，造成具有夜魂性质的岩元素范围伤害。

冲天转转将在卡齐娜的夜魂加持结束时消失，被视为岩元素创造物；同时只能存在一个卡齐娜自己的冲天转转。","Fight alongside the turbo trusty Turbo Twirly!
Summons Turbo Twirly. When the skill is Held and released, Kachina will summon and ride Turbo Twirly.
After the Skill is used, Kachina will gain 60 Nightsoul points and enter the Nightsoul's Blessing state.

Nightsoul's Blessing: Kachina
Turbo Twirly's various actions consume Kachina's Nightsoul points.
The Nightsoul's Blessing state will end when these points have been depleted.

Turbo Twirly
Can exist independently or be ridden and operated by Kachina. When Turbo Twirly is present, Kachina's Elemental Skill, ""Go, Go Turbo Twirly!"", will change to an option to Mount/Dismount Turbo Twirly.
·When present independent of Kachina, it will slam the ground at intervals, dealing Nightsoul-aligned AoE Geo DMG based on Kachina's DEF.
·When Kachina is riding Turbo Twirly, she can control it to move and climb swiftly, and use Normal Attacks to slam the ground, dealing Nightsoul-aligned AoE Geo DMG based on Kachina's DEF.

Turbo Twirly will disappear once Kachina's Nightsoul's Blessing state ends, and it is considered a Geo Construct. Only 1 Turbo Twirly created by Kachina herself can exist on the field at any one time.","Talent Go, Go Turbo Twirly!.png",https://genshin-impact.fandom.com/wiki/Go%2C_Go_Turbo_Twirly%21,https://genshin-impact.fandom.com/wiki/File%3ATalent_Go%2C_Go_Turbo_Twirly%21.png,https://static.wikia.nocookie.net/gensin-impact/images/a/a0/Talent_Go%2C_Go_Turbo_Twirly%21.png/revision/latest?cb=20240828020201,078ae6487a1413787963bdf1d2d8561731966839
1094_T02.png,downloaded,unknown,1094,卡齐娜,Kachina,burst,combat3,Elemental Burst,元素爆发,Time to Get Serious!,现在，认真时间！,,,"冲击大地，基于卡齐娜的防御力造成岩元素范围伤害，并产生超级钻钻领域。
超级钻钻领域能提升冲天转转的攻击范围与搭乘冲天转转时的移动速度。

施放时，若场上存在卡齐娜自己的冲天转转，则将其召唤至身边。","Striking the ground, Kachina deals AoE Geo DMG based on her DEF and creates a Turbo Drill Field.
The Field increases Turbo Twirly's attack AoE and its Movement SPD when Kachina is riding it.

If Kachina's own Turbo Twirly is present when this is used, the Turbo Twirly will be summoned to her side.",Talent Time to Get Serious!.png,https://genshin-impact.fandom.com/wiki/Time_to_Get_Serious%21,https://genshin-impact.fandom.com/wiki/File%3ATalent_Time_to_Get_Serious%21.png,https://static.wikia.nocookie.net/gensin-impact/images/8/8d/Talent_Time_to_Get_Serious%21.png/revision/latest?cb=20240828020156,b9b3c40ae8053e992393bd59efe1663a4bf5f041
1094_T03.png,downloaded,unknown,1094,卡齐娜,Kachina,passive,passive1,1st Ascension Passive,突破天赋1,Mountain Echoes,山的回声,,,队伍中的附近的角色触发「夜魂迸发」后，卡齐娜的岩元素伤害加成提升20%，持续12秒。,"After nearby party members trigger a Nightsoul Burst, Kachina's Geo DMG Bonus increases by 20% for 12s.",Talent Mountain Echoes.png,https://genshin-impact.fandom.com/wiki/Mountain_Echoes,https://genshin-impact.fandom.com/wiki/File%3ATalent_Mountain_Echoes.png,https://static.wikia.nocookie.net/gensin-impact/images/a/aa/Talent_Mountain_Echoes.png/revision/latest?cb=20240828020204,87c062db1601e3fe6ba1ef4ab366ea45395e2b2b
1094_T04.png,downloaded,unknown,1094,卡齐娜,Kachina,passive,passive2,4th Ascension Passive,突破天赋2,The Weight of Stone,坚岩之重,,,冲天转转造成的伤害提升，提升值相当于卡齐娜的防御力的20%。,Turbo Twirly's DMG is increased by 20% of Kachina's DEF.,Talent The Weight of Stone.png,https://genshin-impact.fandom.com/wiki/The_Weight_of_Stone,https://genshin-impact.fandom.com/wiki/File%3ATalent_The_Weight_of_Stone.png,https://static.wikia.nocookie.net/gensin-impact/images/8/8f/Talent_The_Weight_of_Stone.png/revision/latest?cb=20240828020206,bb72fd7e57289703ac3a115aeae3d2885dae7bdb
1094_T05.png,downloaded,unknown,1094,卡齐娜,Kachina,passive,passive4,Additional Passive,附加天赋,Boon of Crystal Flame,晶焰之祝,,,在纳塔存在燃素机制的区域时，与部分采集物交互能恢复20点体力。此外，在小地图上显示周围的纳塔区域特产的位置。,"While in an area with Phlogiston Mechanics within Natlan, 20 Stamina will be restored when interacting with some harvestable items. Additionally, the location of nearby resources unique to Natlan will appear on your mini-map.",Talent Boon of Crystal Flame.png,https://genshin-impact.fandom.com/wiki/Boon_of_Crystal_Flame,https://genshin-impact.fandom.com/wiki/File%3ATalent_Boon_of_Crystal_Flame.png,https://static.wikia.nocookie.net/gensin-impact/images/4/47/Talent_Boon_of_Crystal_Flame.png/revision/latest?cb=20240828020159,ebc0e644eb4a86346b60db697ff87566feb39a05
1094_T06.png,downloaded,unknown,1094,卡齐娜,Kachina,extra,,,,"Go, Go Turbo Twirly! 2",,,,,,"Talent Go, Go Turbo Twirly! 2.png",https://genshin-impact.fandom.com/wiki/Go%2C_Go_Turbo_Twirly%21_2,https://genshin-impact.fandom.com/wiki/File%3ATalent_Go%2C_Go_Turbo_Twirly%21_2.png,https://static.wikia.nocookie.net/gensin-impact/images/7/7a/Talent_Go%2C_Go_Turbo_Twirly%21_2.png/revision/latest?cb=20260728015425,af12576d193f432a31cb12cc4a951369b314b4ec
1094_T07.png,downloaded,unknown,1094,卡齐娜,Kachina,extra,,,,"Go, Go Turbo Twirly! 3",,,,,,"Talent Go, Go Turbo Twirly! 3.png",https://genshin-impact.fandom.com/wiki/Go%2C_Go_Turbo_Twirly%21_3,https://genshin-impact.fandom.com/wiki/File%3ATalent_Go%2C_Go_Turbo_Twirly%21_3.png,https://static.wikia.nocookie.net/gensin-impact/images/0/08/Talent_Go%2C_Go_Turbo_Twirly%21_3.png/revision/latest?cb=20260728015427,615e1a3cfdc922c0d47fd62edcdfac9bc677beb0
1094_T08.png,downloaded,unknown,1094,卡齐娜,Kachina,extra,,,,"Go, Go Turbo Twirly! 4",,,,,,"Talent Go, Go Turbo Twirly! 4.png",https://genshin-impact.fandom.com/wiki/Go%2C_Go_Turbo_Twirly%21_4,https://genshin-impact.fandom.com/wiki/File%3ATalent_Go%2C_Go_Turbo_Twirly%21_4.png,https://static.wikia.nocookie.net/gensin-impact/images/c/c2/Talent_Go%2C_Go_Turbo_Twirly%21_4.png/revision/latest?cb=20260728015428,eb29e3649118ecf99c8103e66132795c9bb2ebd6
1094_T09.png,downloaded,unknown,1094,卡齐娜,Kachina,extra,,,,Heart of Unity,,,,,,Talent Heart of Unity.png,https://genshin-impact.fandom.com/wiki/Heart_of_Unity,https://genshin-impact.fandom.com/wiki/File%3ATalent_Heart_of_Unity.png,https://static.wikia.nocookie.net/gensin-impact/images/0/03/Talent_Heart_of_Unity.png/revision/latest?cb=20240828020202,6ff917228025a778c7e82e4427faf9d74d52b484
1095_T01.png,downloaded,unknown,1095,希诺宁,Xilonen,skill,combat2,Elemental Skill,元素战技,Yohual's Scratch,音火锻淬,,,"让热情的律动响彻大地！希诺宁切换至用于高速战斗的刃轮装束，并向前突进一段距离，基于希诺宁的防御力，造成具有夜魂性质的岩元素伤害。
施放后，希诺宁将获得45点夜魂值，进入夜魂加持状态，在这种状态下，希诺宁将切换至「刃轮巡猎」模式。

源音采样
希诺宁拥有三枚采样器，根据队伍中其他角色的元素类型，能够呈现出不同的「音型」，并在激活时降低附近的敌人的对应元素抗性；
三枚采样器初始记录的「源音采样」均为岩元素，队伍中每存在一名火元素、水元素、冰元素或雷元素角色，一枚岩元素采样便将转变为对应的元素类型；
处于夜魂加持状态下时，希诺宁携带的岩元素「源音采样」将始终保持激活状态；解锁突破天赋「四境四象回声」后，希诺宁可以通过触发突破天赋「四境四象回声」的效果为自己恢复夜魂值；在夜魂值达到上限时，希诺宁将会消耗全部夜魂值，激活希诺宁自己携带的三枚「源音采样」，持续15秒；
「源音采样」激活时，附近的敌人的对应元素抗性降低，同元素类型「源音采样」的效果不能叠加；希诺宁处于队伍后台时，同样能产生该效果。

夜魂加持·希诺宁
持续消耗夜魂值。夜魂值耗尽时，或是再次施放时，希诺宁的夜魂加持将会结束。夜魂加持状态具有如下特性：
·切换至「刃轮巡猎」模式，提升希诺宁的移动速度与攀爬速度，且攀爬时能够以豹猫形态进行高速腾跃；
·希诺宁的夜魂加持状态具有如下限制：处于夜魂加持状态下时，希诺宁的夜魂值有9秒的时间限制，超过时间限制后，希诺宁的夜魂值将立刻耗竭。

处于夜魂加持状态下时，夜魂值耗竭后，希诺宁将无法通过突破天赋「四境四象回声」产生夜魂值。","Let the rhythms of passion resound throughout the land! Xilonen switches to high-speed combat blading gear and rushes forward a certain distance before dealing Nightsoul-aligned Geo DMG based on her DEF.
After using this, Xilonen will gain 45 Nightsoul points and enter the Nightsoul's Blessing state. In this state, she will shift to the Blade Roller mode.

Source Samples
Xilonen has 3 Samplers with her that can generate different Soundscapes based on her other party members' Elemental Types, decreasing nearby opponents' corresponding Elemental RES while active.
The initial recorded Source Sample within each Sampler will be Geo, and for each party member who is Pyro/Hydro/Cryo/Electro, 1 Geo Sample will change to that corresponding Element.
While Xilonen is in the Nightsoul's Blessing state, the Geo Source Sample she carries will always be active. After unlocking her Ascension Talent, ""Netotiliztli's Echoes,"" Xilonen can trigger said Ascension Talent's effects to regenerate Nightsoul points for herself. When her Nightsoul points hit the maximum, she will consume all her Nightsoul points and activate the 3 Source Samples she has on hand for 15s.
When the Source Samples are active, nearby opponents' corresponding Elemental RES will decrease. Source Sample effects of the same Elemental Type cannot stack. Xilonen can trigger these effects even when off-field.

Nightsoul's Blessing: Xilonen
Continuously consume Nightsoul points. When these points are depleted or if used again, this Nightsoul's Blessing state will end. This state has the following traits:
·Switches to the Blade Roller mode, increasing Xilonen's Movement SPD and climbing speed, and she can perform high-speed leaps in Ocelot Form while climbing.
·Xilonen's Nightsoul's Blessing has the following restrictions: When in this state, Xilonen's Nightsoul points have a 9s time limit. After this limit passes, her Nightsoul points will immediately expire.

After Xilonen's Nightsoul points have expired while she is in the Nightsoul's Blessing state, she will no longer be able to generate Nightsoul points via the Ascension Talent ""Netotiliztli's Echoes.""",Talent Yohual's Scratch.png,https://genshin-impact.fandom.com/wiki/Yohual%27s_Scratch,https://genshin-impact.fandom.com/wiki/File%3ATalent_Yohual%27s_Scratch.png,https://static.wikia.nocookie.net/gensin-impact/images/a/a1/Talent_Yohual%27s_Scratch.png/revision/latest?cb=20241008000859,f7a3c9da005f5b838710f555f6ab8b57054660ee
1095_T02.png,downloaded,unknown,1095,希诺宁,Xilonen,burst,combat3,Elemental Burst,元素爆发,Ocelotlicue Point!,豹烈律动！,,,"以最大输出功率开启立体声燃素工学调音台（便携式），基于希诺宁的防御力，造成具有夜魂性质的岩元素范围伤害。

此外，根据「源音采样」的类型不同，还将相应触发以下效果：
·拥有至少两枚经过元素转化的「源音采样」：希诺宁奏响「欢兴」的律动，每隔一段时间，为附近的当前场上角色恢复生命值，回复量受益于希诺宁自己的防御力；
·拥有少于两枚经过元素转化的「源音采样」：希诺宁奏响「燥烈」的律动，进行两次额外的节拍演奏，基于希诺宁的防御力，造成具有夜魂性质的岩元素范围伤害。","Activates the Phlogiston Stereo DJ Controller (Portable) at full power, dealing Nightsoul-aligned AoE Geo DMG based on Xilonen's DEF.

Additionally, she will trigger the following effects based on her different Source Samples:
·If she has at least 2 Source Samples that have had their Elemental Types changed, Xilonen will play an Ebullient rhythm, healing nearby active characters at intervals based on her DEF.
·If she has fewer than 2 Source Samples that have had their Elemental Types changed, Xilonen will start up an Ardent rhythm, which will play two additional beats that deal Nightsoul-aligned AoE Geo DMG based on her DEF.",Talent Ocelotlicue Point!.png,https://genshin-impact.fandom.com/wiki/Ocelotlicue_Point%21,https://genshin-impact.fandom.com/wiki/File%3ATalent_Ocelotlicue_Point%21.png,https://static.wikia.nocookie.net/gensin-impact/images/1/16/Talent_Ocelotlicue_Point%21.png/revision/latest?cb=20241008000855,27592f7e38167cc2ed6357d8bb480dbb9e158d08
1095_T03.png,downloaded,unknown,1095,希诺宁,Xilonen,passive,passive1,1st Ascension Passive,突破天赋1,Netotiliztli's Echoes,四境四象回声,,,"在夜魂加持状态下：
·若希诺宁拥有至少两枚经过元素转化的「源音采样」，在普通攻击与下落攻击命中敌人时，将获得35点夜魂值，该效果每0.1秒至多触发一次；
·若希诺宁拥有少于两枚经过元素转化的「源音采样」，普通攻击与下落攻击造成的伤害提升30%。","While in the Nightsoul's Blessing state:
·If Xilonen has at least 2 Source Samples that have had their Elemental Types changed, she gains 35 Nightsoul points when her Normal or Plunging Attacks hit opponents. Can be triggered once every 0.1s.
·If Xilonen has fewer than 2 Source Samples that have had their Elemental Types changed, her Normal and Plunging Attacks deal 30% increased DMG.",Talent Netotiliztli's Echoes.png,https://genshin-impact.fandom.com/wiki/Netotiliztli%27s_Echoes,https://genshin-impact.fandom.com/wiki/File%3ATalent_Netotiliztli%27s_Echoes.png,https://static.wikia.nocookie.net/gensin-impact/images/a/ab/Talent_Netotiliztli%27s_Echoes.png/revision/latest?cb=20241008000854,b2e128afbc05b403b4f1353261e88a25f721e78c
1095_T04.png,skipped_existing,unknown,1095,希诺宁,Xilonen,passive,passive2,4th Ascension Passive,突破天赋2,Portable Armored Sheath,便携铠装护层,,,"在夜魂加持状态下，希诺宁的夜魂值达到上限时，将触发一次等同于「夜魂迸发」的效果，该效果每14秒至多触发一次。
此外，队伍中的附近的角色触发「夜魂迸发」时，希诺宁的防御力提升20%，持续15秒。","While in the Nightsoul's Blessing state, when Xilonen's Nightsoul points reach the maximum, she will trigger an effect equal to that of her Nightsoul Burst. This effect can be triggered once every 14s.
Additionally, when nearby party members trigger a Nightsoul Burst, Xilonen's DEF is increased by 20% for 15s.",Talent Portable Armored Sheath.png,https://genshin-impact.fandom.com/wiki/Portable_Armored_Sheath,https://genshin-impact.fandom.com/wiki/File%3ATalent_Portable_Armored_Sheath.png,https://static.wikia.nocookie.net/gensin-impact/images/6/6b/Talent_Portable_Armored_Sheath.png/revision/latest?cb=20241008000857,752274bb92df1fe7f0973acfb3275270dac3c325
1095_T05.png,skipped_existing,unknown,1095,希诺宁,Xilonen,passive,passive4,Additional Passive,附加天赋,Tour of Tepeilhuitl,丛山锻火驰行,,,触发夜魂传递时，恢复15点燃素。,Triggering Nightsoul Transmission restores 15 Phlogiston.,Talent Tour of Tepeilhuitl.png,https://genshin-impact.fandom.com/wiki/Tour_of_Tepeilhuitl,https://genshin-impact.fandom.com/wiki/File%3ATalent_Tour_of_Tepeilhuitl.png,https://static.wikia.nocookie.net/gensin-impact/images/6/65/Talent_Tour_of_Tepeilhuitl.png/revision/latest?cb=20241009063950,9167078300a6df4313e230c96ac87301cb37428d
1095_T06.png,downloaded,unknown,1095,希诺宁,Xilonen,extra,,,,Blessing of Forge-Fire,,,,,,Talent Blessing of Forge-Fire.png,https://genshin-impact.fandom.com/wiki/Blessing_of_Forge-Fire,https://genshin-impact.fandom.com/wiki/File%3ATalent_Blessing_of_Forge-Fire.png,https://static.wikia.nocookie.net/gensin-impact/images/2/23/Talent_Blessing_of_Forge-Fire.png/revision/latest?cb=20241009013909,39413567f20b13cbe1432916b9c94a926994a4b4
1095_T07.png,downloaded,unknown,1095,希诺宁,Xilonen,extra,,,,Yohual's Scratch 2,,,,,,Talent Yohual's Scratch 2.png,https://genshin-impact.fandom.com/wiki/Yohual%27s_Scratch_2,https://genshin-impact.fandom.com/wiki/File%3ATalent_Yohual%27s_Scratch_2.png,https://static.wikia.nocookie.net/gensin-impact/images/a/a4/Talent_Yohual%27s_Scratch_2.png/revision/latest?cb=20241020225040,76b421533a59a45329c38c47530b7d82923aad37
1095_T08.png,downloaded,unknown,1095,希诺宁,Xilonen,extra,,,,Yohual's Scratch 3,,,,,,Talent Yohual's Scratch 3.png,https://genshin-impact.fandom.com/wiki/Yohual%27s_Scratch_3,https://genshin-impact.fandom.com/wiki/File%3ATalent_Yohual%27s_Scratch_3.png,https://static.wikia.nocookie.net/gensin-impact/images/b/b2/Talent_Yohual%27s_Scratch_3.png/revision/latest?cb=20241020225042,2c62fbc466eacd7c94869f7a15b3d1e50f868d87
1095_T09.png,downloaded,unknown,1095,希诺宁,Xilonen,extra,,,,Yohual's Scratch 4,,,,,,Talent Yohual's Scratch 4.png,https://genshin-impact.fandom.com/wiki/Yohual%27s_Scratch_4,https://genshin-impact.fandom.com/wiki/File%3ATalent_Yohual%27s_Scratch_4.png,https://static.wikia.nocookie.net/gensin-impact/images/4/40/Talent_Yohual%27s_Scratch_4.png/revision/latest?cb=20241020225044,ad0db74a55cf33db3bfbd18ea1a0568e51d6d067
1095_T10.png,downloaded,unknown,1095,希诺宁,Xilonen,extra,,,,Yohual's Scratch 5,,,,,,Talent Yohual's Scratch 5.png,https://genshin-impact.fandom.com/wiki/Yohual%27s_Scratch_5,https://genshin-impact.fandom.com/wiki/File%3ATalent_Yohual%27s_Scratch_5.png,https://static.wikia.nocookie.net/gensin-impact/images/4/4d/Talent_Yohual%27s_Scratch_5.png/revision/latest?cb=20241020225046,d538df94623b37deb3f54a4ed81c19f460d6c606
1095_T11.png,downloaded,unknown,1095,希诺宁,Xilonen,extra,,,,Yohual's Scratch 6,,,,,,Talent Yohual's Scratch 6.png,https://genshin-impact.fandom.com/wiki/Yohual%27s_Scratch_6,https://genshin-impact.fandom.com/wiki/File%3ATalent_Yohual%27s_Scratch_6.png,https://static.wikia.nocookie.net/gensin-impact/images/3/30/Talent_Yohual%27s_Scratch_6.png/revision/latest?cb=20241020225047,81e137b91546162d322cf6c875c5988a77422647
1096_T01.png,downloaded,unknown,1096,欧洛伦,Ororon,skill,combat2,Elemental Skill,元素战技,Night's Sling,暝色缒索,,,"欧洛伦将烟谜主亘古传承的秘术具现为暝色的宿灵球投向敌人，造成具有夜魂性质的雷元素伤害。
附近存在其他敌人时，宿灵球将在附近的敌人间弹跳，造成具有夜魂性质的雷元素伤害。每次施放暝色缒索后，每名敌人只能被选为一次目标。
进行3次弹跳或附近没有可以被选为目标的敌人时，宿灵球将消失。","Ororon manifests an ancient mystical technique from the Masters of the Night-Wind as a Spirit Orb of midnight shade and throws it at his foe, dealing Nightsoul-aligned Electro DMG.
When other opponents are nearby, the Spirit Orb will bounce between them, dealing Nightsoul-aligned Electro DMG. Each time Night's Sling is used, each opponent can only be selected as a target once.
After 3 bounces, or if there are no eligible targets left, the Orb will disappear.",Talent Night's Sling.png,https://genshin-impact.fandom.com/wiki/Night%27s_Sling,https://genshin-impact.fandom.com/wiki/File%3ATalent_Night%27s_Sling.png,https://static.wikia.nocookie.net/gensin-impact/images/3/37/Talent_Night%27s_Sling.png/revision/latest?cb=20241120023229,8417f1b567c30514a1883bfbb08ad9ea6368fbdf
1096_T02.png,skipped_existing,unknown,1096,欧洛伦,Ororon,burst,combat3,Elemental Burst,元素爆发,Dark Voices Echo,黯声回响,,,"欧洛伦唤起远古的秘仪，造成具有夜魂性质的雷元素范围伤害，并召唤出「超音灵眼」。

超音灵眼
·持续嘲讽周围的敌人，吸引敌人攻击；
·持续旋转并发射音波，对附近的敌人造成具有夜魂性质的雷元素伤害。","Ororon works an ancient ritual, dealing Nightsoul-aligned AoE Electro DMG, summoning forth a Supersonic Oculus.

Supersonic Oculus
·Continuously taunts nearby opponents and attracts attacks from them.
·Continuously rotates and fires off sonic waves that deal Nightsoul-aligned Electro DMG.",Talent Dark Voices Echo.png,https://genshin-impact.fandom.com/wiki/Dark_Voices_Echo,https://genshin-impact.fandom.com/wiki/File%3ATalent_Dark_Voices_Echo.png,https://static.wikia.nocookie.net/gensin-impact/images/4/49/Talent_Dark_Voices_Echo.png/revision/latest?cb=20241120023218,bf694c8e10607b562098764750a4a05e27a47782
1096_T03.png,downloaded,unknown,1096,欧洛伦,Ororon,passive,passive1,1st Ascension Passive,突破天赋1,Nightshade Synesthesia,夜翳的通感,,,"队伍中的附近的角色触发「夜魂迸发」后，欧洛伦将获得40点夜魂值。施放元素战技后的15秒内，队伍中其他角色的元素类型为水元素或雷元素的攻击命中敌人时，欧洛伦将获得5点夜魂值，该效果每0.3秒至多触发一次，在持续期间内至多触发10次。
欧洛伦的夜魂值上限为80点。

此外，附近的敌人受到感电或月感电反应的伤害或队伍中附近的其他角色造成的具有夜魂性质的伤害时，若欧洛伦拥有至少10点夜魂值，欧洛伦将消耗10点夜魂值，进入夜魂加持状态，并触发「显象超感」效果：基于欧洛伦攻击力的160%，对周围至多4名敌人造成具有夜魂性质的雷元素伤害。上述效果每1.8秒至多触发一次。

夜魂加持·欧洛伦
欧洛伦的夜魂加持状态持续至多6秒。","After a nearby party member triggers Nightsoul Burst, Ororon will gain 40 Nightsoul points. Within 15s after using his Elemental Skill, when other party members' Hydro or Electro attacks hit opponents, Ororon will gain 5 Nightsoul points, an effect that can occur every 0.3s for a maximum of 10 times during this 15s duration.
Ororon can have a maximum of 80 Nightsoul points.

Also, when nearby opponents take Electro-Charged or Lunar-Charged reaction DMG or Nightsoul-aligned DMG dealt by other nearby characters, Ororon will consume 10 Nightsoul points (provided he has at least that amount), entering the Nightsoul's Blessing state and triggering the Hypersense effect: Deal Nightsoul-aligned Electro DMG based on 160% of Ororon's ATK to at most 4 nearby opponents. The aforementioned effect can trigger once every 1.8s.

Nightsoul's Blessing: Ororon
Ororon's Nightsoul's Blessing state lasts 6s.",Talent Nightshade Synesthesia.png,https://genshin-impact.fandom.com/wiki/Nightshade_Synesthesia,https://genshin-impact.fandom.com/wiki/File%3ATalent_Nightshade_Synesthesia.png,https://static.wikia.nocookie.net/gensin-impact/images/f/f4/Talent_Nightshade_Synesthesia.png/revision/latest?cb=20241120023230,6aab222920c344c944607bffd1c7940a38a803d0
1096_T04.png,downloaded,unknown,1096,欧洛伦,Ororon,passive,passive2,4th Ascension Passive,突破天赋2,Aspect Catalyst,灵相的触媒,,,"元素战技暝色缒索中的宿灵球命中敌人后，欧洛伦将获得「灵相之印」效果，持续15秒。

灵相之印
队伍中附近的当前场上角色普攻、重击或下落攻击命中敌人后，将为该角色恢复3点元素能量；若欧洛伦处于队伍后台，还会为欧洛伦恢复3点元素能量。该效果每1秒至多触发一次，在持续期间内至多触发3次。","After the Elemental Skill Night's Sling's Spirit Orb hits an opponent, Ororon will gain the Aspect Sigil effect for 15s.

Aspect Sigil
When a nearby active party member hits an opponent with Normal, Charged, or Plunging Attacks, that character will restore 3 Energy. If Ororon is off-field, Ororon will also restore 3 Energy. This effect can trigger once every 1s, and can trigger 3 times per duration.",Talent Aspect Catalyst.png,https://genshin-impact.fandom.com/wiki/Aspect_Catalyst,https://genshin-impact.fandom.com/wiki/File%3ATalent_Aspect_Catalyst.png,https://static.wikia.nocookie.net/gensin-impact/images/4/45/Talent_Aspect_Catalyst.png/revision/latest?cb=20241120023217,f42ba9655a712b1355888dabdead07f8eb65af1d
1096_T05.png,downloaded,unknown,1096,欧洛伦,Ororon,passive,passive4,Additional Passive,附加天赋,The Art of Skinchanging,皮行的巧技,,,"队伍中自己的角色滑翔时移动速度提高15%。
无法与效果完全相同的固有天赋叠加。","Increases gliding SPD for your own party members by 15%.
Not stackable with Passive Talents that provide the exact same effects.",Talent The Art of Skinchanging.png,https://genshin-impact.fandom.com/wiki/The_Art_of_Skinchanging,https://genshin-impact.fandom.com/wiki/File%3ATalent_The_Art_of_Skinchanging.png,https://static.wikia.nocookie.net/gensin-impact/images/b/b9/Talent_The_Art_of_Skinchanging.png/revision/latest?cb=20241120023230,ce0f1dcc320ff4aad689ec9f92a43d3603a7599b
1096_T06.png,downloaded,unknown,1096,欧洛伦,Ororon,extra,,,,"Flowing Fog, Spritely Shadows 2",,,,,,"Talent Flowing Fog, Spritely Shadows 2.png",https://genshin-impact.fandom.com/wiki/Flowing_Fog%2C_Spritely_Shadows_2,https://genshin-impact.fandom.com/wiki/File%3ATalent_Flowing_Fog%2C_Spritely_Shadows_2.png,https://static.wikia.nocookie.net/gensin-impact/images/8/8f/Talent_Flowing_Fog%2C_Spritely_Shadows_2.png/revision/latest?cb=20250727031627,c07ef1ed272220cb2ebb131d5469721f04db887b
1096_T07.png,downloaded,unknown,1096,欧洛伦,Ororon,extra,,,,"Flowing Fog, Spritely Shadows",,,,,,"Talent Flowing Fog, Spritely Shadows.png",https://genshin-impact.fandom.com/wiki/Flowing_Fog%2C_Spritely_Shadows,https://genshin-impact.fandom.com/wiki/File%3ATalent_Flowing_Fog%2C_Spritely_Shadows.png,https://static.wikia.nocookie.net/gensin-impact/images/3/3a/Talent_Flowing_Fog%2C_Spritely_Shadows.png/revision/latest?cb=20241120023219,7276389b2fbe4372b70d0910ae8937c1455efa6f
1097_T01.png,downloaded,unknown,1097,恰斯卡,Chasca,skill,combat2,Elemental Skill,元素战技,"Spirit Reins, Shadow Hunt",灵缰追影,,,"恰斯卡与武器中寄宿的意志共鸣，造成具有夜魂性质的风元素范围伤害。
施放后，恰斯卡将获得80点夜魂值，并进入夜魂加持状态。

夜魂加持·恰斯卡
持续消耗夜魂值。夜魂值耗尽时，或是再次施放时，恰斯卡的夜魂加持将会结束。夜魂加持状态具有如下特性：
·搭乘「灵枪·仪式杖」，提升恰斯卡的移动速度与抗打断能力，在这种状态下，恰斯卡将持续消耗夜魂值，维持悬浮状态，进行冲刺或抬升高度时，将额外消耗夜魂值；
·进行普通攻击与重击时，依据点按、长按，将转为以不同的方式进行「多重瞄准」。

多重瞄准
点按
对前方的敌人造成具有夜魂性质的风元素伤害，该伤害视为普通攻击造成的伤害。
长按
进入瞄准状态，并选定一定范围内一定数量的敌人，根据蓄力时间长短，依次装填至多6枚「追影弹」；填充6枚或停止蓄力时，将依序向选定的敌人发射。

追影弹
·造成具有夜魂性质的风元素伤害，该伤害视为重击造成的伤害；
·根据队伍中其他角色的元素类型，第四枚、第五枚与第六枚装填入弹匣的「追影弹」将会发生元素转化；队伍中每存在一名火元素、水元素、冰元素或雷元素角色，一枚「追影弹」便会随机转化为对应元素类型之一的「焕光追影弹」，造成具有夜魂性质的对应元素伤害，该伤害视为重击造成的伤害；
·后装填入弹匣的「追影弹」会优先发射。

此外，在夜魂加持状态下，长按施放元素战技灵缰追影时，恰斯卡将转为进行具有夜魂性质的下落攻击，松开技能时可以中断下落攻击，并维持悬浮状态；在下落攻击过程中落地时，恰斯卡的夜魂加持将会结束。","Chasca and the will residing in her weapon resonate, dealing Nightsoul-aligned AoE Anemo DMG.
After using this Skill, Chasca gains 80 Nightsoul points and enters the Nightsoul's Blessing state.

Nightsoul's Blessing: Chasca
Continually consume Nightsoul points. When Nightsoul points are fully depleted or the skill is used again, Chasca's Nightsoul's Blessing state will end. Her Nightsoul's Blessing has the following traits:
·Mounts ""Soulsniper: Ritual Staff,"" increasing Chasca's Movement SPD and interruption resistance. In this state, Chasca will continually consume Nightsoul points to remain airborne. When Sprinting or increasing height, extra Nightsoul points will be consumed.
·When using Normal or Charged Attacks, Tap or Hold to switch between using ""Multitarget Fire"" in different ways.

Multitarget Fire
Tap
Deal Nightsoul-aligned Anemo DMG to opponents in front. This DMG is considered Normal Attack DMG.
Hold
Enter Aiming Mode and choose a certain number of opponents within a certain range, before loading up to 6 Shadowhunt Shells based on the duration for which the skill was charged. When 6 Shells have been loaded or charging is stopped, these Shells will be fired at the chosen opponents in sequence.

Shadowhunt Shells
·Deal Nightsoul-aligned Anemo DMG, which is considered Charged Attack DMG.
·The 4th, 5th, and 6th Shells loaded into the cylinder will undergo Elemental Conversion based on the Elemental Types of the other characters in the party: For each Pyro, Hydro, Cryo, or Electro character in the party, one Shadowhunt Shell will randomly be Converted into a ""Shining Shadowhunt Shell"" of one of these corresponding Elemental Types, dealing Nightsoul-aligned DMG corresponding to that Elemental Type. This DMG is considered Charged Attack DMG.
·The Shells loaded into the cylinder are fired starting from the last Shadowhunt Shell to be loaded, in a ""last in, first out"" order.

Additionally, when Chasca is in the Nightsoul's Blessing state, Holding her Elemental Skill Spirit Reins, Shadow Hunt will cause her to execute a Nightsoul-aligned Plunging Attack. Release the Elemental Skill to interrupt this Plunging Attack and maintain her airborne state. Should Chasca hit the ground with her Plunging Attack, her Nightsoul's Blessing state will end.","Talent Spirit Reins, Shadow Hunt.png",https://genshin-impact.fandom.com/wiki/Spirit_Reins%2C_Shadow_Hunt,https://genshin-impact.fandom.com/wiki/File%3ATalent_Spirit_Reins%2C_Shadow_Hunt.png,https://static.wikia.nocookie.net/gensin-impact/images/7/74/Talent_Spirit_Reins%2C_Shadow_Hunt.png/revision/latest?cb=20241120023155,cc1e7d2a4c599c15b4d55f4a69ef926852737ec6
1097_T02.png,downloaded,unknown,1097,恰斯卡,Chasca,burst,combat3,Elemental Burst,元素爆发,Soul Reaper's Fatal Round,索魂命袭,,,"恰斯卡集注意志，射出一枚「裂风索魂弹」，造成具有夜魂性质的风元素范围伤害。此后，裂风索魂弹将分裂成六枚「索魂弹」，攻击附近的敌人。

索魂弹
·造成具有夜魂性质的风元素伤害；
·队伍中每存在一名火元素、水元素、冰元素或雷元素角色，两枚索魂弹便将随机转化为对应元素类型之一的「溢光索魂弹」，造成具有夜魂性质的对应元素伤害。","Chasca concentrates her will, firing a single ""Galesplitting Soulseeker Shell"" that deals Nightsoul-aligned AoE Anemo DMG. Afterward, the Galesplitting Soulseeker Shell will split into 6 Soulseeker Shells, which attack nearby opponents.

Soulseeker Shells
·Deal Nightsoul-aligned Anemo DMG.
·For each Pyro, Hydro, Cryo, or Electro character in the party, two Soulseeker Shells will undergo corresponding Elemental Conversions to become ""Radiant Soulseeker Shells,"" which deal Nightsoul-aligned Elemental DMG from a randomly selected one of the corresponding Elemental Types.",Talent Soul Reaper's Fatal Round.png,https://genshin-impact.fandom.com/wiki/Soul_Reaper%27s_Fatal_Round,https://genshin-impact.fandom.com/wiki/File%3ATalent_Soul_Reaper%27s_Fatal_Round.png,https://static.wikia.nocookie.net/gensin-impact/images/c/ca/Talent_Soul_Reaper%27s_Fatal_Round.png/revision/latest?cb=20241120023154,87cd6fff50b49214aff8475108d927a67fcffbca
1097_T03.png,downloaded,unknown,1097,恰斯卡,Chasca,passive,passive1,1st Ascension Passive,突破天赋1,Bullet Trick,子弹的戏法,,,"进行元素战技灵缰追影中的多重瞄准的蓄力时，若队伍中存在符合元素转化条件的元素类型的角色，则依据符合条件的不同元素的数量，获得以下效果：
·每种元素有33.3%/66.7%/100%的几率触发「附灵转化」，使第三枚装入弹匣的追影弹随机转化为对应元素类型之一的焕光追影弹；
·每种元素将为恰斯卡产生一层「焕影之灵」效果，使焕光追影弹造成的伤害提升15%/35%/65%，该效果持续至本次多重瞄准结束，至多叠加3层。","When the Elemental Skill Spirit Reins, Shadow Hunt's Multitarget Fire is being charged, if there are party members who meet the Elemental Conversion Type requirements, gain the following effects based on the number of different eligible Elemental Types present:
·There is a 33.3%/66.7%/100% chance for each Type to trigger ""Spiritbinding Conversion"" and cause the 3rd Shadowhunt Shell loaded into the cylinder to be randomly converted into a Shining Shadowhunt Shell from one of the corresponding Elemental Types.
·Each Elemental Type will grant Chasca 1 stack of Spirit of the Radiant Shadow, increasing the DMG of Shining Shadowhunt Shell by 15%/35%/65%. This effect lasts until the current Multitarget Fire ends. Max 3 stacks.",Talent Bullet Trick.png,https://genshin-impact.fandom.com/wiki/Bullet_Trick,https://genshin-impact.fandom.com/wiki/File%3ATalent_Bullet_Trick.png,https://static.wikia.nocookie.net/gensin-impact/images/e/ef/Talent_Bullet_Trick.png/revision/latest?cb=20241120023151,e75cdd57fa99e118bfd859a90347b23ae0a8f6b0
1097_T04.png,downloaded,unknown,1097,恰斯卡,Chasca,passive,passive2,4th Ascension Passive,突破天赋2,Intent to Cover,掩护的心意,,,"队伍中的附近的角色触发「夜魂迸发」时，恰斯卡会对附近的敌人发射「流焰追影弹」，造成具有夜魂性质的风元素伤害，该伤害相当于元素战技灵缰追影中的追影弹的150%；若队伍中存在火元素、水元素、冰元素或雷元素角色，则流焰追影弹会发生元素转化，造成具有夜魂性质的对应元素伤害，该伤害相当于元素战技灵缰追影中的焕光追影弹的150%。
通过上述方式造成的伤害视为重击伤害。","When a nearby party member triggers a Nightsoul Burst, Chasca will fire a ""Burning Shadowhunt Shot"" at a nearby opponent, dealing Nightsoul-aligned Anemo DMG equal to 150% of the Shadowhunt Shell DMG from her Elemental Skill Spirit Reins, Shadow Hunt. If the party has Pyro, Hydro, Cryo, or Electro characters, the Burning Shadowhunt Shot will be converted to deal Nightsoul-aligned Elemental DMG of the corresponding Elemental Type equal to 150% of the DMG dealt by Spirit Reins, Shadow Hunt's Shining Shadowhunt Shells.
The DMG done in this way is considered Charged Attack DMG.",Talent Intent to Cover.png,https://genshin-impact.fandom.com/wiki/Intent_to_Cover,https://genshin-impact.fandom.com/wiki/File%3ATalent_Intent_to_Cover.png,https://static.wikia.nocookie.net/gensin-impact/images/1/11/Talent_Intent_to_Cover.png/revision/latest?cb=20241120023153,9b554b61fdfd9d1308dbe6579c129115d4aabc10
1097_T05.png,downloaded,unknown,1097,恰斯卡,Chasca,passive,passive4,Additional Passive,附加天赋,Mediation's True Meaning,调停的真意,,,"队伍中自己的角色击败敌人时，将恢复25点燃素，该效果每12秒至多触发一次。
该效果在秘境、征讨领域、深境螺旋中无效。","25 Phlogiston will be restored when your own party members defeat an opponent. This effect can trigger once every 12s.
This has no effect in Domains, Trounce Domains, or the Spiral Abyss.",Talent Mediation's True Meaning.png,https://genshin-impact.fandom.com/wiki/Mediation%27s_True_Meaning,https://genshin-impact.fandom.com/wiki/File%3ATalent_Mediation%27s_True_Meaning.png,https://static.wikia.nocookie.net/gensin-impact/images/5/53/Talent_Mediation%27s_True_Meaning.png/revision/latest?cb=20241120023154,ede300e7bc55c00a01626c741c320963625ad35e
1097_T06.png,downloaded,unknown,1097,恰斯卡,Chasca,extra,,,,Everburning Heart,,,,,,Talent Everburning Heart.png,https://genshin-impact.fandom.com/wiki/Everburning_Heart,https://genshin-impact.fandom.com/wiki/File%3ATalent_Everburning_Heart.png,https://static.wikia.nocookie.net/gensin-impact/images/2/29/Talent_Everburning_Heart.png/revision/latest?cb=20241120023152,cdfc63c58bc4817b3f836838843fef24290aa347
1097_T07.png,downloaded,unknown,1097,恰斯卡,Chasca,extra,,,,"Spirit Reins, Shadow Hunt 2",,,,,,"Talent Spirit Reins, Shadow Hunt 2.png",https://genshin-impact.fandom.com/wiki/Spirit_Reins%2C_Shadow_Hunt_2,https://genshin-impact.fandom.com/wiki/File%3ATalent_Spirit_Reins%2C_Shadow_Hunt_2.png,https://static.wikia.nocookie.net/gensin-impact/images/b/b1/Talent_Spirit_Reins%2C_Shadow_Hunt_2.png/revision/latest?cb=20260728015455,6a4e94bc46b898454ec0b740c9feee698784b210
1097_T08.png,downloaded,unknown,1097,恰斯卡,Chasca,extra,,,,"Spirit Reins, Shadow Hunt 3",,,,,,"Talent Spirit Reins, Shadow Hunt 3.png",https://genshin-impact.fandom.com/wiki/Spirit_Reins%2C_Shadow_Hunt_3,https://genshin-impact.fandom.com/wiki/File%3ATalent_Spirit_Reins%2C_Shadow_Hunt_3.png,https://static.wikia.nocookie.net/gensin-impact/images/8/83/Talent_Spirit_Reins%2C_Shadow_Hunt_3.png/revision/latest?cb=20260728015457,3a4e4e9ffa9d7f8deb66eb18e7107f8f3248b5fd
1097_T09.png,downloaded,unknown,1097,恰斯卡,Chasca,extra,,,,"Spirit Reins, Shadow Hunt 4",,,,,,"Talent Spirit Reins, Shadow Hunt 4.png",https://genshin-impact.fandom.com/wiki/Spirit_Reins%2C_Shadow_Hunt_4,https://genshin-impact.fandom.com/wiki/File%3ATalent_Spirit_Reins%2C_Shadow_Hunt_4.png,https://static.wikia.nocookie.net/gensin-impact/images/c/c0/Talent_Spirit_Reins%2C_Shadow_Hunt_4.png/revision/latest?cb=20260728015459,0b0f807e7b6b39bc5cbdcd8f5af42553a7c7e5d9
1097_T10.png,downloaded,unknown,1097,恰斯卡,Chasca,extra,,,,"Spirit Reins, Shadow Hunt 5",,,,,,"Talent Spirit Reins, Shadow Hunt 5.png",https://genshin-impact.fandom.com/wiki/Spirit_Reins%2C_Shadow_Hunt_5,https://genshin-impact.fandom.com/wiki/File%3ATalent_Spirit_Reins%2C_Shadow_Hunt_5.png,https://static.wikia.nocookie.net/gensin-impact/images/2/25/Talent_Spirit_Reins%2C_Shadow_Hunt_5.png/revision/latest?cb=20260728015501,ef44ecc5d9fce7ead543326fdf41e49f1d1552e9
1097_T11.png,downloaded,unknown,1097,恰斯卡,Chasca,extra,,,,"Spirit Reins, Shadow Hunt 6",,,,,,"Talent Spirit Reins, Shadow Hunt 6.png",https://genshin-impact.fandom.com/wiki/Spirit_Reins%2C_Shadow_Hunt_6,https://genshin-impact.fandom.com/wiki/File%3ATalent_Spirit_Reins%2C_Shadow_Hunt_6.png,https://static.wikia.nocookie.net/gensin-impact/images/3/34/Talent_Spirit_Reins%2C_Shadow_Hunt_6.png/revision/latest?cb=20260728015502,f2f0ab312ad7ea5e7fae86a2db4018019cb91543
1097_T12.png,downloaded,unknown,1097,恰斯卡,Chasca,extra,,,,"Spirit Reins, Shadow Hunt 7",,,,,,"Talent Spirit Reins, Shadow Hunt 7.png",https://genshin-impact.fandom.com/wiki/Spirit_Reins%2C_Shadow_Hunt_7,https://genshin-impact.fandom.com/wiki/File%3ATalent_Spirit_Reins%2C_Shadow_Hunt_7.png,https://static.wikia.nocookie.net/gensin-impact/images/8/8a/Talent_Spirit_Reins%2C_Shadow_Hunt_7.png/revision/latest?cb=20260728015504,29b6438b33f7f34b9db94df9ecec1269e1bf916c
1098_T01.png,skipped_existing,unknown,1098,茜特菈莉,Citlali,skill,combat2,Elemental Skill,元素战技,Dawnfrost Darkstar,霜昼黑星,,,"依凭烟谜主千年传承的密契，展开白曜护盾，并召唤（传闻中）无比可怖的「黑曜星魔」伊兹帕帕，造成具有夜魂性质的冰元素范围伤害。
白曜护盾的伤害吸收量受益于茜特菈莉的元素精通，对冰元素伤害有250%的吸收效果，并在展开护盾时，为茜特菈莉施加短暂的冰元素附着。
施放后，茜特菈莉将获得24点夜魂值，并进入夜魂加持状态。

夜魂加持·茜特菈莉
伊兹帕帕退场时，茜特菈莉的夜魂加持将会结束。

伊兹帕帕
·伊兹帕帕将跟随角色行动；
·若茜特菈莉拥有至少50点夜魂值，伊兹帕帕将进入白燧状态，持续消耗夜魂值，并卷起跟随角色的霜陨风暴，攻击范围内的敌人，造成具有夜魂性质的冰元素伤害；
·夜魂值耗尽时，伊兹帕帕的白燧状态也会结束。","Invoking secret pacts passed down by her tribe over the millennia, Citlali deploys an Opal Shield and calls forth ""Obsidian Tzitzimitl: Itzpapa,"" a creature that is (reputedly) terrifying beyond compare, dealing Nightsoul-aligned AoE Cryo DMG.
The Opal Shield's DMG absorption scales based on Citlali's Elemental Mastery, and absorbs Cryo DMG with 250% efficiency. When it is deployed, it will cause Citlali to briefly be affected by Cryo.
After using this skill, Citlali gains 24 Nightsoul points and enters the Nightsoul's Blessing state.

Nightsoul's Blessing: Citlali
When Itzpapa leaves the field, Citlali exits the Nightsoul's Blessing state.

Itzpapa
·Itzpapa will follow the character.
·If Citlali has at least 50 Nightsoul points, Itzpapa enters the Opal Fire state and continuously consumes Nightsoul points to whip up a Frostfall Storm that follows the character and attacks opponents within its AoE, dealing Nightsoul-aligned Cryo DMG.
·When Citlali's Nightsoul points are fully depleted, Itzpapa's Opal Fire state also ends.",Talent Dawnfrost Darkstar.png,https://genshin-impact.fandom.com/wiki/Dawnfrost_Darkstar,https://genshin-impact.fandom.com/wiki/File%3ATalent_Dawnfrost_Darkstar.png,https://static.wikia.nocookie.net/gensin-impact/images/7/76/Talent_Dawnfrost_Darkstar.png/revision/latest?cb=20250101020412,1935e32329d52e3ab5c974a2d6b1c46bca58477b
1098_T02.png,skipped_existing,unknown,1098,茜特菈莉,Citlali,burst,combat3,Elemental Burst,元素爆发,Edict of Entwined Splendor,诸曜饬令,,,驱使来自星天与大地的「盟友」，唤起冰风暴轰击前方区域，造成具有夜魂性质的冰元素范围伤害，为茜特菈莉恢复一定夜魂值，并在范围内至多3名敌人附近各自召唤一个宿灵之髑。宿灵之髑会在一段时间后爆炸，造成具有夜魂性质的冰元素范围伤害，并为茜特菈莉恢复一定夜魂值。,"Summons ""allies"" from the starry skies and the vast earth, hurling forth an ice storm to bombard the area in front and deal Nightsoul-aligned AoE Cryo DMG. This restores a set amount of Nightsoul points for Citlali, and also summons a Spiritvessel Skull near a maximum of 3 opponents within the AoE, with 1 Skull for each opponent. Spiritvessel Skulls explode after some time, dealing Nightsoul-aligned AoE Cryo DMG and restoring a set amount of Nightsoul points for Citlali.",Talent Edict of Entwined Splendor.png,https://genshin-impact.fandom.com/wiki/Edict_of_Entwined_Splendor,https://genshin-impact.fandom.com/wiki/File%3ATalent_Edict_of_Entwined_Splendor.png,https://static.wikia.nocookie.net/gensin-impact/images/f/f1/Talent_Edict_of_Entwined_Splendor.png/revision/latest?cb=20250101020413,b7cd6fe4ed9636ee0216e43b7a9ec273c977feab
1098_T03.png,downloaded,unknown,1098,茜特菈莉,Citlali,passive,passive1,1st Ascension Passive,突破天赋1,Mamaloaco's Frigid Rain,五重天的寒雨,,,伊兹帕帕存在期间，队伍中附近的角色触发冻结反应或融化反应后，受本次反应影响的敌人的火元素与水元素抗性还会降低20%，持续12秒；此外，茜特菈莉还会恢复16点夜魂值，每8秒至多通过这种方式恢复一次夜魂值。,"While Itzpapa is on the field, after nearby party members trigger the Frozen or Melt reactions, the Pyro and Hydro RES of opponents affected by that reaction decreases by 20% for 12s. Additionally, Citlali will regain 16 Nightsoul points. Nightsoul points can be restored this way once every 8s.",Talent Mamaloaco's Frigid Rain.png,https://genshin-impact.fandom.com/wiki/Mamaloaco%27s_Frigid_Rain,https://genshin-impact.fandom.com/wiki/File%3ATalent_Mamaloaco%27s_Frigid_Rain.png,https://static.wikia.nocookie.net/gensin-impact/images/5/55/Talent_Mamaloaco%27s_Frigid_Rain.png/revision/latest?cb=20250101020414,877af5099bdd47a338b326175d14aa8651fa286f
1098_T04.png,downloaded,unknown,1098,茜特菈莉,Citlali,passive,passive2,4th Ascension Passive,突破天赋2,Itzpapalotl's Star Garments,白燧蝶的星衣,,,"元素战技霜昼黑星中，伊兹帕帕的霜陨风暴造成的伤害提升，提升值相当于茜特菈莉的元素精通的90%；元素爆发诸曜饬令中，冰风暴造成的伤害提升，提升值相当于茜特菈莉的元素精通的1200%。
此外，队伍中的附近的角色触发「夜魂迸发」时，茜特菈莉还会恢复4点夜魂值。","During the Elemental Skill Dawnfrost Darkstar, Itzpapa's Frostfall Storm DMG is increased by 90% of Citlali's Elemental Mastery. During the Elemental Burst Edict of Entwined Splendor, Ice Storm DMG is increased by 1200% of Citlali's Elemental Mastery.
In addition, when nearby party members trigger Nightsoul Bursts, Citlali regains 4 Nightsoul points.",Talent Itzpapalotl's Star Garments.png,https://genshin-impact.fandom.com/wiki/Itzpapalotl%27s_Star_Garments,https://genshin-impact.fandom.com/wiki/File%3ATalent_Itzpapalotl%27s_Star_Garments.png,https://static.wikia.nocookie.net/gensin-impact/images/3/32/Talent_Itzpapalotl%27s_Star_Garments.png/revision/latest?cb=20250101020414,43575c73837ff7740dc7fbe3394ca8c5ead5756a
1098_T05.png,downloaded,unknown,1098,茜特菈莉,Citlali,passive,passive4,Additional Passive,附加天赋,Songs of Profound Mystery,奥秘传唱,,,"在纳塔存在燃素机制的区域时，触发「夜魂迸发」能恢复20点燃素。
该效果在秘境、征讨领域、深境螺旋中无效。","While in an area with Phlogiston Mechanics within Natlan, triggering ""Nightsoul Burst"" restores 20 Phlogiston.
This cannot take effect in Domains, Trounce Domains, or the Spiral Abyss.",Talent Songs of Profound Mystery.png,https://genshin-impact.fandom.com/wiki/Songs_of_Profound_Mystery,https://genshin-impact.fandom.com/wiki/File%3ATalent_Songs_of_Profound_Mystery.png,https://static.wikia.nocookie.net/gensin-impact/images/e/e1/Talent_Songs_of_Profound_Mystery.png/revision/latest?cb=20250101020416,1f6e34d28a1dd5aaac9ae4a92634f13f29adbe38
1098_T06.png,downloaded,unknown,1098,茜特菈莉,Citlali,extra,,,,"Smoke, Mirrors, and the Flowing Winds 2",,,,,,"Talent Smoke, Mirrors, and the Flowing Winds 2.png",https://genshin-impact.fandom.com/wiki/Smoke%2C_Mirrors%2C_and_the_Flowing_Winds_2,https://genshin-impact.fandom.com/wiki/File%3ATalent_Smoke%2C_Mirrors%2C_and_the_Flowing_Winds_2.png,https://static.wikia.nocookie.net/gensin-impact/images/3/33/Talent_Smoke%2C_Mirrors%2C_and_the_Flowing_Winds_2.png/revision/latest?cb=20250727031617,2d3b62eff2cbabbbfaf0ba0234a12eaa86885702
1098_T07.png,downloaded,unknown,1098,茜特菈莉,Citlali,extra,,,,"Smoke, Mirrors, and the Flowing Winds",,,,,,"Talent Smoke, Mirrors, and the Flowing Winds.png",https://genshin-impact.fandom.com/wiki/Smoke%2C_Mirrors%2C_and_the_Flowing_Winds,https://genshin-impact.fandom.com/wiki/File%3ATalent_Smoke%2C_Mirrors%2C_and_the_Flowing_Winds.png,https://static.wikia.nocookie.net/gensin-impact/images/b/ba/Talent_Smoke%2C_Mirrors%2C_and_the_Flowing_Winds.png/revision/latest?cb=20250101020415,8f2e834c143af41122dcd455cdd9024b1b26077e
1099_T01.png,downloaded,unknown,1099,玛薇卡,Mavuika,skill,combat2,Elemental Skill,元素战技,The Named Moment,称名之刻,,,"依凭「争斗」的权柄，召唤人神传承的「诸火武装」，造成具有夜魂性质的火元素伤害。
施放后，玛薇卡将恢复夜魂值至上限，并进入夜魂加持状态。

诸火武装
依据点按、长按，以不同的形态解放诸火武装。

点按
「神名解放」：诸火武装将以焚曜之环的形态显现。焚曜之环将跟随当前场上角色，并间歇性攻击周围的敌人，造成具有夜魂性质的火元素伤害。

长按
「古名解放」：诸火武装将以驰轮车的形态显现。在这种状态下，玛薇卡能驾驶驰轮车高速移动，或是打开驰轮车的后备隐藏推进模块，短暂通过各种地形，以及在空中短暂滑翔。同时，玛薇卡的普通攻击、重击与下落攻击将转为无法被附魔覆盖的具有夜魂性质的火元素伤害；进行冲刺时，也会对路径上的敌人造成具有夜魂性质的火元素伤害。

处于夜魂加持状态下时，点按元素战技可以切换诸火武装的形态；诸火武装将在玛薇卡的夜魂加持结束时消失。

夜魂加持·玛薇卡
依据诸火武装的形态，持续消耗夜魂值。夜魂值耗尽时，玛薇卡的夜魂加持将会结束。","Calling upon her authority over ""conflict,"" Mavuika summons the All-Fire Armaments passed down through the line of human Archons, dealing Nightsoul-aligned Pyro DMG.
After using this, Mavuika's Nightsoul points are restored to max value, and she enters the Nightsoul's Blessing state.

All-Fire Armaments
Has different forms when Tapped or Held.

Tap
""Divine Name Unleashed"": The All-Fire Armaments manifest as a Ring of Searing Radiance. The Ring follows the current active character and attacks nearby opponents at intervals, dealing Nightsoul-aligned Pyro DMG.

Hold
""Ancient Name Unbound"": The All-Fire Armaments manifest as a Flamestrider. In this state, Mavuika can ride the Flamestrider at high speed, or activate its hidden backup propulsion module to temporarily cross various terrain types and glide in mid-air. Mavuika's Normal, Charged, and Plunging Attacks will also be converted to deal Nightsoul-aligned Pyro DMG which cannot be overridden. When sprinting, she also deals Nightsoul-aligned Pyro DMG to opponents along her path.

While in the Nightsoul's Blessing state, Tapping the Elemental Skill can switch the All-Fire Armaments' form. The Armaments will disappear once Mavuika's Nightsoul's Blessing state ends.

Nightsoul's Blessing: Mavuika
Continuously consumes Nightsoul points according to the All-Fire Armaments' form. Mavuika's Nightsoul's Blessing state ends once her Nightsoul points are exhausted.",Talent The Named Moment.png,https://genshin-impact.fandom.com/wiki/The_Named_Moment,https://genshin-impact.fandom.com/wiki/File%3ATalent_The_Named_Moment.png,https://static.wikia.nocookie.net/gensin-impact/images/b/b1/Talent_The_Named_Moment.png/revision/latest?cb=20250101020428,b6f1f2f04231568a4f43c36c7bd2f4fd4fe091bf
1099_T02.png,downloaded,unknown,1099,玛薇卡,Mavuika,burst,combat3,Elemental Burst,元素爆发,Hour of Burning Skies,燔天之时,,,"让众人的心声，直抵高天的神座。
玛薇卡的元素爆发不依靠元素能量，而是依靠「战意」。

战意
当玛薇卡拥有至少50%战意时，玛薇卡可以消耗所有战意，施放元素爆发。
玛薇卡可以通过以下方式获取战意：
·处于战斗状态下时，队伍中的附近的角色消耗的夜魂值将会转化为玛薇卡的战意；
·队伍中附近的角色的普通攻击命中敌人时，玛薇卡将获得1.5点战意，该效果每0.1秒至多触发一次。

施放后，玛薇卡获得10点夜魂值，进入夜魂加持状态，驾驶驰轮车腾跃至空中，并向地面上的敌人进行一次强力的坠日斩，造成具有夜魂性质的火元素范围伤害，并进入「死生之炉」状态。

死生之炉
持续期间，玛薇卡的各种行为将不再消耗夜魂值，并提高玛薇卡的抗打断能力。同时，依据施放时的战意，提升坠日斩、「古名解放」时的普通攻击与重击造成的伤害。
死生之炉状态将在玛薇卡退场时解除。","Let the people's inner voices reach the divine throne in the heavens.
Mavuika's Elemental Burst is not reliant on Energy, but instead, on ""Fighting Spirit.""

Fighting Spirit
When Mavuika has at least 50% Fighting Spirit, she can consume it all to unleash her Elemental Burst.
Mavuika can obtain Fighting Spirit via the following methods:
· When in combat, Nightsoul points consumed by nearby party members are converted to Fighting Spirit.
· When nearby party members' Normal Attacks hit opponents, Mavuika gains 1.5 Fighting Spirit. This can trigger once every 0.1s.

After using this, Mavuika gains 10 Nightsoul points and enters the Nightsoul's Blessing state. Riding her Flamestrider high in the air, she uses a powerful Sunfell Slice against opponents on the ground, dealing Nightsoul-aligned AoE Pyro DMG and entering the ""Crucible of Death and Life"" state.

Crucible of Death and Life
During this time, Mavuika's various actions will no longer consume Nightsoul points, and her interruption resistance is increased. Also, the DMG dealt by Sunfell Slice and ""Ancient Name Unbound""'s Normal and Charged Attacks is increased based on the amount of Fighting Spirit she has when using the Elemental Burst.
Crucible of Death and Life will be canceled when Mavuika leaves the field.",Talent Hour of Burning Skies.png,https://genshin-impact.fandom.com/wiki/Hour_of_Burning_Skies,https://genshin-impact.fandom.com/wiki/File%3ATalent_Hour_of_Burning_Skies.png,https://static.wikia.nocookie.net/gensin-impact/images/5/5d/Talent_Hour_of_Burning_Skies.png/revision/latest?cb=20250101020426,7d56321928df4aab749480b5843a0793d31530e6
1099_T03.png,downloaded,unknown,1099,玛薇卡,Mavuika,passive,passive1,1st Ascension Passive,突破天赋1,Gift of Flaming Flowers,炎花献礼,,,队伍中的附近的角色触发「夜魂迸发」时，玛薇卡的攻击力提升30%，持续10秒。,"When a nearby party member triggers a Nightsoul Burst, Mavuika's ATK increases by 30% for 10s.",Talent Gift of Flaming Flowers.png,https://genshin-impact.fandom.com/wiki/Gift_of_Flaming_Flowers,https://genshin-impact.fandom.com/wiki/File%3ATalent_Gift_of_Flaming_Flowers.png,https://static.wikia.nocookie.net/gensin-impact/images/4/4a/Talent_Gift_of_Flaming_Flowers.png/revision/latest?cb=20250101020425,516836997904189311ac71512a24a18770dbf47e
1099_T04.png,skipped_existing,unknown,1099,玛薇卡,Mavuika,passive,passive2,4th Ascension Passive,突破天赋2,"""Kiongozi""",「基扬戈兹」,,,施放元素爆发燔天之时后，依据施放时的战意，每点战意都将使当前场上角色造成的伤害提升0.2%，通过这种方式至多使队伍中的当前场上角色造成的伤害提升40%，该效果持续20秒，并会在持续时间内逐渐降低为0。,"After using her Elemental Burst, Hour of Burning Skies, every point of Fighting Spirit present when it is used increases the DMG that the current active party member deals by 0.2%. The maximum increase obtainable this way is 40%, and this effect lasts 20s, decaying over this duration until it reaches 0.",Talent Kiongozi.png,https://genshin-impact.fandom.com/wiki/Kiongozi,https://genshin-impact.fandom.com/wiki/File%3ATalent_Kiongozi.png,https://static.wikia.nocookie.net/gensin-impact/images/b/b0/Talent_Kiongozi.png/revision/latest?cb=20250101020426,8376a8a105eac3ebb38e39e323e596abdc7001e3
1099_T05.png,skipped_existing,unknown,1099,玛薇卡,Mavuika,passive,passive4,Additional Passive,附加天赋,Night-Shattering Radiance,破夜的焰光,,,队伍触发夜魂传递的冷却时间减少20%。,The party's Nightsoul Transmission CD is decreased by 20%.,Talent Night-Shattering Radiance.png,https://genshin-impact.fandom.com/wiki/Night-Shattering_Radiance,https://genshin-impact.fandom.com/wiki/File%3ATalent_Night-Shattering_Radiance.png,https://static.wikia.nocookie.net/gensin-impact/images/b/b7/Talent_Night-Shattering_Radiance.png/revision/latest?cb=20250101020427,70a5f4387186aeea477e7c3eee524dc41d958f57
1099_T06.png,downloaded,unknown,1099,玛薇卡,Mavuika,extra,,,,Exhaust Mode,,,,,,Talent Exhaust Mode.png,https://genshin-impact.fandom.com/wiki/Exhaust_Mode,https://genshin-impact.fandom.com/wiki/File%3ATalent_Exhaust_Mode.png,https://static.wikia.nocookie.net/gensin-impact/images/9/9f/Talent_Exhaust_Mode.png/revision/latest?cb=20250101020424,f69a97c50074ad51feac1f99daf5600a07e6f2b0
1099_T07.png,downloaded,unknown,1099,玛薇卡,Mavuika,extra,,,,The Named Moment 2,,,,,,Talent The Named Moment 2.png,https://genshin-impact.fandom.com/wiki/The_Named_Moment_2,https://genshin-impact.fandom.com/wiki/File%3ATalent_The_Named_Moment_2.png,https://static.wikia.nocookie.net/gensin-impact/images/0/06/Talent_The_Named_Moment_2.png/revision/latest?cb=20250705005159,3dbab36b4d2e966a0c12666536298d4ffca79fff
1099_T08.png,downloaded,unknown,1099,玛薇卡,Mavuika,extra,,,,The Named Moment 3,,,,,,Talent The Named Moment 3.png,https://genshin-impact.fandom.com/wiki/The_Named_Moment_3,https://genshin-impact.fandom.com/wiki/File%3ATalent_The_Named_Moment_3.png,https://static.wikia.nocookie.net/gensin-impact/images/8/87/Talent_The_Named_Moment_3.png/revision/latest?cb=20250705005201,245e648862aa9685f2c359728c6185afc86e2f02
1099_T09.png,downloaded,unknown,1099,玛薇卡,Mavuika,extra,,,,The Named Moment 4,,,,,,Talent The Named Moment 4.png,https://genshin-impact.fandom.com/wiki/The_Named_Moment_4,https://genshin-impact.fandom.com/wiki/File%3ATalent_The_Named_Moment_4.png,https://static.wikia.nocookie.net/gensin-impact/images/5/5a/Talent_The_Named_Moment_4.png/revision/latest?cb=20250705005203,74c3fda2095832946dd71ac0af57a0efee84b178
1099_T10.png,downloaded,unknown,1099,玛薇卡,Mavuika,extra,,,,The Named Moment 5,,,,,,Talent The Named Moment 5.png,https://genshin-impact.fandom.com/wiki/The_Named_Moment_5,https://genshin-impact.fandom.com/wiki/File%3ATalent_The_Named_Moment_5.png,https://static.wikia.nocookie.net/gensin-impact/images/9/93/Talent_The_Named_Moment_5.png/revision/latest?cb=20250125174821,6e145ce1cf01c97fb7d5c58bb2ea7f66f2afc1f1
1100_T01.png,downloaded,unknown,1100,蓝砚,Lan Yan,skill,combat2,Elemental Skill,元素战技,Swallow-Wisp Pinion Dance,凤缕随翦舞,,,"唤出世代秘传的凤缕护盾，并以雨旆先驰之姿迅捷突进，接触目标会向后腾跃至空中。
凤缕护盾的伤害吸收量受益于蓝砚的攻击力，对风元素伤害有250%的吸收效果。
蓝砚因元素战技·凤缕随翦舞而腾跃至空中时，若点按元素战技或点按普通攻击，则会向敌人抛出翦月环，命中后将在附近的敌人间回旋两次，造成风元素伤害。
长按时将以不同的方式施放。

长按
进入瞄准状态，以调整突进的方向。","Summoning forth the Swallow-Wisp Shield, a secret art passed down across generations, Lan Yan dashes forward and, upon making contact with her target, will leap back into the air.
The Swallow-Wisp Shield's DMG absorption scales based on her ATK, and has a 250% absorption efficiency against Anemo DMG.
While in mid-air due to the effects of her Elemental Skill: Swallow-Wisp Pinion Dance, pressing her Elemental Skill again or pressing Normal Attack will cause Lan Yan to hurl her Feathermoon Rings at an opponent, and they will spin between nearby opponents twice upon hit, dealing Anemo DMG.
Holding the Skill will cause it to behave differently.

Hold
Enter Aiming Mode to adjust the dash direction.",Talent Swallow-Wisp Pinion Dance.png,https://genshin-impact.fandom.com/wiki/Swallow-Wisp_Pinion_Dance,https://genshin-impact.fandom.com/wiki/File%3ATalent_Swallow-Wisp_Pinion_Dance.png,https://static.wikia.nocookie.net/gensin-impact/images/8/8b/Talent_Swallow-Wisp_Pinion_Dance.png/revision/latest?cb=20250121102246,07394f596449be404aeb7a57fe64567552f5ed22
1100_T02.png,skipped_existing,unknown,1100,蓝砚,Lan Yan,burst,combat3,Elemental Burst,元素爆发,Lustrous Moonrise,鹍弦踏月出,,,蓝砚踏出银燕翦月阵，牵引附近的敌人与物体，并造成数次风元素范围伤害。,"Lan Yan creates a Feathermoon Swallow Array, pulling in nearby opponents and objects and dealing multiple instances of AoE Anemo DMG.",Talent Lustrous Moonrise.png,https://genshin-impact.fandom.com/wiki/Lustrous_Moonrise,https://genshin-impact.fandom.com/wiki/File%3ATalent_Lustrous_Moonrise.png,https://static.wikia.nocookie.net/gensin-impact/images/b/bd/Talent_Lustrous_Moonrise.png/revision/latest?cb=20250121102242,377e2a0b51bfe648e18df64d9ced2b1813c7153a
1100_T03.png,downloaded,unknown,1100,蓝砚,Lan Yan,passive,passive1,1st Ascension Passive,突破天赋1,Four Sealing Divination Charms,四戈封刀灵卜,,,"元素战技凤缕随翦舞的突进命中目标时，如果接触了水元素/火元素/冰元素/雷元素，则会使凤缕护盾发生元素转化，转化后的护盾对于对应元素伤害有250%的吸收效果。
此外，如果这次元素战技凤缕随翦舞使凤缕护盾发生了元素转化，蓝砚向敌人抛出的翦月环将附加原本50%对应元素伤害，该伤害视为元素战技伤害。","When the dash from the Elemental Skill Swallow-Wisp Pinion Dance hits a target, if it interacts with Hydro/Pyro/Cryo/Electro, the Swallow-Wisp Shield will undergo Elemental Absorption, with the converted shield absorbing DMG from the corresponding element with 250% efficiency.
Additionally, if this use of Swallow-Wisp Pinion Dance causes the Swallow-Wisp Shield to undergo Elemental Absorption, the Feathermoon Rings that Lan Yan throws at her foes additionally deal Elemental DMG equal to 50% of the original in the corresponding Elemental Type. This DMG is considered Elemental Skill DMG.",Talent Four Sealing Divination Charms.png,https://genshin-impact.fandom.com/wiki/Four_Sealing_Divination_Charms,https://genshin-impact.fandom.com/wiki/File%3ATalent_Four_Sealing_Divination_Charms.png,https://static.wikia.nocookie.net/gensin-impact/images/4/43/Talent_Four_Sealing_Divination_Charms.png/revision/latest?cb=20250121102240,c9a66c9351308f7bddc07e119857068acc2fb5cc
1100_T04.png,downloaded,unknown,1100,蓝砚,Lan Yan,passive,passive2,4th Ascension Passive,突破天赋2,Skyfeather Evil-Subduing Charm,苍翎镇邪敕符,,,元素战技凤缕随翦舞与元素爆发鹍弦踏月出造成的伤害值提升，提升值分别相当于蓝砚元素精通的309%和774%。,The Elemental Skill Swallow-Wisp Pinion Dance and the Elemental Burst Lustrous Moonrise deal increased DMG equal to 309% and 774% of Lan Yan's Elemental Mastery respectively.,Talent Skyfeather Evil-Subduing Charm.png,https://genshin-impact.fandom.com/wiki/Skyfeather_Evil-Subduing_Charm,https://genshin-impact.fandom.com/wiki/File%3ATalent_Skyfeather_Evil-Subduing_Charm.png,https://static.wikia.nocookie.net/gensin-impact/images/3/3c/Talent_Skyfeather_Evil-Subduing_Charm.png/revision/latest?cb=20250121102244,ac4d8d26a97a219758931d7a00ed747d3ac67a8a
1100_T05.png,skipped_existing,unknown,1100,蓝砚,Lan Yan,passive,passive3,Utility Passive,探索天赋,"Thought and Intent, Like Silken Scent",「心随芳兮意犹绵」,,,"蓝砚在队伍中时，队伍中自己的角色接近晶蝶等部分生物时，不会惊动它们。
有效对象可参考图鉴中「生物志 / 野生动物」的「其他」分类。","When Lan Yan is in the party, your characters will not startle Crystalflies and certain other animals when getting near them.
Check the ""Other"" sub-category of the ""Living Beings / Wildlife"" section in the Archive for creatures this skill works on.","Talent Thought and Intent, Like Silken Scent.png",https://genshin-impact.fandom.com/wiki/Thought_and_Intent%2C_Like_Silken_Scent,https://genshin-impact.fandom.com/wiki/File%3ATalent_Thought_and_Intent%2C_Like_Silken_Scent.png,https://static.wikia.nocookie.net/gensin-impact/images/1/11/Talent_Thought_and_Intent%2C_Like_Silken_Scent.png/revision/latest?cb=20250121102239,60a0d08d9d4420b24d9517964a17c02f7b33dd21
1101_T01.png,skipped_existing,unknown,1101,梦见月瑞希,Yumemizuki Mizuki,skill,combat2,Elemental Skill,元素战技,Aisa Utamakura Pilgrimage,秋沙歌枕巡礼,,,"编织出「美梦」的回忆，进入悬浮于地面之上的梦浮状态，并对周围的敌人造成一次风元素范围伤害。

梦浮
·处于梦浮状态下时，梦见月瑞希将持续向前浮行，并将周期性对附近的敌人造成风元素范围伤害；
·期间，梦见月瑞希可以控制浮行的方向，并提升元素爆发安乐秘汤疗法中的梦见风名物点心的拾取距离；
·基于梦见月瑞希的元素精通，提升队伍中附近的角色触发的扩散反应与星扩散反应造成的伤害；
·梦见月瑞希退场时，或是再次施放技能时，梦浮状态将会结束。","Weaves memories of lovely dreams, entering a Dreamdrifter state where Yumemizuki Mizuki floats above the ground, and dealing 1 instance of AoE Anemo DMG to nearby opponents.

Dreamdrifter
·While in the Dreamdrifter state, Yumemizuki Mizuki will continuously drift forward, dealing AoE Anemo DMG to nearby opponents at regular intervals.
·During this time, Yumemizuki Mizuki can control her direction of drift, and the pick-up distance of Yumemi Style Special Snacks from the Elemental Burst Anraku Secret Spring Therapy will be increased.
·Increases the Swirl DMG and Stellar Swirl reaction DMG that nearby party members deal based on Yumemizuki Mizuki's Elemental Mastery.
·Dreamdrifter will end when Mizuki leaves the field or uses her Elemental Skill again.",Talent Aisa Utamakura Pilgrimage.png,https://genshin-impact.fandom.com/wiki/Aisa_Utamakura_Pilgrimage,https://genshin-impact.fandom.com/wiki/File%3ATalent_Aisa_Utamakura_Pilgrimage.png,https://static.wikia.nocookie.net/gensin-impact/images/5/54/Talent_Aisa_Utamakura_Pilgrimage.png/revision/latest?cb=20250212014313,7da586a0fcc5c82760cae822f816813d1e472a0b
1101_T02.png,downloaded,unknown,1101,梦见月瑞希,Yumemizuki Mizuki,burst,combat3,Elemental Burst,元素爆发,Anraku Secret Spring Therapy,安乐秘汤疗法,,,"唤起无数「美梦」与「噩梦」的回忆，牵引附近的物体与敌人，造成风元素范围伤害，并召唤出小貘来帮忙。

小貘
将跟随当前场上角色。每隔一段时间，小貘将在附近制造出1枚「梦见风名物点心」。队伍中自己的角色拾取梦见风名物点心后，若拾取者的生命值高于70%，梦见风名物点心便会发生爆炸并释放梦念冲击波，对周围的敌人造成一次风元素范围伤害，否则会为拾取者恢复生命值，回复量受益于梦见月瑞希的元素精通。梦见月瑞希拾取梦见风名物点心并触发治疗时，治疗量还会提升100%。如果一段时间后仍未被拾取，梦见风名物点心也会发生爆炸并释放梦念冲击波，对周围的敌人造成一次风元素范围伤害。","Summons forth countless lovely dreams and nightmares that pull in nearby objects and opponents, dealing AoE Anemo DMG and summoning a Mini Baku.

Mini Baku:
Follows the current active character. At regular intervals, the Mini Baku will create 1 Yumemi Style Special Snack nearby. After one of your own party members picks up a Special Snack, if their HP is higher than 70%, the Snack will explode and unleash a Munen Shockwave, dealing 1 instance of AoE Anemo DMG to nearby opponents. Otherwise, it will heal the character who picked it up based on Yumemizuki Mizuki's Elemental Mastery. When Yumemizuki Mizuki triggers healing by picking up a Yumemi Style Special Snack, the amount of healing is increased by 100%. If a Snack is not picked up after a period of time, it will explode and release a Munen Shockwave, dealing 1 instance of AoE Anemo DMG to surrounding opponents.",Talent Anraku Secret Spring Therapy.png,https://genshin-impact.fandom.com/wiki/Anraku_Secret_Spring_Therapy,https://genshin-impact.fandom.com/wiki/File%3ATalent_Anraku_Secret_Spring_Therapy.png,https://static.wikia.nocookie.net/gensin-impact/images/b/bc/Talent_Anraku_Secret_Spring_Therapy.png/revision/latest?cb=20250212014317,3675a3d1cc65b8ae87331730cafe3d47b1dfee03
1101_T03.png,downloaded,unknown,1101,梦见月瑞希,Yumemizuki Mizuki,passive,passive1,1st Ascension Passive,突破天赋1,Bright Moon's Restless Voice,名月浮声,,,梦见月瑞希在梦浮状态下触发扩散或星扩散反应时，梦浮状态的持续时间延长2.5秒。该效果每0.3秒至多触发1次，在一次梦浮状态期间至多触发2次。,"When Yumemizuki Mizuki triggers a Swirl or Stellar Swirl reaction while in her Dreamdrifter state, Dreamdrifter's duration increases by 2.5s. This effect can trigger once every 0.3s for a maximum of 2 times per Dreamdrifter state.",Talent Bright Moon's Restless Voice.png,https://genshin-impact.fandom.com/wiki/Bright_Moon%27s_Restless_Voice,https://genshin-impact.fandom.com/wiki/File%3ATalent_Bright_Moon%27s_Restless_Voice.png,https://static.wikia.nocookie.net/gensin-impact/images/3/3b/Talent_Bright_Moon%27s_Restless_Voice.png/revision/latest?cb=20250212014319,cfcfbdbe984b766f5757dbc770593ebe2711f486
1101_T04.png,downloaded,unknown,1101,梦见月瑞希,Yumemizuki Mizuki,passive,passive2,4th Ascension Passive,突破天赋2,Thoughts by Day Bring Dreams by Night,昼想夜梦,,,梦见月瑞希处于梦浮状态下时，队伍中附近的其他角色的元素类型为火元素、水元素、冰元素或雷元素的攻击命中敌人时，梦见月瑞希的元素精通提升100点，持续4秒。,"While Yumemizuki Mizuki is in the Dreamdrifter state, when other nearby party members hit opponents with Pyro, Hydro, Cryo, or Electro attacks, her Elemental Mastery will increase by 100 for 4s.",Talent Thoughts by Day Bring Dreams by Night.png,https://genshin-impact.fandom.com/wiki/Thoughts_by_Day_Bring_Dreams_by_Night,https://genshin-impact.fandom.com/wiki/File%3ATalent_Thoughts_by_Day_Bring_Dreams_by_Night.png,https://static.wikia.nocookie.net/gensin-impact/images/1/1b/Talent_Thoughts_by_Day_Bring_Dreams_by_Night.png/revision/latest?cb=20250212014311,d8a793125383f80ce14aa5b0bc3e9d93960185e1
1101_T05.png,downloaded,unknown,1101,梦见月瑞希,Yumemizuki Mizuki,passive,passive3,Utility Passive,探索天赋,All Ailments Banished,诸病无病,,,梦见月瑞希在队伍中时，队伍中自己的角色使用不具备复苏功能的恢复类料理时的回复量有概率提升30%，该效果的触发概率基于对应角色的好感等级（旅行者使用时，该效果将始终触发）。,"When Yumemizuki Mizuki is in the party, party members have a chance to recover 30% additional HP when using healing foods that do not have reviving properties. The trigger chance for this effect increases with the corresponding character's Friendship Level. (This effect will always trigger if the Traveler is the character consuming healing food.)",Talent All Ailments Banished.png,https://genshin-impact.fandom.com/wiki/All_Ailments_Banished,https://genshin-impact.fandom.com/wiki/File%3ATalent_All_Ailments_Banished.png,https://static.wikia.nocookie.net/gensin-impact/images/a/a5/Talent_All_Ailments_Banished.png/revision/latest?cb=20250212014315,97006e21fd11b93b86dfd95f9128a73f3650466b
1101_T06.png,skipped_existing,unknown,1101,梦见月瑞希,Yumemizuki Mizuki,extra,,,,Vast Be the Dream,,,,,,Talent Vast Be the Dream.png,https://genshin-impact.fandom.com/wiki/Vast_Be_the_Dream,https://genshin-impact.fandom.com/wiki/File%3ATalent_Vast_Be_the_Dream.png,https://static.wikia.nocookie.net/gensin-impact/images/3/35/Talent_Vast_Be_the_Dream.png/revision/latest?cb=20260704004254,09a5cc3f5f3427ea4df91dff8c32b400137e1ed8
1102_T01.png,downloaded,unknown,1102,瓦雷莎,Varesa,skill,combat2,Elemental Skill,元素战技,Riding the Night-Rainbow,夜虹逐跃,,,"以迅捷如电、豪烈如雷的步法，展现摔角的真意。瓦雷莎向前方突进一段距离，对路径上的敌人造成具有夜魂性质的雷元素伤害。
施放后，瓦雷莎将获得20点夜魂值，并获得「逐击」效果：持续期间，瓦雷莎的抗打断能力提高，点按普通攻击时，瓦雷莎将快速进行重击，并且该次重击不会消耗体力；「逐击」效果将在进行重击后消除。
依据点按、长按，以不同的方式展现摔角的风格。

点按
向前方迅速突进一段距离。 

长按
瓦雷莎进入夜魂加持状态，并切换至「突驰烈进」模式。

突驰烈进
持续消耗夜魂值。在这种状态下，瓦雷莎的移动速度与抗打断能力提高，并且可以利用地形差进行飞跃，或额外消耗夜魂值在水面与液态燃素上移动，并免疫液态燃素的伤害。

夜魂加持·瓦雷莎
夜魂值耗尽时，瓦雷莎的夜魂加持将会结束。瓦雷莎在突驰烈进模式或炽热激情状态下时，将始终视为处于夜魂加持状态。

拥有2次可使用次数。当瓦雷莎进入炽热激情状态时，将额外获得一次短按施放的元素战技可用次数，并提高元素战技造成的伤害。

炽热激情
·不处于炽热激情状态下时，瓦雷莎可以通过下落攻击恢复夜魂值；通过这种方式使夜魂值达到上限时，或是施放元素爆发闪烈降临！时，瓦雷莎将进入炽热激情状态。
·在炽热激情状态下，瓦雷莎的普通攻击、元素战技和元素爆发会分别得到对应的强化，并能在进行下落攻击后的短暂时间内，施放特殊的元素爆发。
·炽热激情状态至多持续15秒，并将在消耗夜魂值后、或是脱离战斗状态一段时间后结束。","With footwork swift as lightning and fierce as thunder, Varesa displays the true spirit of lucha libre, rushing forward a certain distance and dealing Nightsoul-aligned Electro DMG to opponents in her path.
After using this Skill, Varesa gains 20 Nightsoul points and gains the ""Follow-Up Strike"" effect: Varesa has increased interruption resistance during this time, and upon pressing her Normal Attack, she will quickly unleash a Charged Attack that does not consume Stamina. ""Follow-Up Strike"" will be canceled after Varesa uses a Charged Attack.
She will use different techniques based on whether the skill is Tapped or Held.

Tap
Quickly rush a certain distance forward.

Hold
Varesa enters the Nightsoul's Blessing state and switches to Sudden Onrush mode.

Sudden Onrush
Continuously consumes Nightsoul points. In this state, Varesa's Movement SPD and interruption resistance are increased. She can use terrain to execute flying leaps or consume additional Nightsoul points to traverse atop water or liquid Phlogiston while remaining immune to DMG from the latter.

Nightsoul's Blessing: Varesa
When she runs out of Nightsoul points, her Nightsoul's Blessing state will be canceled. When Varesa is in the Sudden Onrush state or Fiery Passion state, she will always be counted as being in the Nightsoul's Blessing state.

Has 2 charges. When Varesa enters the Fiery Passion state, she will obtain an additional Tap charge of her Elemental Skill and its DMG will be increased.

Fiery Passion
· While not in the Fiery Passion state, Varesa can use Plunging Attacks to gain Nightsoul points. She will enter Fiery Passion when she reaches maximum Nightsoul points via this method, or when she uses her Elemental Burst Guardian Vent!
· While in the Fiery Passion state, her Normal Attacks, Elemental Skill, and Elemental Burst will gain unique buffs. She can also use a special Elemental Burst shortly after using a Plunging Attack.
· The Fiery Passion state lasts for up to 15s and will end when she runs out of Nightsoul points or after she leaves combat for a period of time.",Talent Riding the Night-Rainbow.png,https://genshin-impact.fandom.com/wiki/Riding_the_Night-Rainbow,https://genshin-impact.fandom.com/wiki/File%3ATalent_Riding_the_Night-Rainbow.png,https://static.wikia.nocookie.net/gensin-impact/images/b/b3/Talent_Riding_the_Night-Rainbow.png/revision/latest?cb=20250326014501,4001951c1b154e892d7ef66d05404bfb94e69101
1102_T02.png,downloaded,unknown,1102,瓦雷莎,Varesa,burst,combat3,Elemental Burst,元素爆发,Guardian Vent!,闪烈降临！,,,"如同面向孩子们的织卷中描绘的正义英雄那般，腾跃至高空，并借助下落的冲击力使出强力的飞踢，对敌人造成具有夜魂性质的雷元素范围伤害。
施放后，瓦雷莎将恢复夜魂值至上限，并进入炽热激情状态。

在炽热激情状态下，瓦雷莎的元素爆发将转为对敌人造成伤害更高的、具有夜魂性质的雷元素范围伤害。

此外，瓦雷莎在炽热激情状态下进行下落攻击后，将在短暂时间内进入「极限驱动」状态。

极限驱动
提高瓦雷莎的抗打断能力。在这种状态下，瓦雷莎将能够无视元素爆发的冷却时间，消耗更少的元素能量，施放特殊的元素爆发「闪烈降临·大火山崩落」：进行格外强力的下落攻击·大火山狂雷怒卷，在落地时造成具有夜魂性质的雷元素范围伤害，并退出极限驱动状态。该伤害视为下落攻击伤害。
施放元素战技后，将会退出极限驱动状态。","Leaps into the air before using the momentum of the drop to unleash a powerful flying kick, dealing Nightsoul-aligned AoE Electro DMG to opponents — just like those heroes of justice in woven scrolls for kids!
After using this Skill, Varesa's Nightsoul points will be restored to maximum and she will enter the Fiery Passion state.

In the Fiery Passion state, Varesa's Elemental Burst will deal a greater amount of Nightsoul-aligned AoE Electro DMG.

Additionally, she will briefly activate Apex Drive after using a Plunging Attack while in her Fiery Passion state.

Apex Drive
Increases Varesa's interruption resistance. While affected by Apex Drive, Varesa can ignore her Elemental Burst CD and consume less Energy to use her special Elemental Burst, ""Guardian Vent: Volcano Kablam"": This causes her to use the especially powerful Plunging Attack, the ""Thunderous Tornado Eruption,"" which deals Nightsoul-aligned AoE Electro DMG upon landing before causing her to exit Apex Drive. This DMG is considered Plunging Attack DMG.
Varesa will exit Apex Drive after using her Elemental Skill.",Talent Guardian Vent!.png,https://genshin-impact.fandom.com/wiki/Guardian_Vent%21,https://genshin-impact.fandom.com/wiki/File%3ATalent_Guardian_Vent%21.png,https://static.wikia.nocookie.net/gensin-impact/images/c/c9/Talent_Guardian_Vent%21.png/revision/latest?cb=20250326014459,9f0c74c2fe90a40ffd71e1d9eb01e74aa3fb55ed
1102_T03.png,downloaded,unknown,1102,瓦雷莎,Varesa,passive,passive1,1st Ascension Passive,突破天赋1,Tag-Team Triple Jump!,连势，三重腾跃！,,,"施放元素战技夜虹逐跃后，瓦雷莎获得「虹色坠击」，持续5秒。
持续期间，瓦雷莎进行下落攻击时，坠地冲击能额外造成50%攻击力的伤害；若瓦雷莎处于炽热激情状态，则坠地冲击改为能额外造成180%攻击力的伤害。

「虹色坠击」效果将在坠地冲击命中敌人或持续时间结束时解除。","After using the Elemental Skill Riding the Night-Rainbow, Varesa gains ""Rainbow Crash"" for 5s.
During this time, when Varesa uses a Plunging Attack, the shockwave DMG dealt when she hits the ground is increased by 50% of her ATK. If Varesa is in the Fiery Passion state, this ground impact DMG is increased by 180% of her ATK instead.

The Rainbow Crash effect will be canceled once a ground impact hits an opponent, or when its duration expires.",Talent Tag-Team Triple Jump!.png,https://genshin-impact.fandom.com/wiki/Tag-Team_Triple_Jump%21,https://genshin-impact.fandom.com/wiki/File%3ATalent_Tag-Team_Triple_Jump%21.png,https://static.wikia.nocookie.net/gensin-impact/images/9/9e/Talent_Tag-Team_Triple_Jump%21.png/revision/latest?cb=20250326014503,7da1e0cb768e2b293a90d7d9ea299f87695e8b88
1102_T04.png,downloaded,unknown,1102,瓦雷莎,Varesa,passive,passive2,4th Ascension Passive,突破天赋2,The Hero Twice-Returned!,英雄，二度归来！,,,队伍中的附近的角色触发「夜魂迸发」时，瓦雷莎的攻击力提升35%，持续12秒。该效果至多叠加两层，每层独立计算持续时间。,"When a nearby party member triggers a Nightsoul Burst, Varesa's ATK increases by 35% for 12s. Max 2 stacks. Each stack's duration is counted independently.",Talent The Hero Twice-Returned!.png,https://genshin-impact.fandom.com/wiki/The_Hero_Twice-Returned%21,https://genshin-impact.fandom.com/wiki/File%3ATalent_The_Hero_Twice-Returned%21.png,https://static.wikia.nocookie.net/gensin-impact/images/5/50/Talent_The_Hero_Twice-Returned%21.png/revision/latest?cb=20250326014454,a79be296fac4f0515b68099e0672891ec576df74
1102_T05.png,downloaded,unknown,1102,瓦雷莎,Varesa,passive,passive4,Additional Passive,附加天赋,"Blazing Heart, Singular Advance!",炽心，一往直前！,,,"瓦雷莎的冲刺速度获得提升，不处于战斗状态下时，冲刺消耗的体力也会提升。
此外，在纳塔存在燃素机制的区域时，队伍中自己的角色使用食物能恢复20点燃素，该效果每10秒至多触发一次，在秘境、征讨领域、深境螺旋中无效。","Varesa's Sprint speed is increased. When she is not in combat, her Sprint Stamina consumption will also increase.
Additionally, while in an area with Phlogiston Mechanics within Natlan, your party members will restore 20 Phlogiston when consuming food. This effect can occur once every 10s and does not take effect in Domains, Trounce Domains, or the Spiral Abyss.","Talent Blazing Heart, Singular Advance!.png",https://genshin-impact.fandom.com/wiki/Blazing_Heart%2C_Singular_Advance%21,https://genshin-impact.fandom.com/wiki/File%3ATalent_Blazing_Heart%2C_Singular_Advance%21.png,https://static.wikia.nocookie.net/gensin-impact/images/3/38/Talent_Blazing_Heart%2C_Singular_Advance%21.png/revision/latest?cb=20250326014457,7c06f56d1713e24b743b7bde963a47861c13001a
1102_T06.png,downloaded,unknown,1102,瓦雷莎,Varesa,extra,,,,A Torch That Incinerates Evil,,,,,,Talent A Torch That Incinerates Evil.png,https://genshin-impact.fandom.com/wiki/A_Torch_That_Incinerates_Evil,https://genshin-impact.fandom.com/wiki/File%3ATalent_A_Torch_That_Incinerates_Evil.png,https://static.wikia.nocookie.net/gensin-impact/images/f/f8/Talent_A_Torch_That_Incinerates_Evil.png/revision/latest?cb=20250326014545,8944556984ca5df2122323fe2dba1d4e6a853651
1103_T01.png,downloaded,unknown,1103,伊安珊,Iansan,skill,combat2,Elemental Skill,元素战技,Thunderbolt Rush,电掣雷驰,,,"伊安珊向前突进一段距离，对路径上的敌人造成具有夜魂性质的雷元素伤害。
施放后，伊安珊将恢复54点夜魂值，并进入夜魂加持状态。并且在突进结束后的5秒内，点按普通攻击时，伊安珊将快速施放一次不消耗体力的「雷霆飞缒」踏击。

夜魂加持·伊安珊
持续消耗夜魂值。夜魂值耗尽时，或是再次施放时，伊安珊的夜魂加持将会结束。夜魂加持状态具有如下特性：
·提升伊安珊的移动速度；
·长按冲刺会切换至「雷驰电掣」模式，短时间内大幅提升伊安珊的移动速度；在这种状态下伊安珊可以利用地形差进行飞跃，或额外消耗夜魂值在水面与液态燃素上移动，并免疫液态燃素的伤害。","Iansan charges forward a certain distance, dealing Nightsoul-aligned Electro DMG to all opponents in her path.
After this Skill is used, Iansan will regain 54 Nightsoul points and enter the Nightsoul's Blessing state. Within 5s after this is done, using a Normal Attack will trigger 1 quick Swift Stormflight stomp from Iansan that will not consume Stamina.

Nightsoul's Blessing: Iansan
Continuously consumes Nightsoul points. If she runs out, or uses this Skill again, her Nightsoul's Blessing state will end. It has the following properties:
· Increases Iansan's Movement SPD.
· Holding sprint will switch Iansan to Rushing Thunderbolt mode, greatly increasing her Movement SPD temporarily. In this mode, Iansan can make flying leaps using terrain, or consume additional Nightsoul points to move on water or liquid Phlogiston while being immune to DMG from the latter.",Talent Thunderbolt Rush.png,https://genshin-impact.fandom.com/wiki/Thunderbolt_Rush,https://genshin-impact.fandom.com/wiki/File%3ATalent_Thunderbolt_Rush.png,https://static.wikia.nocookie.net/gensin-impact/images/8/87/Talent_Thunderbolt_Rush.png/revision/latest?cb=20250326014431,8d88a7343d6148e91fe19a5ac7e187ef03934502
1103_T02.png,downloaded,unknown,1103,伊安珊,Iansan,burst,combat3,Elemental Burst,元素爆发,The Three Principles of Power,力的三原理,,,"以「力量」之名踏破大地，造成具有夜魂性质的雷元素范围伤害，并取出珍藏的限定版动能标示（健身用）。
施放时，伊安珊将获得15点夜魂值，并进入夜魂加持状态。
动能标示退场时，伊安珊的夜魂加持将会结束。

动能标示
动能标示将跟随角色行动，并根据伊安珊的夜魂值，以不同的方式使队伍中自己的当前场上角色的攻击力提升：
·若伊安珊的夜魂值少于42点，将基于伊安珊的夜魂值与攻击力，获得攻击力加成；
·若伊安珊拥有至少42点夜魂值，动能标示将切换至「炽烈声援！」模式，基于伊安珊的攻击力，获得更高的攻击力加成。
此外，动能标示存在期间，将记录除伊安珊外的队伍中自己的当前场上角色的移动距离；每秒都将基于上一秒记录的移动距离，为伊安珊恢复夜魂值。
动能标示将在伊安珊的夜魂加持结束时消失。不处于战斗状态下时，动能标示将在1秒后消失。动能标示存在期间，伊安珊处于后台时，夜魂加持也不会结束。","Iansan's stomping foot shatters the very earth with ""Power,"" dealing Nightsoul-aligned AoE Electro DMG. She then whips out her ""Limited-Edition Kinetic Energy Scale (For Workouts).""
When this Skill is used, Iansan will gain 15 Nightsoul points and enter the Nightsoul's Blessing state.
When the Kinetic Energy Scale leaves the field, Iansan's Nightsoul's Blessing state will end.

Kinetic Energy Scale
The Kinetic Energy Scale will follow the character around, boosting the ATK of your current active party member in different ways based on Iansan's Nightsoul points.
· If Iansan has less than 42 Nightsoul points, the ATK bonus will be based on her Nightsoul points and ATK.
· If Iansan has at least 42 Nightsoul points, the Kinetic Energy Scale will switch to the ""Ardent Support!"" state, in which the ATK bonus will be stronger and based on her ATK alone.
Additionally, the Scale will log the distance your current active character (excluding Iansan) has moved so long as it is active, restoring Nightsoul points to Iansan every second based on the distance moved in the previous second.
The Scale will disappear once her Nightsoul's Blessing state ends. It will also disappear after 1 second when you are not in a state of combat. While it is active, Iansan's Nightsoul's Blessing state will not end even if she is not on the field.",Talent The Three Principles of Power.png,https://genshin-impact.fandom.com/wiki/The_Three_Principles_of_Power,https://genshin-impact.fandom.com/wiki/File%3ATalent_The_Three_Principles_of_Power.png,https://static.wikia.nocookie.net/gensin-impact/images/3/32/Talent_The_Three_Principles_of_Power.png/revision/latest?cb=20250326014441,e7e2d8e08842dd5a0dbad40b13125407d9755b96
1103_T03.png,downloaded,unknown,1103,伊安珊,Iansan,passive,passive1,1st Ascension Passive,突破天赋1,Enhanced Resistance Training,强化抗阻练习,,,"「雷霆飞缒」命中敌人后，伊安珊将获得「标准动作」效果，持续15秒。
持续期间，伊安珊的攻击力提升20%，通过元素爆发力的三原理中的动能标示恢复夜魂值时，还会额外恢复1点夜魂值；此外，队伍中自己的当前场上角色消耗或恢复夜魂值后，伊安珊下一次通过动能标示恢复夜魂值时，额外恢复的夜魂值提升至4点，该效果每2.8秒至多触发一次。
「标准动作」效果将在伊安珊的夜魂加持结束时消失。","After Swift Stormflight hits opponents, Iansan will gain the Precise Movement effect for 15s.
During this time, her ATK is increased by 20%, and whenever she regains Nightsoul points through the Kinetic Energy Scale in her Elemental Burst, The Three Principles of Power, she will gain 1 extra Nightsoul point. Additionally, when your current active party member consumes or restores Nightsoul points, the extra Nightsoul points Iansan gains the next time she restores Nightsoul points via the Scale will be increased to 4. This effect can occur once every 2.8s.
""Precise Movement"" will expire when Iansan's Nightsoul's Blessing state ends.",Talent Enhanced Resistance Training.png,https://genshin-impact.fandom.com/wiki/Enhanced_Resistance_Training,https://genshin-impact.fandom.com/wiki/File%3ATalent_Enhanced_Resistance_Training.png,https://static.wikia.nocookie.net/gensin-impact/images/7/78/Talent_Enhanced_Resistance_Training.png/revision/latest?cb=20250326014435,2462284115eac6f37900cbbf8e3cb3372e4f0ca1
1103_T04.png,skipped_existing,unknown,1103,伊安珊,Iansan,passive,passive2,4th Ascension Passive,突破天赋2,Kinetic Energy Gradient Test,动能梯度测验,,,"队伍中的附近的角色触发「夜魂迸发」时，伊安珊将获得「热身效应」，持续10秒。
持续期间，伊安珊恢复至少1点夜魂值时，会为当前场上自己的角色恢复生命值，回复量相当于伊安珊攻击力的60%，该效果每2.8秒至多触发一次。","When a nearby party member triggers a Nightsoul Burst, Iansan will obtain the Warming Up effect for 10s.
During this time, when Iansan restores at least 1 Nightsoul point, she will heal your current active character for 60% of her ATK. This effect can be triggered once every 2.8s.",Talent Kinetic Energy Gradient Test.png,https://genshin-impact.fandom.com/wiki/Kinetic_Energy_Gradient_Test,https://genshin-impact.fandom.com/wiki/File%3ATalent_Kinetic_Energy_Gradient_Test.png,https://static.wikia.nocookie.net/gensin-impact/images/1/13/Talent_Kinetic_Energy_Gradient_Test.png/revision/latest?cb=20250326014439,7875238f72060e722a00cc67589458e60ae371c2
1103_T05.png,downloaded,unknown,1103,伊安珊,Iansan,passive,passive4,Additional Passive,附加天赋,Caloric Balancing Plan,热量均衡计划,,,在纳塔存在燃素机制的区域时，当燃素从50%以上降低至50%以下时能恢复10点燃素，该效果每10秒至多触发一次。,"While in an area with Phlogiston Mechanics within Natlan, regain 10 Phlogiston when Phlogiston levels drop below 50%. This can occur once every 10s.",Talent Caloric Balancing Plan.png,https://genshin-impact.fandom.com/wiki/Caloric_Balancing_Plan,https://genshin-impact.fandom.com/wiki/File%3ATalent_Caloric_Balancing_Plan.png,https://static.wikia.nocookie.net/gensin-impact/images/3/39/Talent_Caloric_Balancing_Plan.png/revision/latest?cb=20250326014433,f88fa3de607fe993d7de22bd9188fee36ea6ec93
1103_T06.png,downloaded,unknown,1103,伊安珊,Iansan,extra,,,,Hard Work and Drive,,,,,,Talent Hard Work and Drive.png,https://genshin-impact.fandom.com/wiki/Hard_Work_and_Drive,https://genshin-impact.fandom.com/wiki/File%3ATalent_Hard_Work_and_Drive.png,https://static.wikia.nocookie.net/gensin-impact/images/1/17/Talent_Hard_Work_and_Drive.png/revision/latest?cb=20250326014437,8944556984ca5df2122323fe2dba1d4e6a853651
1103_T07.png,downloaded,unknown,1103,伊安珊,Iansan,extra,,,,Thunderbolt Rush 2,,,,,,Talent Thunderbolt Rush 2.png,https://genshin-impact.fandom.com/wiki/Thunderbolt_Rush_2,https://genshin-impact.fandom.com/wiki/File%3ATalent_Thunderbolt_Rush_2.png,https://static.wikia.nocookie.net/gensin-impact/images/0/0e/Talent_Thunderbolt_Rush_2.png/revision/latest?cb=20260728015515,550d4352703b3fc94c907c3e8a28424068de4e37
1103_T08.png,downloaded,unknown,1103,伊安珊,Iansan,extra,,,,Thunderbolt Rush 3,,,,,,Talent Thunderbolt Rush 3.png,https://genshin-impact.fandom.com/wiki/Thunderbolt_Rush_3,https://genshin-impact.fandom.com/wiki/File%3ATalent_Thunderbolt_Rush_3.png,https://static.wikia.nocookie.net/gensin-impact/images/0/0d/Talent_Thunderbolt_Rush_3.png/revision/latest?cb=20260728015517,55fa55433ce1b4075e5a5d7f2e18a9a555c8500f
1103_T09.png,downloaded,unknown,1103,伊安珊,Iansan,extra,,,,Thunderbolt Rush 4,,,,,,Talent Thunderbolt Rush 4.png,https://genshin-impact.fandom.com/wiki/Thunderbolt_Rush_4,https://genshin-impact.fandom.com/wiki/File%3ATalent_Thunderbolt_Rush_4.png,https://static.wikia.nocookie.net/gensin-impact/images/e/e9/Talent_Thunderbolt_Rush_4.png/revision/latest?cb=20260728015519,7d083decf8db8b02826dd57be1579287b9f1e7a9
1104_T03.png,downloaded,unknown,1104,爱可菲,Escoffier,passive,passive1,1st Ascension Passive,突破天赋1,Better to Salivate Than Medicate,美食胜过良药,,,施放元素爆发**花刀技法**后，爱可菲将获得「康复食疗」效果，持续9秒：每1秒为附近的当前场上角色恢复生命值，回复值受益于爱可菲自己攻击力的138.24%。,"After using the Elemental Burst **Scoring Cuts**, Escoffier will obtain the Rehab Diet effect for 9s: Restores HP for nearby active characters every 1s based on 138.24% of Escoffier's ATK.",Talent Better to Salivate Than Medicate.png,https://genshin-impact.fandom.com/wiki/Better_to_Salivate_Than_Medicate,https://genshin-impact.fandom.com/wiki/File%3ATalent_Better_to_Salivate_Than_Medicate.png,https://static.wikia.nocookie.net/gensin-impact/images/0/0e/Talent_Better_to_Salivate_Than_Medicate.png/revision/latest?cb=20250509165053,d2109cda6acf45cdd316cae2e66132c620ee1d1d
1104_T04.png,downloaded,unknown,1104,爱可菲,Escoffier,passive,passive2,4th Ascension Passive,突破天赋2,Inspiration-Immersed Seasoning,灵感浸入调味,,,当队伍中存在1/2/3/4名水元素或冰元素角色时，爱可菲的元素战技**低温烹饪**或元素爆发**花刀技法**命中敌人时，将使该敌人的水元素抗性与冰元素抗性降低5%/10%/15%/55%，持续12秒。,"When there are 1/2/3/4 Hydro or Cryo characters in the party, Escoffier will decrease the Hydro RES and Cryo RES of any opponents hit by her Elemental Skill, **Low-Temperature Cooking**, or her Elemental Burst, **Scoring Cuts**, by 5%/10%/15%/55% for 12s.",Talent Inspiration-Immersed Seasoning.png,https://genshin-impact.fandom.com/wiki/Inspiration-Immersed_Seasoning,https://genshin-impact.fandom.com/wiki/File%3ATalent_Inspiration-Immersed_Seasoning.png,https://static.wikia.nocookie.net/gensin-impact/images/a/a2/Talent_Inspiration-Immersed_Seasoning.png/revision/latest?cb=20250509165115,f90cbc295e8fd620e2abfebdf510d8a3cab8df4f
1104_T05.png,skipped_existing,unknown,1104,爱可菲,Escoffier,passive,passive2,4th Ascension Passive,突破天赋2,Scoring Cuts,花刀技法,Inspiration-Immersed Seasoning,灵感浸入调味,当队伍中存在1/2/3/4名水元素或冰元素角色时，爱可菲的元素战技**低温烹饪**或元素爆发**花刀技法**命中敌人时，将使该敌人的水元素抗性与冰元素抗性降低5%/10%/15%/55%，持续12秒。,"When there are 1/2/3/4 Hydro or Cryo characters in the party, Escoffier will decrease the Hydro RES and Cryo RES of any opponents hit by her Elemental Skill, **Low-Temperature Cooking**, or her Elemental Burst, **Scoring Cuts**, by 5%/10%/15%/55% for 12s.",Talent Scoring Cuts.png,https://genshin-impact.fandom.com/wiki/Scoring_Cuts,https://genshin-impact.fandom.com/wiki/File%3ATalent_Scoring_Cuts.png,https://static.wikia.nocookie.net/gensin-impact/images/e/e0/Talent_Scoring_Cuts.png/revision/latest?cb=20250509165002,4a945ac6b7022221e003246f81ff7b5be73e02b7
1104_T06.png,downloaded,unknown,1104,爱可菲,Escoffier,passive,passive3,Utility Passive,探索天赋,Constant Off-the-Cuff Cookery,时时刻刻的即兴料理,,,"长按施放元素战技**低温烹饪**时，将以「即兴烹饪」模式启动全频谱多重任务厨艺机关。

厨艺机关·即兴烹饪模式
·在场上放置厨艺机关。厨艺机关可以吸收元素攻击。吸收的元素能量达到临界值时，将使爱可菲事先放入其中的食材转化为美食。
·爱可菲需要时间采购新的食材，每周只能通过这种方式制作一定数量的料理。制作料理的次数每周一凌晨4点重置。","When using the Hold form of her Elemental Skill **Low-Temperature Cooking**, Escoffier will activate her All-Spectrum Multi-Use Cooking Mek in its Off-the-Cuff Cookery mode.

Cooking Mek: Off-the-Cuff Cookery Mode
· Places the Cooking Mek on the field. The Cooking Mek can absorb elemental attacks. When the absorbed elemental energy hits a certain limit, Escoffier can convert the ingredients placed within it into wonderful food.
· Escoffier needs time to purchase new ingredients, so she can only make a certain number of dishes like this each week. The number of dishes Escoffier can make resets every Monday at 4:00 AM .",Talent Constant Off-the-Cuff Cookery.png,https://genshin-impact.fandom.com/wiki/Constant_Off-the-Cuff_Cookery,https://genshin-impact.fandom.com/wiki/File%3ATalent_Constant_Off-the-Cuff_Cookery.png,https://static.wikia.nocookie.net/gensin-impact/images/4/48/Talent_Constant_Off-the-Cuff_Cookery.png/revision/latest?cb=20250509165142,5cfe9d65aaeff30dfef6c19970b50be278e21364
1104_T07.png,downloaded,unknown,1104,爱可菲,Escoffier,passive,passive3,Utility Passive,探索天赋,Low-Temperature Cooking,低温烹饪,Constant Off-the-Cuff Cookery,时时刻刻的即兴料理,"长按施放元素战技**低温烹饪**时，将以「即兴烹饪」模式启动全频谱多重任务厨艺机关。

厨艺机关·即兴烹饪模式
·在场上放置厨艺机关。厨艺机关可以吸收元素攻击。吸收的元素能量达到临界值时，将使爱可菲事先放入其中的食材转化为美食。
·爱可菲需要时间采购新的食材，每周只能通过这种方式制作一定数量的料理。制作料理的次数每周一凌晨4点重置。","When using the Hold form of her Elemental Skill **Low-Temperature Cooking**, Escoffier will activate her All-Spectrum Multi-Use Cooking Mek in its Off-the-Cuff Cookery mode.

Cooking Mek: Off-the-Cuff Cookery Mode
· Places the Cooking Mek on the field. The Cooking Mek can absorb elemental attacks. When the absorbed elemental energy hits a certain limit, Escoffier can convert the ingredients placed within it into wonderful food.
· Escoffier needs time to purchase new ingredients, so she can only make a certain number of dishes like this each week. The number of dishes Escoffier can make resets every Monday at 4:00 AM .",Talent Low-Temperature Cooking.png,https://genshin-impact.fandom.com/wiki/Low-Temperature_Cooking,https://genshin-impact.fandom.com/wiki/File%3ATalent_Low-Temperature_Cooking.png,https://static.wikia.nocookie.net/gensin-impact/images/d/d5/Talent_Low-Temperature_Cooking.png/revision/latest?cb=20250509165345,0100e5a39b0731df5e252e18847ffedbcf629877
1105_T01.png,downloaded,unknown,1105,伊法,Ifa,skill,combat2,Elemental Skill,元素战技,Airborne Disease Prevention,空天疾护,,,"到好哥们出场的时候了，哥们！伊法唤来咔库库一同战斗。
施放后，伊法将获得80点夜魂值，并进入**夜魂加持**状态。夜魂加持状态期间，伊法将在咔库库的帮助下悬浮，进行普通攻击时，将依据点按、长按，转为以不同的方式进行**「援护射击」**，发射能够为队伍中所有角色恢复生命值的秘药弹。

此外，在夜魂加持状态下，长按施放元素战技空天疾护时，伊法将转为进行具有夜魂性质的下落攻击，松开技能时可以中断下落攻击，并维持悬浮状态；在下落攻击过程中落地时，伊法的夜魂加持将会结束。","It's time for the real bash bros to step up! Ifa calls Cacucu in as backup.
After using this skill, Ifa gains 80 Nightsoul points and enters the **Nightsoul's Blessing** state. In the Nightsoul's Blessing state, Ifa will hover with Cacucu's help. When he uses Normal Attacks in this state, he will use different kinds of **Supporting Fire** depending on whether you Tap or Hold, firing Tonicshots that are capable of healing all party members.

Additionally, Holding the Elemental Skill Airborne Disease Prevention while Ifa is in Nightsoul's Blessing will cause him to use a Nightsoul-aligned Plunging Attack. Letting go of the skill button will interrupt this Plunging Attack to maintain his hover. If Ifa lands due to this Plunging Attack, his Nightsoul's Blessing state will end.",Talent Airborne Disease Prevention.png,https://genshin-impact.fandom.com/wiki/Airborne_Disease_Prevention,https://genshin-impact.fandom.com/wiki/File%3ATalent_Airborne_Disease_Prevention.png,https://static.wikia.nocookie.net/gensin-impact/images/f/f9/Talent_Airborne_Disease_Prevention.png/revision/latest?cb=20250507180923,1314f59a53fe4d7996149107ae2c4e778c293635
1105_T02.png,downloaded,unknown,1105,伊法,Ifa,burst,combat3,Elemental Burst,元素爆发,Compound Sedation Field,复合镇静域,,,"向（暂时还没有冷静下来的）敌人发射一枚疗域镇静剂。疗域镇静剂将在命中时炸裂，产生固缚风场，牵引附近的物品与敌人，并造成具有夜魂性质的风元素范围伤害。
疗域镇静剂命中处于水元素/火元素/冰元素/雷元素附着下的敌人时，会为这些敌人施加**「镇静标记」**效果。","Fires a Therapeutic Sedative at a (temporarily aggressive) opponent. The sedative will explode on impact, creating a restraining wind current that pulls nearby objects and opponents in while dealing Nightsoul-aligned AoE Anemo DMG.
When the Therapeutic Sedative hits an opponent affected by Hydro/Pyro/Cryo/Electro, it will apply a **Sedation Mark** to them.",Talent Compound Sedation Field.png,https://genshin-impact.fandom.com/wiki/Compound_Sedation_Field,https://genshin-impact.fandom.com/wiki/File%3ATalent_Compound_Sedation_Field.png,https://static.wikia.nocookie.net/gensin-impact/images/5/5d/Talent_Compound_Sedation_Field.png/revision/latest?cb=20250507181006,218fd151886d6246ecf116db07e771edfd1435c8
1105_T03.png,downloaded,unknown,1105,伊法,Ifa,passive,passive1,1st Ascension Passive,突破天赋1,Field Medic's Vision,场中医者视野,,,伊法处于夜魂加持状态下时，将基于队伍中所有角色当前夜魂值的总和，每1点夜魂值都将使伊法获得1点**「救援要义」**。救援要义可以提升队伍中附近的角色触发的扩散、星扩散、感电、月感电反应造成的伤害。,"When Ifa is in the Nightsoul's Blessing state, every 1 Nightsoul point out of the current total in his entire party will grant him 1 **Rescue Essentials** point. Rescue Essentials will increase the Swirl, Stellar Swirl, Electro-Charged, and Lunar-Charged reaction DMG dealt by nearby party members.",Talent Field Medic's Vision.png,https://genshin-impact.fandom.com/wiki/Field_Medic%27s_Vision,https://genshin-impact.fandom.com/wiki/File%3ATalent_Field_Medic%27s_Vision.png,https://static.wikia.nocookie.net/gensin-impact/images/4/4e/Talent_Field_Medic%27s_Vision.png/revision/latest?cb=20250507181031,74d59e86863e5823cf3c56240ace7b6518fca62e
1105_T04.png,downloaded,unknown,1105,伊法,Ifa,passive,passive2,4th Ascension Passive,突破天赋2,Mutual Aid Agreement,互助救援协议,,,队伍中的附近的角色触发「夜魂迸发」时，伊法的元素精通提升80点，持续10秒。,"When nearby party members trigger Nightsoul Bursts, Ifa's Elemental Mastery increases by 80 for 10s.",Talent Mutual Aid Agreement.png,https://genshin-impact.fandom.com/wiki/Mutual_Aid_Agreement,https://genshin-impact.fandom.com/wiki/File%3ATalent_Mutual_Aid_Agreement.png,https://static.wikia.nocookie.net/gensin-impact/images/7/71/Talent_Mutual_Aid_Agreement.png/revision/latest?cb=20250507181051,afdc893337eea7bb5135e866ca1afee16bc769e8
1105_T05.png,downloaded,unknown,1105,伊法,Ifa,passive,passive4,Additional Passive,附加天赋,Tactical Warm Compress Bandaging,温敷战术包扎,,,在纳塔存在燃素机制的区域时，队伍中自己的当前场上角色或受魂附的龙生命值低于40%时，伊法将消耗10点燃素为其恢复40%生命值。该效果每10秒至多触发一次，在秘境、征讨领域、深境螺旋中无效。,"While in an area with Phlogiston Mechanics within Natlan, when the current active party member or indwelt saurian has less than 40% HP, Ifa will consume 10 Phlogiston and restore 40% of their HP. This effect can trigger once every 10s, and does not take effect in Domains, Trounce Domains, or the Spiral Abyss.",Talent Tactical Warm Compress Bandaging.png,https://genshin-impact.fandom.com/wiki/Tactical_Warm_Compress_Bandaging,https://genshin-impact.fandom.com/wiki/File%3ATalent_Tactical_Warm_Compress_Bandaging.png,https://static.wikia.nocookie.net/gensin-impact/images/9/93/Talent_Tactical_Warm_Compress_Bandaging.png/revision/latest?cb=20250507181143,3c02a3527463ffe69960f6e50f682947d7f6bba7
1105_T06.png,downloaded,unknown,1105,伊法,Ifa,extra,,,,Airborne Disease Prevention 2,,,,,,Talent Airborne Disease Prevention 2.png,https://genshin-impact.fandom.com/wiki/Airborne_Disease_Prevention_2,https://genshin-impact.fandom.com/wiki/File%3ATalent_Airborne_Disease_Prevention_2.png,https://static.wikia.nocookie.net/gensin-impact/images/b/b9/Talent_Airborne_Disease_Prevention_2.png/revision/latest?cb=20260728015529,a6a68039c846eef87a5737b73523aaf8ef476ccd
1105_T07.png,downloaded,unknown,1105,伊法,Ifa,extra,,,,Airborne Disease Prevention 3,,,,,,Talent Airborne Disease Prevention 3.png,https://genshin-impact.fandom.com/wiki/Airborne_Disease_Prevention_3,https://genshin-impact.fandom.com/wiki/File%3ATalent_Airborne_Disease_Prevention_3.png,https://static.wikia.nocookie.net/gensin-impact/images/0/0a/Talent_Airborne_Disease_Prevention_3.png/revision/latest?cb=20260728015531,336bebcea52a82dd05b50b27ec39ea5232a3a6f9
1105_T08.png,downloaded,unknown,1105,伊法,Ifa,extra,,,,Airborne Disease Prevention 4,,,,,,Talent Airborne Disease Prevention 4.png,https://genshin-impact.fandom.com/wiki/Airborne_Disease_Prevention_4,https://genshin-impact.fandom.com/wiki/File%3ATalent_Airborne_Disease_Prevention_4.png,https://static.wikia.nocookie.net/gensin-impact/images/c/c7/Talent_Airborne_Disease_Prevention_4.png/revision/latest?cb=20260728015533,a620cae58205c0be6e1f21811b37d6f8343c6193
1105_T09.png,downloaded,unknown,1105,伊法,Ifa,extra,,,,Airborne Disease Prevention 5,,,,,,Talent Airborne Disease Prevention 5.png,https://genshin-impact.fandom.com/wiki/Airborne_Disease_Prevention_5,https://genshin-impact.fandom.com/wiki/File%3ATalent_Airborne_Disease_Prevention_5.png,https://static.wikia.nocookie.net/gensin-impact/images/9/97/Talent_Airborne_Disease_Prevention_5.png/revision/latest?cb=20260728015535,7c116c6efaa90157e25253e723f49dddc0b8dd77
1105_T10.png,downloaded,unknown,1105,伊法,Ifa,extra,,,,Airborne Disease Prevention 6,,,,,,Talent Airborne Disease Prevention 6.png,https://genshin-impact.fandom.com/wiki/Airborne_Disease_Prevention_6,https://genshin-impact.fandom.com/wiki/File%3ATalent_Airborne_Disease_Prevention_6.png,https://static.wikia.nocookie.net/gensin-impact/images/d/dd/Talent_Airborne_Disease_Prevention_6.png/revision/latest?cb=20260728015537,7a6710b7a38b5a8a55f4ceb732e911ef4f4bb68d
1105_T11.png,downloaded,unknown,1105,伊法,Ifa,extra,,,,Airborne Disease Prevention 7,,,,,,Talent Airborne Disease Prevention 7.png,https://genshin-impact.fandom.com/wiki/Airborne_Disease_Prevention_7,https://genshin-impact.fandom.com/wiki/File%3ATalent_Airborne_Disease_Prevention_7.png,https://static.wikia.nocookie.net/gensin-impact/images/1/12/Talent_Airborne_Disease_Prevention_7.png/revision/latest?cb=20260728015539,003e88f3d8337201a27396f9cc4d408bd48f72aa
1105_T12.png,downloaded,unknown,1105,伊法,Ifa,extra,,,,Focused Emergency Rescue,,,,,,Talent Focused Emergency Rescue.png,https://genshin-impact.fandom.com/wiki/Focused_Emergency_Rescue,https://genshin-impact.fandom.com/wiki/File%3ATalent_Focused_Emergency_Rescue.png,https://static.wikia.nocookie.net/gensin-impact/images/3/30/Talent_Focused_Emergency_Rescue.png/revision/latest?cb=20250507181122,325d61ec96b879cd9c8ca2d98089427d669733ab
1106_T01.png,downloaded,unknown,1106,丝柯克,Skirk,skill,combat2,Elemental Skill,元素战技,Havoc: Warp,极恶技·闪,,,"仿拟极恶骑的战斗风格，依据点按、长按，以不同的方式产生效果。

点按
丝柯克获得45点**蛇之狡谋**，并切换至**七相一闪**模式。

长按
丝柯克获得45点蛇之狡谋，并将持续快速移动，在该状态下提高丝柯克的抗打断能力。
期间，丝柯克可以控制快速移动的方向，且可以在水面上移动，并能通过再次施放技能，提前结束快速移动状态。","Imitates the combat style of ""The Foul."" Produces different effects depending on whether you Tap or Hold.

Tap
Skirk gains 45 **Serpent's Subtlety** and switches to **Seven-Phase Flash** mode.

Hold
Skirk gains 45 Serpent's Subtlety and will continuously move at high speed. Her interruption resistance is increased in this state.
During this time, Skirk can control her movement direction and move atop water. She can also use this Skill again to end rapid movement prematurely.",Talent Havoc Warp.png,https://genshin-impact.fandom.com/wiki/Havoc_Warp,https://genshin-impact.fandom.com/wiki/File%3ATalent_Havoc_Warp.png,https://static.wikia.nocookie.net/gensin-impact/images/7/73/Talent_Havoc_Warp.png/revision/latest?cb=20250618024544,6da9cbaf17c093963d33859340d470a9c2c2f930
1106_T02.png,skipped_existing,unknown,1106,丝柯克,Skirk,burst,combat3,Elemental Burst,元素爆发,Havoc: Ruin,极恶技·灭,,,"丝柯克的元素爆发不依靠元素能量，而是依靠**蛇之狡谋**。
当丝柯克拥有至少50点蛇之狡谋时，丝柯克可以消耗所有蛇之狡谋，施放元素爆发，撕裂前方的空间并进行高速的连续斩击，造成冰元素范围伤害。同时，依据施放时丝柯克拥有的蛇之狡谋超过50点的部分，每1点蛇之狡谋都将提升本次元素爆发造成的伤害，至多通过这种方式计入12点蛇之狡谋。

丝柯克处于**七相一闪**模式下时，元素爆发「极恶技·灭」将会被替换为「极恶技·尽」。

极恶技·尽
无需消耗蛇之狡谋即可施放的特殊元素爆发。
施放后，丝柯克将获得凋尽效果，效果持续至七相一闪模式结束；解锁突破天赋**理外之理**后，丝柯克还将汲取附近一定范围内的虚境裂隙。
凋尽效果持续期间，每0.1秒，丝柯克的普通攻击命中敌人后，将使本次普通攻击造成的伤害提高；若施放极恶技·尽时，汲取了虚境裂隙，则会依据汲取的虚境裂隙枚数，使本次普通攻击造成的伤害进一步提高。
该效果将在触发次数达到10次时解除。","Skirk's Elemental Burst is not reliant on Elemental Energy but instead on **Serpent's Subtlety**.
When Skirk has at least 50 Serpent's Subtlety, she can expend all her Serpent's Subtlety to unleash her Elemental Burst, ripping the space before her apart and using rapid consecutive slashes that deal AoE Cryo DMG. At the same time, the DMG dealt by an instance of this Elemental Burst will be increased by every point of Serpent's Subtlety over 50 when it is unleashed. Up to 12 points can be counted for this purpose.

When Skirk is in **Seven-Phase Flash** mode, Havoc: Ruin will be replaced by Havoc: Extinction.

Havoc: Extinction
A special Elemental Burst that can be used even without consuming Serpent's Subtlety.
After using it, Skirk will gain the ""All Shall Wither"" effect, which will last until Seven-Phase Flash ends. After unlocking the Ascension Talent **Reason Beyond Reason**, she can also absorb nearby Void Rifts.
While ""All Shall Wither"" is active, every 0.1s, after Skirk's Normal Attack hits an opponent, that Normal Attack will deal increased DMG. If she absorbed any Void Rifts while using Havoc: Extinction, this Normal Attack's DMG will be further increased based on the number of Rifts absorbed.
This effect will be canceled when it has triggered 10 times.",Talent Havoc Ruin.png,https://genshin-impact.fandom.com/wiki/Havoc_Ruin,https://genshin-impact.fandom.com/wiki/File%3ATalent_Havoc_Ruin.png,https://static.wikia.nocookie.net/gensin-impact/images/1/1c/Talent_Havoc_Ruin.png/revision/latest?cb=20250618024542,f3480cd4a3fd6662801f2306afaa64e5d404b926
1106_T03.png,downloaded,unknown,1106,丝柯克,Skirk,passive,passive1,1st Ascension Passive,突破天赋1,Reason Beyond Reason,理外之理,,,"队伍中附近的角色对敌人触发冻结、超导、星超导、冰元素扩散、星扩散或冰元素结晶反应时，将在敌人附近创造一枚虚境裂隙。该效果每2.5秒至多触发一次，场上至多存在3枚丝柯克自己创造的虚境裂隙。

丝柯克可以通过以下方式，汲取附近一定范围内的虚境裂隙：
·在**七相一闪**模式下进行的重击命中敌人时；
·施放七相一闪模式下的特殊元素爆发极恶技·尽时；
·长按施放元素战技极恶技·闪进行快速移动时。

每汲取一枚虚境裂隙，丝柯克将获得8点**蛇之狡谋**。","When nearby party members trigger Frozen, Superconduct, Stellar-Conduct, Cryo Swirl, Stellar Swirl, or Cryo Crystallize reactions against opponents, a Void Rift will be created near this opponent. This effect can be triggered once every 2.5s. 3 Void Rifts created by Skirk herself can exist on the field at once.

Skirk can use the following methods to absorb nearby Void Rifts:
· When she hits an opponent with a Charged Attack in her **Seven-Phase Flash** mode.
· When she uses the special Elemental Burst Havoc: Extinction while in Seven-Phase Flash mode.
· When she Holds her Elemental Skill Havoc: Warp to engage in rapid movement.

Each Rift absorbed will grant her 8 **Serpent's Subtlety** points.",Talent Reason Beyond Reason.png,https://genshin-impact.fandom.com/wiki/Reason_Beyond_Reason,https://genshin-impact.fandom.com/wiki/File%3ATalent_Reason_Beyond_Reason.png,https://static.wikia.nocookie.net/gensin-impact/images/2/20/Talent_Reason_Beyond_Reason.png/revision/latest?cb=20250618024548,bf105ab8b8ac100d96afb7bb6ee923892244f3c2
1106_T04.png,downloaded,unknown,1106,丝柯克,Skirk,passive,passive2,4th Ascension Passive,突破天赋2,Return to Oblivion,万流归寂,,,"队伍中附近的元素类型为水元素的角色的水元素攻击命中敌人时，或是队伍中附近的元素类型为冰元素的其他角色的冰元素攻击命中敌人时，丝柯克将获得一层持续20秒的死河渡断效果，至多叠加3层，每层独立计算持续时间。
每名角色至多通过这种方式使丝柯克获得1层死河渡断效果。
每层死河渡断效果会使丝柯克在**七相一闪**模式下时进行的普通攻击造成原本110%/120%/170%的伤害，且施放的元素爆发极恶技·灭造成原本105%/115%/160%的伤害。","When nearby Hydro party members' Hydro attacks hit opponents, or when nearby Cryo party members apart from Skirk hit opponents with Cryo attacks, Skirk will gain the ""Death's Crossing"" effect for 20s. Max 3 stacks, each stack's duration is counted independently.
Each character can grant Skirk at most 1 ""Death's Crossing"" stack by this means.
Each ""Death's Crossing"" stack increases the Normal Attack DMG dealt by Skirk in **Seven-Phase Flash** mode to 110%/120%/170% of its original DMG and the DMG dealt when using her Elemental Burst Havoc: Ruin to 105%/115%/160% of its original DMG.",Talent Return to Oblivion.png,https://genshin-impact.fandom.com/wiki/Return_to_Oblivion,https://genshin-impact.fandom.com/wiki/File%3ATalent_Return_to_Oblivion.png,https://static.wikia.nocookie.net/gensin-impact/images/2/25/Talent_Return_to_Oblivion.png/revision/latest?cb=20250618024540,5c1513164788ad41bd354b2868f6a9de64e896a8
1106_T05.png,skipped_existing,unknown,1106,丝柯克,Skirk,passive,passive3,Utility Passive,探索天赋,Mutual Weapons Mentorship,诸武相授,,,队伍中所有角色的元素类型均为水元素或冰元素，并且至少有一名水元素角色、一名冰元素角色时，队伍中自己的角色的元素战技等级提高1级。,"When all party members are either Hydro or Cryo, and if there is at least 1 Hydro and 1 Cryo character, your own party members' Elemental Skill Level is increased by 1.",Talent Mutual Weapons Mentorship.png,https://genshin-impact.fandom.com/wiki/Mutual_Weapons_Mentorship,https://genshin-impact.fandom.com/wiki/File%3ATalent_Mutual_Weapons_Mentorship.png,https://static.wikia.nocookie.net/gensin-impact/images/9/91/Talent_Mutual_Weapons_Mentorship.png/revision/latest?cb=20250618024546,81347a75d70d4debeee2c3c7c4f66396e92681cd
1106_T06.png,downloaded,unknown,1106,丝柯克,Skirk,extra,,,,Havoc Extinction,,,,,,Talent Havoc Extinction.png,https://genshin-impact.fandom.com/wiki/Havoc_Extinction,https://genshin-impact.fandom.com/wiki/File%3ATalent_Havoc_Extinction.png,https://static.wikia.nocookie.net/gensin-impact/images/a/aa/Talent_Havoc_Extinction.png/revision/latest?cb=20250622160059,a144c7bf5b64526d39ae254ac3059d6e3276ce97
1106_T07.png,downloaded,unknown,1106,丝柯克,Skirk,extra,,,,Havoc Warp 2,,,,,,Talent Havoc Warp 2.png,https://genshin-impact.fandom.com/wiki/Havoc_Warp_2,https://genshin-impact.fandom.com/wiki/File%3ATalent_Havoc_Warp_2.png,https://static.wikia.nocookie.net/gensin-impact/images/b/b1/Talent_Havoc_Warp_2.png/revision/latest?cb=20250705004027,541c88977dd0760675603e9a622d6b2e7c6bf4d9
1107_T01.png,skipped_existing,unknown,1107,塔利雅,Dahlia,skill,combat2,Elemental Skill,元素战技,Immersive Ordinance,圣浸的礼典,,,"是时候玩些有趣的小把戏啦！依据点按、长按，以不同的方式唤出雾雨秘迹。

点按
短暂祷告后，在前方唤出雾雨秘迹。

长按
持续进行祷告，并在祷告结束时，在指定位置唤出雾雨秘迹。

雾雨秘迹
敌人或队伍中附近的角色接触到雾雨秘迹后，依据接触者的不同，将会产生不同的效果：
若敌人接触到雾雨秘迹，雾雨秘迹将会发生爆炸，对周围的敌人造成水元素范围伤害；
若队伍中附近的角色接触到雾雨秘迹，雾雨秘迹会将接触者高高弹起。

同时只能存在一个由塔利雅自己创造的雾雨秘迹。","Time for a fun little trick! Summons the Sacramental Shower in different ways depending on whether you Tap or Hold it.

Tap
After a short prayer, summons the Sacramental Shower in front.

Hold
Engages in continuous prayer, and when done, summons forth a Sacramental Shower in the designated position.

Sacramental Shower
When opponents or nearby party members touch the Sacramental Shower, different effects will occur depending on the one who touches it:
If an opponent touches the Shower, it will explode and deal AoE Hydro DMG to nearby opponents.
If a nearby party member touches it, it will bounce the one who touches it high in the air.

Only 1 Sacramental Shower summoned by Dahlia himself can be on the field at once.",Talent Immersive Ordinance.png,https://genshin-impact.fandom.com/wiki/Immersive_Ordinance,https://genshin-impact.fandom.com/wiki/File%3ATalent_Immersive_Ordinance.png,https://static.wikia.nocookie.net/gensin-impact/images/0/0f/Talent_Immersive_Ordinance.png/revision/latest?cb=20250618024528,47d8b98b711270787209d36b4de7b3fb50b83c56
1107_T03.png,downloaded,unknown,1107,塔利雅,Dahlia,passive,passive1,1st Ascension Passive,突破天赋1,The Wind's Gentle Grace,风色柔愿的眷宠,,,处于元素爆发**纯耀的祷咏**中的「西风之眷」效果影响下的角色对敌人触发冻结反应时，将会为塔利雅赋予2层「祝颂」效果，该效果8秒内至多触发一次。,"When characters affected by the Favonian Favor effect of the Elemental Burst **Radiant Psalter** trigger Frozen reactions on opponents, they will grant Dahlia 2 Benison stacks. This effect can trigger once every 8s.",Talent The Wind's Gentle Grace.png,https://genshin-impact.fandom.com/wiki/The_Wind%27s_Gentle_Grace,https://genshin-impact.fandom.com/wiki/File%3ATalent_The_Wind%27s_Gentle_Grace.png,https://static.wikia.nocookie.net/gensin-impact/images/b/b2/Talent_The_Wind%27s_Gentle_Grace.png/revision/latest?cb=20250618024526,0467896f972293a9baa7df60ee550532f41e6ab0
1107_T04.png,downloaded,unknown,1107,塔利雅,Dahlia,passive,passive2,4th Ascension Passive,突破天赋2,Prayer of Well-Wrought Joy,黠巧欢愉的祈颂,,,队伍中自己的当前场上角色处于元素爆发**纯耀的祷咏**中的「西风之眷」效果影响下时，攻击速度将获得提升，提升值基于塔利雅的生命值上限：每1000点生命值上限都将提升0.5%攻击速度，至多通过这种方式提升至20%攻击速度。,"When your active party member is affected by the Favonian Favor effect of the Elemental Burst **""Radiant Psalter,""** their ATK SPD will increase based on Dahlia's Max HP: Every 1,000 Max HP will cause an increase of 0.5%, up to a maximum of 20%.",Talent Prayer of Well-Wrought Joy.png,https://genshin-impact.fandom.com/wiki/Prayer_of_Well-Wrought_Joy,https://genshin-impact.fandom.com/wiki/File%3ATalent_Prayer_of_Well-Wrought_Joy.png,https://static.wikia.nocookie.net/gensin-impact/images/9/94/Talent_Prayer_of_Well-Wrought_Joy.png/revision/latest?cb=20250618024531,fd8101849d9e5bf38edb9b4594ef0306a9465b3f
1107_T05.png,downloaded,unknown,1107,塔利雅,Dahlia,passive,passive2,4th Ascension Passive,突破天赋2,"""Radiant Psalter,""",纯耀的祷咏,Prayer of Well-Wrought Joy,黠巧欢愉的祈颂,队伍中自己的当前场上角色处于元素爆发**纯耀的祷咏**中的「西风之眷」效果影响下时，攻击速度将获得提升，提升值基于塔利雅的生命值上限：每1000点生命值上限都将提升0.5%攻击速度，至多通过这种方式提升至20%攻击速度。,"When your active party member is affected by the Favonian Favor effect of the Elemental Burst **""Radiant Psalter,""** their ATK SPD will increase based on Dahlia's Max HP: Every 1,000 Max HP will cause an increase of 0.5%, up to a maximum of 20%.",Talent Radiant Psalter.png,https://genshin-impact.fandom.com/wiki/Radiant_Psalter,https://genshin-impact.fandom.com/wiki/File%3ATalent_Radiant_Psalter.png,https://static.wikia.nocookie.net/gensin-impact/images/3/32/Talent_Radiant_Psalter.png/revision/latest?cb=20250618024533,9dcc16f4e2a4d9bb53c674ef0048364bf2ecaee1
1107_T06.png,downloaded,unknown,1107,塔利雅,Dahlia,passive,passive3,Utility Passive,探索天赋,Pilgrimage Upon Returning Winds,归风相随的巡礼,,,"在白天（6时至18时），队伍中自己的角色获得迅行效果：移动速度提高10%。
该效果在秘境、征讨领域、深境螺旋中无效，迅行效果无法叠加。","During the day (06:00 – 18:00), your party members gain the Swift Stride effect: Movement SPD increased by 10%.
Does not take effect in Domains, Trounce Domains, or the Spiral Abyss. Swift Stride does not stack.",Talent Pilgrimage Upon Returning Winds.png,https://genshin-impact.fandom.com/wiki/Pilgrimage_Upon_Returning_Winds,https://genshin-impact.fandom.com/wiki/File%3ATalent_Pilgrimage_Upon_Returning_Winds.png,https://static.wikia.nocookie.net/gensin-impact/images/8/8c/Talent_Pilgrimage_Upon_Returning_Winds.png/revision/latest?cb=20250618024529,f2f98b8cf40e43c3aa7417a42806a1dfd55b2aab
1108_T01.png,skipped_existing,unknown,1108,伊涅芙,Ineffa,skill,combat2,Elemental Skill,元素战技,Cleaning Mode: Carrier Frequency,涤净模式·稳态载频,,,"伊涅芙启动高阶清扫模块，对周围的敌人造成一次雷元素范围伤害，展开光流屏障护盾，并召唤出多用途智能辅助单元**「薇尔琪塔」**。
光流屏障护盾的伤害吸收量受益于伊涅芙的攻击力，对雷元素伤害有250%的吸收效果。","Ineffa engages her Enhanced Cleaning Module, dealing a single instance of AoE Electro DMG to nearby opponents, activating her Optical Flow Shield Barrier, and summoning the Multipurpose Smart Assistance Unit, **Birgitta**.
The Optical Flow Shield Barrier absorbs DMG based on Ineffa's ATK, and it will absorb Electro DMG with 250% effectiveness.",Talent Cleaning Mode Carrier Frequency.png,https://genshin-impact.fandom.com/wiki/Cleaning_Mode_Carrier_Frequency,https://genshin-impact.fandom.com/wiki/File%3ATalent_Cleaning_Mode_Carrier_Frequency.png,https://static.wikia.nocookie.net/gensin-impact/images/4/48/Talent_Cleaning_Mode_Carrier_Frequency.png/revision/latest?cb=20250730173429,6316e7f16cca3d9b10c1f09335f7444439c18d46
1108_T03.png,downloaded,unknown,1108,伊涅芙,Ineffa,passive,passive1,1st Ascension Passive,突破天赋1,Overclocking Circuit,频率超限回路,,,若**「薇尔琪塔」**附近存在月感电反应产生的雷暴云，薇尔琪塔进行放电攻击时，将额外进行一次攻击，造成相当于伊涅芙攻击力65%的雷元素范围伤害，该伤害视为月感电反应造成的伤害。,"If there are thunderclouds created by Lunar-Charged reactions nearby when **Birgitta** unleashes Discharge attacks, she will initiate an additional attack, dealing AoE Electro DMG equal to 65% of Ineffa's ATK. This DMG is considered Lunar-Charged DMG.",Talent Overclocking Circuit.png,https://genshin-impact.fandom.com/wiki/Overclocking_Circuit,https://genshin-impact.fandom.com/wiki/File%3ATalent_Overclocking_Circuit.png,https://static.wikia.nocookie.net/gensin-impact/images/7/7f/Talent_Overclocking_Circuit.png/revision/latest?cb=20250730174621,3ad984d36827044b0d2d2085f0173dba9fa6e1ca
1108_T04.png,downloaded,unknown,1108,伊涅芙,Ineffa,passive,passive2,4th Ascension Passive,突破天赋2,Panoramic Permutation Protocol,全相重构协议,,,施放元素爆发**至高律令·全域扫灭**时，将为队伍中自己的所有角色赋予「参数重构」效果：基于伊涅芙攻击力的6%，提升伊涅芙与队伍中自己当前场上角色的元素精通，持续20秒。,"When using the Elemental Burst **Supreme Instruction: Cyclonic Exterminator**, all your party members will gain the Parameter Permutation effect: Increases Ineffa and your own active party member's Elemental Mastery by 6% of Ineffa's ATK for 20s.",Talent Panoramic Permutation Protocol.png,https://genshin-impact.fandom.com/wiki/Panoramic_Permutation_Protocol,https://genshin-impact.fandom.com/wiki/File%3ATalent_Panoramic_Permutation_Protocol.png,https://static.wikia.nocookie.net/gensin-impact/images/d/d7/Talent_Panoramic_Permutation_Protocol.png/revision/latest?cb=20250730174736,ff8ff790bb4b1f4b202d6a2ff506743219dd8afb
1108_T05.png,downloaded,unknown,1108,伊涅芙,Ineffa,passive,passive2,4th Ascension Passive,突破天赋2,Supreme Instruction: Cyclonic Exterminator,至高律令·全域扫灭,Panoramic Permutation Protocol,全相重构协议,施放元素爆发**至高律令·全域扫灭**时，将为队伍中自己的所有角色赋予「参数重构」效果：基于伊涅芙攻击力的6%，提升伊涅芙与队伍中自己当前场上角色的元素精通，持续20秒。,"When using the Elemental Burst **Supreme Instruction: Cyclonic Exterminator**, all your party members will gain the Parameter Permutation effect: Increases Ineffa and your own active party member's Elemental Mastery by 6% of Ineffa's ATK for 20s.",Talent Supreme Instruction Cyclonic Exterminator.png,https://genshin-impact.fandom.com/wiki/Supreme_Instruction_Cyclonic_Exterminator,https://genshin-impact.fandom.com/wiki/File%3ATalent_Supreme_Instruction_Cyclonic_Exterminator.png,https://static.wikia.nocookie.net/gensin-impact/images/d/de/Talent_Supreme_Instruction_Cyclonic_Exterminator.png/revision/latest?cb=20250730173526,1304607f30eed08cfcff17a852f1899ef4106a85
1108_T06.png,downloaded,unknown,1108,伊涅芙,Ineffa,passive,passive4,Additional Passive,附加天赋,Flavor Synthesis Unit,美味合成单元,,,"伊涅芙使用食物时，有30%概率获得一个调味剂食材。

此外，在挪德卡莱，似乎可以通过某种途径来改变薇尔琪塔的外观…","When Ineffa uses food, there is a 30% chance of gaining a seasoning ingredient.

Additionally, in Nod-Krai, it seems you'll be able to change Birgitta's appearance through certain means...",Talent Flavor Synthesis Unit.png,https://genshin-impact.fandom.com/wiki/Flavor_Synthesis_Unit,https://genshin-impact.fandom.com/wiki/File%3ATalent_Flavor_Synthesis_Unit.png,https://static.wikia.nocookie.net/gensin-impact/images/e/ef/Talent_Flavor_Synthesis_Unit.png/revision/latest?cb=20250730175031,1ea9aafaf29675a4c625bbe91d2e9b7f4aa0f24c
1108_T07.png,downloaded,unknown,1108,伊涅芙,Ineffa,extra,,,,Electro Moonsign Lunar-Charged,,,,,,Talent Electro Moonsign Lunar-Charged.png,https://genshin-impact.fandom.com/wiki/Electro_Moonsign_Lunar-Charged,https://genshin-impact.fandom.com/wiki/File%3ATalent_Electro_Moonsign_Lunar-Charged.png,https://static.wikia.nocookie.net/gensin-impact/images/2/2e/Talent_Electro_Moonsign_Lunar-Charged.png/revision/latest?cb=20250730174920,49d35ac4466370238adea3f0a19ed7e39a6b06cb
1109_T01.png,downloaded,unknown,1109,菲林斯,Flins,skill,combat2,Elemental Skill,元素战技,Ancient Rite: Arcane Light,古律·孤灯遗秘,,,"菲林斯唤出提灯中古老的力量，切换至幽焰显迹模式。该模式具有以下特性：
·菲林斯的普通攻击与重击将转为造成无法被附魔覆盖的雷元素伤害，无法进行下落攻击；
·提升菲林斯的抗打断能力；
·元素战技古律·孤灯遗秘将会被替换为特殊的元素战技北国枪阵。

北国枪阵
菲林斯在前方唤出枪阵，造成雷元素范围伤害，并在接下来6秒内，使菲林斯的元素爆发旧仪·夜客致访替换为特殊的元素爆发**雷霆交响**。
北国枪阵的基础冷却时间为6秒，该冷却时间不会受到其他效果影响。","Flins summons forth the ancient power concealed within his lamp and switches to his Manifest Flame form. This form has the following characteristics:
· Flins's Normal and Charged Attacks deal Electro DMG that cannot be overridden by other Elemental infusions, and he is unable to perform Plunging Attacks.
· His interruption resistance is increased.
· His Elemental Skill Ancient Rite: Arcane Light is replaced with the special Elemental Skill Northland Spearstorm.

Northland Spearstorm
Flins summons a flurry of spears in front, dealing AoE Electro DMG and causing his Elemental Burst Ancient Ritual: Cometh the Night to be replaced with the special Elemental Burst **Thunderous Symphony** for the next 6s.
The base CD of Northland Spearstorm is 6s and will not be affected by other effects.",Talent Ancient Rite Arcane Light.png,https://genshin-impact.fandom.com/wiki/Ancient_Rite_Arcane_Light,https://genshin-impact.fandom.com/wiki/File%3ATalent_Ancient_Rite_Arcane_Light.png,https://static.wikia.nocookie.net/gensin-impact/images/1/14/Talent_Ancient_Rite_Arcane_Light.png/revision/latest?cb=20250912030128,bad8536ba19186c6873b23086bf0ef8a61a36f94
1109_T02.png,downloaded,unknown,1109,菲林斯,Flins,burst,combat3,Elemental Burst,元素爆发,Ancient Ritual: Cometh the Night,旧仪·夜客致访,,,"菲林斯解放提灯中真正的力量，造成雷元素范围伤害，并在短暂间隔后，分别造成2次中间段、以及一次最终段的视为月感电反应伤害的雷元素范围伤害。
月兆·满辉：技能获得强化：若附近存在雷暴云，还会额外造成2次中间段的视为月感电反应伤害的雷元素范围伤害。

施放特殊元素战技北国枪阵后6秒内，菲林斯的元素爆发旧仪·夜客致访将会被替换为特殊的元素爆发雷霆交响。

雷霆交响
消耗更少的元素能量便可以施放的特殊元素爆发。菲林斯造成一次视为月感电反应伤害的雷元素范围伤害。
月兆·满辉：技能获得强化：若附近存在雷暴云，还会额外造成一次视为月感电反应伤害的雷元素范围伤害。","Flins unleashes the true power of his lamp, dealing AoE Electro DMG and, after a short delay, dealing 2 instances of middle-phase and 1 instance of final-phase AoE Electro DMG, all of which are considered Lunar-Charged DMG.
Moonsign: Ascendant Gleam: Flins's Skill is enhanced: If there are thunderclouds nearby, Flins will deal an additional 2 instances of middle-phase Lunar-Charged AoE Electro DMG.

After using the special Elemental Skill Northland Spearstorm, Flins's Elemental Burst Ancient Ritual: Cometh the Night will be replaced with the special Elemental Burst Thunderous Symphony for the next 6s.

Thunderous Symphony
Consume less Elemental Energy to unleash a special Elemental Burst. Flins deals a single instance of AoE Electro DMG that is considered Lunar-Charged DMG.
Moonsign: Ascendant Gleam: Flins's Skill is enhanced: If there are thunderclouds nearby, Flins will deal an additional instance of Lunar-Charged AoE Electro DMG.",Talent Ancient Ritual Cometh the Night.png,https://genshin-impact.fandom.com/wiki/Ancient_Ritual_Cometh_the_Night,https://genshin-impact.fandom.com/wiki/File%3ATalent_Ancient_Ritual_Cometh_the_Night.png,https://static.wikia.nocookie.net/gensin-impact/images/4/4a/Talent_Ancient_Ritual_Cometh_the_Night.png/revision/latest?cb=20250912030130,7f4831eebfe2bd5a902e6841663a54f0e4cc6b0e
1109_T03.png,downloaded,unknown,1109,菲林斯,Flins,passive,passive1,1st Ascension Passive,突破天赋1,Symphony of Winter,寒冬的交响,,,"依据队伍的月兆，菲林斯将获得对应的强化效果。

月兆·满辉：菲林斯触发的月感电反应造成的伤害提升20%。","Flins will gain a corresponding buff effect based on the party's Moonsign.

Moonsign: Ascendant Gleam: Lunar-Charged reactions triggered by Flins will deal an additional 20% DMG.",Talent Symphony of Winter.png,https://genshin-impact.fandom.com/wiki/Symphony_of_Winter,https://genshin-impact.fandom.com/wiki/File%3ATalent_Symphony_of_Winter.png,https://static.wikia.nocookie.net/gensin-impact/images/c/ca/Talent_Symphony_of_Winter.png/revision/latest?cb=20250912030134,cbe2b063644ca7c0cbee86adaee665e58a5f4ca0
1109_T04.png,downloaded,unknown,1109,菲林斯,Flins,passive,passive2,4th Ascension Passive,突破天赋2,Whispering Flame,幽焰的呢喃,,,菲林斯的元素精通提升，提升值相当于菲林斯的攻击力的8%。通过这种方式，至多使菲林斯的元素精通提升160点。,Flins's Elemental Mastery is increased by 8% of his ATK. The maximum increase obtainable this way is 160.,Talent Whispering Flame.png,https://genshin-impact.fandom.com/wiki/Whispering_Flame,https://genshin-impact.fandom.com/wiki/File%3ATalent_Whispering_Flame.png,https://static.wikia.nocookie.net/gensin-impact/images/1/1b/Talent_Whispering_Flame.png/revision/latest?cb=20250912030124,f34b759ac08a0fd9914b9c5c385cd898eeb9b750
1109_T05.png,downloaded,unknown,1109,菲林斯,Flins,passive,passive4,Additional Passive,附加天赋,A Light in the Dark,掌灯暗行,,,"在小地图上显示周围的挪德卡莱区域特产的位置。
此外，菲林斯似乎能听懂狂猎的低语…","Displays the location of nearby resources unique to Nod-Krai on the mini-map.
Additionally, Flins appears to be able to decipher the whispers of the Wild Hunt...",Talent A Light in the Dark.png,https://genshin-impact.fandom.com/wiki/A_Light_in_the_Dark,https://genshin-impact.fandom.com/wiki/File%3ATalent_A_Light_in_the_Dark.png,https://static.wikia.nocookie.net/gensin-impact/images/d/dd/Talent_A_Light_in_the_Dark.png/revision/latest?cb=20250912030126,0928d3273ed1feba4c73e48b485d1f8f8b50b75b
1109_T06.png,downloaded,unknown,1109,菲林斯,Flins,extra,,,,Ancient Rite Arcane Light 2,,,,,,Talent Ancient Rite Arcane Light 2.png,https://genshin-impact.fandom.com/wiki/Ancient_Rite_Arcane_Light_2,https://genshin-impact.fandom.com/wiki/File%3ATalent_Ancient_Rite_Arcane_Light_2.png,https://static.wikia.nocookie.net/gensin-impact/images/8/8c/Talent_Ancient_Rite_Arcane_Light_2.png/revision/latest?cb=20251002033706,c3e561fc9b2470231dc0b3cf73b8a18fe315ee4f
1109_T07.png,downloaded,unknown,1109,菲林斯,Flins,extra,,,,Ancient Ritual Cometh the Night 2,,,,,,Talent Ancient Ritual Cometh the Night 2.png,https://genshin-impact.fandom.com/wiki/Ancient_Ritual_Cometh_the_Night_2,https://genshin-impact.fandom.com/wiki/File%3ATalent_Ancient_Ritual_Cometh_the_Night_2.png,https://static.wikia.nocookie.net/gensin-impact/images/9/9a/Talent_Ancient_Ritual_Cometh_the_Night_2.png/revision/latest?cb=20251002033705,3aac4ad49fdf7c308e85a7791a567cfd08bb6868
1109_T08.png,downloaded,unknown,1109,菲林斯,Flins,extra,,,,Electro Moonsign Lunar-Charged,,,,,,Talent Electro Moonsign Lunar-Charged.png,https://genshin-impact.fandom.com/wiki/Electro_Moonsign_Lunar-Charged,https://genshin-impact.fandom.com/wiki/File%3ATalent_Electro_Moonsign_Lunar-Charged.png,https://static.wikia.nocookie.net/gensin-impact/images/2/2e/Talent_Electro_Moonsign_Lunar-Charged.png/revision/latest?cb=20250730174920,49d35ac4466370238adea3f0a19ed7e39a6b06cb
1110_T01.png,downloaded,unknown,1110,爱诺,Aino,skill,combat2,Elemental Skill,元素战技,Musecatcher,妙思捕手,,,"向前方投出「妙思捕手」，造成水元素伤害，同时将自己牵引至前方，并在移动结束时对身边的敌人造成水元素范围伤害。
长按时将以不同的方式施放。

长按
进入瞄准状态，以调整投出「妙思捕手」的方向。","Aino throws a Musecatcher forward, dealing Hydro DMG and dragging her along behind it. When the dragging stops, Aino deals AoE Hydro DMG to nearby opponents.
Holding the Skill will cause it to behave differently.

Hold
Enter Aiming Mode to adjust the Musecatcher's throwing direction.",Talent Musecatcher.png,https://genshin-impact.fandom.com/wiki/Musecatcher,https://genshin-impact.fandom.com/wiki/File%3ATalent_Musecatcher.png,https://static.wikia.nocookie.net/gensin-impact/images/9/92/Talent_Musecatcher.png/revision/latest?cb=20250910024402,c24f9b86f65c9f3d7fdf6b0b2e8f331ceae5141e
1110_T03.png,skipped_existing,unknown,1110,爱诺,Aino,passive,passive1,1st Ascension Passive,突破天赋1,Modular Efficiency Protocol,模块式高效运作,,,"依据队伍的月兆，爱诺将获得对应的强化效果。

月兆·满辉：元素爆发**精密水冷仪**将获得强化：「冷静一下鸭」将以更短的间隔发射水弹，造成范围更大的水元素范围伤害。","Aino will be granted the corresponding buff effects based on the party's Moonsign.

Moonsign: Ascendant Gleam: Her Elemental Burst **Precision Hydronic Cooler** is enhanced: The Cool Your Jets Ducky will fire water balls more frequently, and the water balls will deal AoE Hydro DMG over a larger area of effect.",Talent Modular Efficiency Protocol.png,https://genshin-impact.fandom.com/wiki/Modular_Efficiency_Protocol,https://genshin-impact.fandom.com/wiki/File%3ATalent_Modular_Efficiency_Protocol.png,https://static.wikia.nocookie.net/gensin-impact/images/4/47/Talent_Modular_Efficiency_Protocol.png/revision/latest?cb=20250910024400,59b1e4b8b48c5f0241eee3fc5a0e49b0faace966
1110_T04.png,downloaded,unknown,1110,爱诺,Aino,passive,passive1,1st Ascension Passive,突破天赋1,Precision Hydronic Cooler,精密水冷仪,Modular Efficiency Protocol,模块式高效运作,"依据队伍的月兆，爱诺将获得对应的强化效果。

月兆·满辉：元素爆发**精密水冷仪**将获得强化：「冷静一下鸭」将以更短的间隔发射水弹，造成范围更大的水元素范围伤害。","Aino will be granted the corresponding buff effects based on the party's Moonsign.

Moonsign: Ascendant Gleam: Her Elemental Burst **Precision Hydronic Cooler** is enhanced: The Cool Your Jets Ducky will fire water balls more frequently, and the water balls will deal AoE Hydro DMG over a larger area of effect.",Talent Precision Hydronic Cooler.png,https://genshin-impact.fandom.com/wiki/Precision_Hydronic_Cooler,https://genshin-impact.fandom.com/wiki/File%3ATalent_Precision_Hydronic_Cooler.png,https://static.wikia.nocookie.net/gensin-impact/images/d/d7/Talent_Precision_Hydronic_Cooler.png/revision/latest?cb=20250910024404,a06b0190497036c267e3635bda40695ea37c03ba
1110_T05.png,downloaded,unknown,1110,爱诺,Aino,passive,passive2,4th Ascension Passive,突破天赋2,Structured Power Booster,结构化功率提升,,,爱诺元素爆发造成的伤害提升，提升值基于爱诺的元素精通的50%。,Aino's Elemental Burst DMG is increased by 50% of her Elemental Mastery.,Talent Structured Power Booster.png,https://genshin-impact.fandom.com/wiki/Structured_Power_Booster,https://genshin-impact.fandom.com/wiki/File%3ATalent_Structured_Power_Booster.png,https://static.wikia.nocookie.net/gensin-impact/images/c/c7/Talent_Structured_Power_Booster.png/revision/latest?cb=20250910024354,f171de33f8a391ee7fced9f35ee4bd54a312fdf7
1110_T06.png,downloaded,unknown,1110,爱诺,Aino,passive,passive4,Additional Passive,附加天赋,Miniaturized Detection Sensor,小型识别侦测器,,,"在小地图上显示周围的挪德卡莱区域特产的位置。
此外，爱诺似乎可以通过某种途径来改变「冷静一下鸭」的外观…","Displays the location of nearby resources unique to Nod-Krai on the mini-map.
Additionally, Aino appears to be able to alter the Cool Your Jets Ducky's appearance in some way...",Talent Miniaturized Detection Sensor.png,https://genshin-impact.fandom.com/wiki/Miniaturized_Detection_Sensor,https://genshin-impact.fandom.com/wiki/File%3ATalent_Miniaturized_Detection_Sensor.png,https://static.wikia.nocookie.net/gensin-impact/images/3/35/Talent_Miniaturized_Detection_Sensor.png/revision/latest?cb=20250910024358,47f62fe22c0eefb9a9faf38bf4e49bc31bb7d801
1110_T07.png,downloaded,unknown,1110,爱诺,Aino,extra,,,,Force Limit Analysis,,,,,,Talent Force Limit Analysis.png,https://genshin-impact.fandom.com/wiki/Force_Limit_Analysis,https://genshin-impact.fandom.com/wiki/File%3ATalent_Force_Limit_Analysis.png,https://static.wikia.nocookie.net/gensin-impact/images/4/44/Talent_Force_Limit_Analysis.png/revision/latest?cb=20250910024356,5bd3b9bd2c086b6b1a840c3e51d726dad64c5538
1111_T02.png,downloaded,unknown,1111,菈乌玛,Lauma,burst,combat3,Elemental Burst,元素爆发,Runo: All Hearts Become the Beating Moon,圣言述咏·众心为月,,,"让众生的心愿，成为照亮大地的月光。菈乌玛默咏终北的圣歌，并获得18层**「苍色祷歌」**。
此外，菈乌玛在拥有**「月咏」**的情况下施放元素爆发时，或是在施放元素爆发后的15秒内获得「月咏」时，菈乌玛将消耗所有的「月咏」，并依据消耗的层数，每层使菈乌玛获得6层「苍色祷歌」。每次施放元素爆发以及施放元素爆发后的15秒内，该效果至多触发一次。

苍色祷歌
队伍中附近的角色造成绽放、超绽放、烈绽放、月绽放反应伤害时，将消耗一层「苍色祷歌」，提升造成的伤害，提升值基于菈乌玛的元素精通。上述伤害同时命中多名敌人时，会依据命中敌人的数量消耗「苍色祷歌」层数。
每层「苍色祷歌」独立计算持续时间。","Let the wishes of all beings become as moonlight that bathes the earth. Lauma incants a sacred song of the far north, gaining 18 stacks of **Pale Hymn**.
Additionally, if Lauma uses her Elemental Burst while she has **Moon Song**, or she gains Moon Song within 15s of using her Elemental Burst, she will consume all Moon Song stacks and gain 6 stacks of Pale Hymn for every Moon Song stack consumed. This effect can only be triggered once for each Elemental Burst used, including the 15 seconds following its use.

Pale Hymn
When nearby party members deal Bloom, Hyperbloom, Burgeon, or Lunar-Bloom DMG, 1 stack of Pale Hymn will be consumed and the DMG dealt will be increased based on Lauma's Elemental Mastery. If this DMG hits multiple opponents at once, then multiple stacks of Pale Hymn will be consumed, depending on how many opponents are hit.
The duration for each stack of Pale Hymn is counted independently.",Talent Runo All Hearts Become the Beating Moon.png,https://genshin-impact.fandom.com/wiki/Runo_All_Hearts_Become_the_Beating_Moon,https://genshin-impact.fandom.com/wiki/File%3ATalent_Runo_All_Hearts_Become_the_Beating_Moon.png,https://static.wikia.nocookie.net/gensin-impact/images/b/b5/Talent_Runo_All_Hearts_Become_the_Beating_Moon.png/revision/latest?cb=20250910024352,5068f3b236fe00436fb88f56b3df397454c915ed
1111_T03.png,skipped_existing,unknown,1111,菈乌玛,Lauma,passive,passive1,1st Ascension Passive,突破天赋1,Light for the Frosty Night,奉向霜夜的明光,,,"菈乌玛施放元素战技**圣言述咏·终宵永眠**后的20秒内，将依据队伍的月兆，分别产生不同的强化效果，不同月兆等级提供的强化效果无法叠加。

月兆·初辉
队伍中附近的所有角色触发的绽放、超绽放、烈绽放反应造成的伤害能够造成暴击，暴击率固定为15%，暴击伤害固定为100%。该效果提供的暴击率可以与使对应元素反应能够造成暴击的同类效果提供的暴击率叠加。

月兆·满辉
队伍中附近的所有角色造成的月绽放反应伤害，暴击率提升10%，暴击伤害提升20%。","For the next 20s after Lauma uses her Elemental Skill **Runo: Dawnless Rest of Karsikko**, corresponding differing buff effects will be granted depending on the party's Moonsign. The buffs provided by different Moonsign levels cannot stack.

Moonsign: Nascent Gleam
Bloom, Hyperbloom, and Burgeon DMG dealt by all nearby party members can score CRIT Hits, with CRIT Rate fixed at 15%, and CRIT DMG fixed at 100%. CRIT Rate from this effect stacks with CRIT Rate from similar effects that allow these Elemental Reactions to CRIT.

Moonsign: Ascendant Gleam
All nearby party members' Lunar-Bloom DMG CRIT Rate +10%, CRIT DMG +20%.",Talent Light for the Frosty Night.png,https://genshin-impact.fandom.com/wiki/Light_for_the_Frosty_Night,https://genshin-impact.fandom.com/wiki/File%3ATalent_Light_for_the_Frosty_Night.png,https://static.wikia.nocookie.net/gensin-impact/images/2/24/Talent_Light_for_the_Frosty_Night.png/revision/latest?cb=20250910024346,140209942698c7d2630aac8140dc64905588f833
1111_T04.png,downloaded,unknown,1111,菈乌玛,Lauma,passive,passive1,1st Ascension Passive,突破天赋1,Runo: Dawnless Rest of Karsikko,圣言述咏·终宵永眠,Light for the Frosty Night,奉向霜夜的明光,"菈乌玛施放元素战技**圣言述咏·终宵永眠**后的20秒内，将依据队伍的月兆，分别产生不同的强化效果，不同月兆等级提供的强化效果无法叠加。

月兆·初辉
队伍中附近的所有角色触发的绽放、超绽放、烈绽放反应造成的伤害能够造成暴击，暴击率固定为15%，暴击伤害固定为100%。该效果提供的暴击率可以与使对应元素反应能够造成暴击的同类效果提供的暴击率叠加。

月兆·满辉
队伍中附近的所有角色造成的月绽放反应伤害，暴击率提升10%，暴击伤害提升20%。","For the next 20s after Lauma uses her Elemental Skill **Runo: Dawnless Rest of Karsikko**, corresponding differing buff effects will be granted depending on the party's Moonsign. The buffs provided by different Moonsign levels cannot stack.

Moonsign: Nascent Gleam
Bloom, Hyperbloom, and Burgeon DMG dealt by all nearby party members can score CRIT Hits, with CRIT Rate fixed at 15%, and CRIT DMG fixed at 100%. CRIT Rate from this effect stacks with CRIT Rate from similar effects that allow these Elemental Reactions to CRIT.

Moonsign: Ascendant Gleam
All nearby party members' Lunar-Bloom DMG CRIT Rate +10%, CRIT DMG +20%.",Talent Runo Dawnless Rest of Karsikko.png,https://genshin-impact.fandom.com/wiki/Runo_Dawnless_Rest_of_Karsikko,https://genshin-impact.fandom.com/wiki/File%3ATalent_Runo_Dawnless_Rest_of_Karsikko.png,https://static.wikia.nocookie.net/gensin-impact/images/b/bb/Talent_Runo_Dawnless_Rest_of_Karsikko.png/revision/latest?cb=20250910024342,ac8d8322074100ea0125480680d594cd38ea56df
1111_T05.png,downloaded,unknown,1111,菈乌玛,Lauma,passive,passive2,4th Ascension Passive,突破天赋2,Cleansing for the Spring,奉向甘泉的沐濯,,,"菈乌玛的每点元素精通，都会使菈乌玛获得以下增益效果：
·元素战技造成的伤害提升0.04%，通过这种方式至多提升32%；
·重击「灵使化形」的冷却时间缩短0.02%，通过这种方式至多使「灵使化形」的冷却时间缩短20%。","Each point of Elemental Mastery Lauma has will give her the following bonuses:
· DMG dealt by her Elemental Skill is increased by 0.04%. The maximum increase obtainable this way is 32%.
· The cooldown of her Charged Attack Spirit Envoy Metamorphosis is reduced by 0.02%. The maximum reduction obtainable this way is 20%.",Talent Cleansing for the Spring.png,https://genshin-impact.fandom.com/wiki/Cleansing_for_the_Spring,https://genshin-impact.fandom.com/wiki/File%3ATalent_Cleansing_for_the_Spring.png,https://static.wikia.nocookie.net/gensin-impact/images/9/99/Talent_Cleansing_for_the_Spring.png/revision/latest?cb=20250910024344,1ddd65fb2758e4d05c8218e80887e02db33562d7
1111_T06.png,downloaded,unknown,1111,菈乌玛,Lauma,passive,passive4,Additional Passive,附加天赋,Prayers for the Forest,奉向苍林的祷言,,,"在小地图上显示周围的挪德卡莱区域特产的位置。
此外，对受到月矩力影响的部分小动物，菈乌玛似乎有着特殊的亲和力…","Displays the location of nearby resources unique to Nod-Krai on the mini-map.
Additionally, Lauma appears to have a special affinity with some small animals affected by kuuvahki...",Talent Prayers for the Forest.png,https://genshin-impact.fandom.com/wiki/Prayers_for_the_Forest,https://genshin-impact.fandom.com/wiki/File%3ATalent_Prayers_for_the_Forest.png,https://static.wikia.nocookie.net/gensin-impact/images/1/1d/Talent_Prayers_for_the_Forest.png/revision/latest?cb=20250910024350,92c4ae1dad09340377110496ccf003d788e6db71
1111_T07.png,downloaded,unknown,1111,菈乌玛,Lauma,extra,,,,Dendro Moonsign Lunar-Bloom,,,,,,Talent Dendro Moonsign Lunar-Bloom.png,https://genshin-impact.fandom.com/wiki/Dendro_Moonsign_Lunar-Bloom,https://genshin-impact.fandom.com/wiki/File%3ATalent_Dendro_Moonsign_Lunar-Bloom.png,https://static.wikia.nocookie.net/gensin-impact/images/b/b4/Talent_Dendro_Moonsign_Lunar-Bloom.png/revision/latest?cb=20250910024347,846c8f195e88f3bff7a8a77b1389fd899cfda193
1112_T02.png,downloaded,unknown,1112,奈芙尔,Nefer,burst,combat3,Elemental Burst,元素爆发,Sacred Vow: True Eye's Phantasm,圣约·真眸幻戏,,,以图特的真视，向伪物的谜题奉上「解明」，对前方的敌人造成草元素范围伤害。施放时，奈芙尔还会消耗所有的**「伪秘之帷」**，提升本次元素爆发造成的伤害。,"Grant ""revelation"" to the mysteries of the false through Thoth's true sight, dealing AoE Dendro DMG to opponents ahead. When unleashed, Nefer will consume all **Veils of Falsehood** to increase the DMG dealt by the current Elemental Burst.",Talent Sacred Vow True Eye's Phantasm.png,https://genshin-impact.fandom.com/wiki/Sacred_Vow_True_Eye%27s_Phantasm,https://genshin-impact.fandom.com/wiki/File%3ATalent_Sacred_Vow_True_Eye%27s_Phantasm.png,https://static.wikia.nocookie.net/gensin-impact/images/c/c2/Talent_Sacred_Vow_True_Eye%27s_Phantasm.png/revision/latest?cb=20251022045611,5bca3be5f049218122d6897c9e6fe7a8bbc96eee
1112_T03.png,downloaded,unknown,1112,奈芙尔,Nefer,passive,passive1,1st Ascension Passive,突破天赋1,A Wager of Moonlight,月下的豪赌,,,"依据队伍的月兆，奈芙尔将获得对应的强化效果。

月兆·满辉：施放元素战技**弈术·千夜一舞**时，将使当前场上的草原核转化为「诳言之核」，且附近所有角色在接下来的15秒内触发月绽放反应时，将取代草原核与丰穰之核产生诳言之核。诳言之核无法触发超绽放与烈绽放反应，也无法迸发。
奈芙尔施放重击或**幻戏**时，可以吸收附近一定范围内的诳言之核，每吸收一枚诳言之核，奈芙尔便会获得一层**「伪秘之帷」**效果；该效果叠加至3层或3层的持续时间刷新时，奈芙尔的元素精通提升100点，持续8秒。","Nefer will be granted the corresponding buff effects based on the party's Moonsign.

Moonsign: Ascendant Gleam: When she unleashes her Elemental Skill **Senet Strategy: Dance of a Thousand Nights**, any Dendro Cores on the field will be converted to Seeds of Deceit, and any Lunar-Bloom reactions triggered by nearby characters in the following 15s that would create Dendro Cores or Bountiful Cores will instead create Seeds of Deceit. Seeds of Deceit cannot trigger Hyperbloom or Burgeon reactions and will not burst.
When Nefer unleashes a Charged Attack or **Phantasm Performance**, she can absorb Seeds of Deceit within a certain range, gaining 1 stack of **Veil of Falsehood** for every seed absorbed. When this effect reaches 3 stacks, or when the third stack's duration is refreshed, Nefer's Elemental Mastery will be increased by 100 for 8s.",Talent A Wager of Moonlight.png,https://genshin-impact.fandom.com/wiki/A_Wager_of_Moonlight,https://genshin-impact.fandom.com/wiki/File%3ATalent_A_Wager_of_Moonlight.png,https://static.wikia.nocookie.net/gensin-impact/images/f/f3/Talent_A_Wager_of_Moonlight.png/revision/latest?cb=20251022045613,06ea2ec207f646631e34d46fb80d9b9e13c63fd5
1112_T04.png,downloaded,unknown,1112,奈芙尔,Nefer,passive,passive1,1st Ascension Passive,突破天赋1,Senet Strategy: Dance of a Thousand Nights,弈术·千夜一舞,A Wager of Moonlight,月下的豪赌,"依据队伍的月兆，奈芙尔将获得对应的强化效果。

月兆·满辉：施放元素战技**弈术·千夜一舞**时，将使当前场上的草原核转化为「诳言之核」，且附近所有角色在接下来的15秒内触发月绽放反应时，将取代草原核与丰穰之核产生诳言之核。诳言之核无法触发超绽放与烈绽放反应，也无法迸发。
奈芙尔施放重击或**幻戏**时，可以吸收附近一定范围内的诳言之核，每吸收一枚诳言之核，奈芙尔便会获得一层**「伪秘之帷」**效果；该效果叠加至3层或3层的持续时间刷新时，奈芙尔的元素精通提升100点，持续8秒。","Nefer will be granted the corresponding buff effects based on the party's Moonsign.

Moonsign: Ascendant Gleam: When she unleashes her Elemental Skill **Senet Strategy: Dance of a Thousand Nights**, any Dendro Cores on the field will be converted to Seeds of Deceit, and any Lunar-Bloom reactions triggered by nearby characters in the following 15s that would create Dendro Cores or Bountiful Cores will instead create Seeds of Deceit. Seeds of Deceit cannot trigger Hyperbloom or Burgeon reactions and will not burst.
When Nefer unleashes a Charged Attack or **Phantasm Performance**, she can absorb Seeds of Deceit within a certain range, gaining 1 stack of **Veil of Falsehood** for every seed absorbed. When this effect reaches 3 stacks, or when the third stack's duration is refreshed, Nefer's Elemental Mastery will be increased by 100 for 8s.",Talent Senet Strategy Dance of a Thousand Nights.png,https://genshin-impact.fandom.com/wiki/Senet_Strategy_Dance_of_a_Thousand_Nights,https://genshin-impact.fandom.com/wiki/File%3ATalent_Senet_Strategy_Dance_of_a_Thousand_Nights.png,https://static.wikia.nocookie.net/gensin-impact/images/c/c0/Talent_Senet_Strategy_Dance_of_a_Thousand_Nights.png/revision/latest?cb=20251022045609,8560c666239df2ff7afd5d3da65d8f75601d717f
1112_T05.png,downloaded,unknown,1112,奈芙尔,Nefer,passive,passive2,4th Ascension Passive,突破天赋2,Daughter of the Dust and Sand,尘沙的女儿,,,奈芙尔处于**「影舞」**状态下时，队伍中的角色触发月绽放反应后的5秒内，奈芙尔的**蛇行**状态还会额外为队伍提供**草露**；依据奈芙尔的元素精通超过500的部分，每100点元素精通都将使上述提供草露的效果提升10%，至多通过这种方式提升50%。,"When Nefer is in the **Shadow Dance** state, for 5s after a party member triggers a Lunar-Bloom reaction, Nefer's **Slither** state will provide additional **Verdant Dew**. Every 100 points of Nefer's Elemental Mastery beyond 500 will strengthen this additional provision effect by 10%. The maximum increase that can be achieved this way is 50%.",Talent Daughter of the Dust and Sand.png,https://genshin-impact.fandom.com/wiki/Daughter_of_the_Dust_and_Sand,https://genshin-impact.fandom.com/wiki/File%3ATalent_Daughter_of_the_Dust_and_Sand.png,https://static.wikia.nocookie.net/gensin-impact/images/0/01/Talent_Daughter_of_the_Dust_and_Sand.png/revision/latest?cb=20251022045615,6b4edd4123d832effa6cfb7a9615f91b16f413ec
1112_T06.png,downloaded,unknown,1112,奈芙尔,Nefer,passive,passive4,Additional Passive,附加天赋,Conspiracy of the Golden Vault,金室的密谋,,,在挪德卡莱执行时长为20小时的探索派遣任务时，获得的奖励增加25%。,Gains 25% more rewards when dispatched on a Nod-Krai Expedition for 20 hours.,Talent Conspiracy of the Golden Vault.png,https://genshin-impact.fandom.com/wiki/Conspiracy_of_the_Golden_Vault,https://genshin-impact.fandom.com/wiki/File%3ATalent_Conspiracy_of_the_Golden_Vault.png,https://static.wikia.nocookie.net/gensin-impact/images/2/24/Talent_Conspiracy_of_the_Golden_Vault.png/revision/latest?cb=20251022045619,e59a4a05cfcc1580882b31f838bcba9e94c92e96
1112_T07.png,downloaded,unknown,1112,奈芙尔,Nefer,extra,,,,Dendro Moonsign Lunar-Bloom,,,,,,Talent Dendro Moonsign Lunar-Bloom.png,https://genshin-impact.fandom.com/wiki/Dendro_Moonsign_Lunar-Bloom,https://genshin-impact.fandom.com/wiki/File%3ATalent_Dendro_Moonsign_Lunar-Bloom.png,https://static.wikia.nocookie.net/gensin-impact/images/b/b4/Talent_Dendro_Moonsign_Lunar-Bloom.png/revision/latest?cb=20250910024347,846c8f195e88f3bff7a8a77b1389fd899cfda193
1113_T01.png,skipped_existing,unknown,1113,杜林,Durin,skill,combat2,Elemental Skill,元素战技,Binary Form: Convergence and Division,二元式·聚分熔炼,,,"将灵魂与愿望的质料纯化，进行**精质转变**。期间，杜林的元素战技二元式·聚分熔炼将会被替换为特殊的元素战技转变·白化之是，普通攻击芒焰之翼斩将会被替换为特殊的元素战技转变·黑度之否。

转变·白化之是
对附近的敌人造成一次火元素范围伤害，解除精质转变，并进入白化之是状态，持续30秒。

转变·黑度之否
对前方的敌人连续造成三次火元素伤害，解除精质转变，并进入黑度之否状态，持续30秒。

处于战斗状态下时，杜林进入白化之是或黑度之否状态时，还会为杜林恢复一定的元素能量，每6秒至多通过这种方式恢复一次元素能量。","Purify the substance of souls and wishes to undergo **Essential Transmutation**. While transmuted, Durin's Elemental Skill Binary Form: Convergence and Division will be replaced with the special Elemental Skill Transmutation: Confirmation of Purity, and the Normal Attack Radiant Wingslash will be replaced with the special Elemental Skill Transmutation: Denial of Darkness.

Transmutation: Confirmation of Purity
Deal 1 instance of AoE Pyro DMG to nearby opponents, reverse Essential Transmutation, and enter the Confirmation of Purity state for 30s.

Transmutation: Denial of Darkness
Deal 3 consecutive instances of Pyro DMG to opponents in front, reverse Essential Transmutation, and enter the Denial of Darkness state for 30s.

When Durin enters the Confirmation of Purity or Denial of Darkness state while in battle, he will restore a certain amount of Elemental Energy. Elemental Energy can be restored this way once every 6s.",Talent Binary Form Convergence and Division.png,https://genshin-impact.fandom.com/wiki/Binary_Form_Convergence_and_Division,https://genshin-impact.fandom.com/wiki/File%3ATalent_Binary_Form_Convergence_and_Division.png,https://static.wikia.nocookie.net/gensin-impact/images/2/2e/Talent_Binary_Form_Convergence_and_Division.png/revision/latest?cb=20251203170802,f0be2b2ebae2713938397fd946b543a7eddc9e20
1113_T02.png,downloaded,unknown,1113,杜林,Durin,burst,combat3,Elemental Burst,元素爆发,Principle of Purity: As the Light Shifts,白化法·如光流变,,,"以不同的方式解放「兽」的力量。依据杜林的**精质转变**状态，杜林可以施放不同的元素爆发。

白化法·如光流变
若杜林处于白化之是状态，将施放元素爆发白化法·如光流变，对前方的敌人造成三次火元素范围伤害，并将自身的力量以「白焰之龙」的形态显现。「白焰之龙」将跟随当前场上角色，并间歇性攻击周围的敌人，造成火元素范围伤害，该伤害视为元素爆发伤害。

黑度法·如星阴燃
若杜林处于黑度之否状态，将转为施放元素爆发黑度法·如星阴燃，对前方的敌人造成三次火元素范围伤害，并将自身的力量以「黑蚀之龙」的形态显现。「黑蚀之龙」将跟随当前场上角色，并间歇性对周围一名敌人发起攻击，造成火元素伤害，该伤害视为元素爆发伤害。

此外，若杜林不处于精质转变的特殊状态，将施放元素爆发白化法·如光流变。","Unleash the power of the ""Beast"" in different ways. Durin can use different Elemental Bursts based on his **Essential Transmutation** state.

Principle of Purity: As the Light Shifts
When Durin is in the Confirmation of Purity state, he will use the Elemental Burst Principle of Purity: As the Light Shifts, dealing 3 instances of AoE Pyro DMG to opponents in front, and manifesting his power in the Dragon of White Flame form. The Dragon of White Flame will follow the current active character and attack nearby opponents at intervals, dealing AoE Pyro DMG. This DMG is considered Elemental Burst DMG.

Principle of Darkness: As the Stars Smolder
When Durin is in the Denial of Darkness state, he will use the Elemental Burst Principle of Darkness: As the Stars Smolder, dealing 3 instances of AoE Pyro DMG to opponents in front, and manifesting his power in the Dragon of Dark Decay form. The Dragon of Dark Decay will follow the current active character and periodically attack a single nearby opponent, dealing Pyro DMG. This DMG is considered Elemental Burst DMG.

When Durin is not in a special state as a result of Essential Transmutation, he will use the Elemental Burst Principle of Purity: As the Light Shifts.",Talent Principle of Purity As the Light Shifts.png,https://genshin-impact.fandom.com/wiki/Principle_of_Purity_As_the_Light_Shifts,https://genshin-impact.fandom.com/wiki/File%3ATalent_Principle_of_Purity_As_the_Light_Shifts.png,https://static.wikia.nocookie.net/gensin-impact/images/e/ed/Talent_Principle_of_Purity_As_the_Light_Shifts.png/revision/latest?cb=20251203170813,7a9489a8502534befa8aea0ecaaa8956ad860ef1
1113_T03.png,downloaded,unknown,1113,杜林,Durin,passive,passive1,1st Ascension Passive,突破天赋1,Light Manifest of the Divine Calculus,光灵遵神数显现,,,"依据杜林施放元素爆发显现的力量形态，分别产生不同的强化效果。若杜林的力量显现为：

白焰之龙
队伍中附近的角色对敌人触发燃烧、超载、火元素扩散、火元素结晶反应后，或对处于燃烧状态下的敌人造成火元素伤害或草元素伤害时，该敌人的火元素抗性与参与反应的对应元素抗性降低20%，持续6秒。

黑蚀之龙
杜林触发的蒸发反应造成的伤害提升40%，融化反应造成的伤害提升40%。","Durin will trigger different buffs depending on the form that his power manifests as when he unleashes his Elemental Burst. When that form is:

Dragon of White Flame
After nearby party members trigger Burning, Overloaded, Pyro Swirl, or Pyro Crystallize reactions on an opponent, or deal Pyro DMG or Dendro DMG to an opponent affected by Burning, that opponent's Pyro RES, and the RES for the corresponding Element involved in the reaction, are decreased by 20% for 6s.

Dragon of Dark Decay
Durin's Vaporize DMG is increased by 40% and his Melt DMG is increased by 40%.",Talent Light Manifest of the Divine Calculus.png,https://genshin-impact.fandom.com/wiki/Light_Manifest_of_the_Divine_Calculus,https://genshin-impact.fandom.com/wiki/File%3ATalent_Light_Manifest_of_the_Divine_Calculus.png,https://static.wikia.nocookie.net/gensin-impact/images/e/e6/Talent_Light_Manifest_of_the_Divine_Calculus.png/revision/latest?cb=20251203170809,b34dd9251f6ccd0d1c39c5a4ef6352650cafa587
1113_T04.png,downloaded,unknown,1113,杜林,Durin,passive,passive2,4th Ascension Passive,突破天赋2,Chaos Formed Like the Night,混沌如黑夜构成,,,"施放元素爆发后的20秒内，杜林将获得「肇象熔炼」效果：持续期间，杜林将获得10层「肇象」，白焰之龙与黑蚀之龙的间歇性攻击造成伤害时，将消耗1层「肇象」，提升造成的伤害，每100点攻击力都将额外造成相当于原本3%的伤害，至多通过这种方式额外造成相当于原本75%的伤害。一次白焰之龙与黑蚀之龙同时命中多名敌人时，只会消耗一层「肇象」。
再次施放元素爆发时，「肇象」的层数将会刷新。","After unleashing an Elemental Burst, Durin gains the Primordial Fusion of Forms effect for 20s: Durin gains 10 stacks of Primordial Fusion. When a periodic attack from Dragon of White Flame or Dragon of Dark Decay deals DMG, 1 stack of Primordial Fusion will be consumed to increase the DMG dealt by 3% of the original DMG for every 100 ATK. A maximum of 75% additional DMG can be dealt this way. When a single attack from Dragon of White Flame or Dragon of Dark Decay hits multiple opponents, only one stack of Primordial Fusion is consumed.
Primordial Fusion stacks are reset when the Elemental Burst is unleashed again.",Talent Chaos Formed Like the Night.png,https://genshin-impact.fandom.com/wiki/Chaos_Formed_Like_the_Night,https://genshin-impact.fandom.com/wiki/File%3ATalent_Chaos_Formed_Like_the_Night.png,https://static.wikia.nocookie.net/gensin-impact/images/2/24/Talent_Chaos_Formed_Like_the_Night.png/revision/latest?cb=20251203170804,1870acc9325c83e6479d60dd44c8ef0be2f97a85
1113_T05.png,downloaded,unknown,1113,杜林,Durin,passive,passive3,Utility Passive,探索天赋,Echoes of the Surging Earth,地涌的回音,,,在蒙德执行时长为20小时的探索派遣任务时，获得的奖励增加25%。,Gains 25% more rewards when dispatched on a Mondstadt Expedition for 20 hours.,Talent Echoes of the Surging Earth.png,https://genshin-impact.fandom.com/wiki/Echoes_of_the_Surging_Earth,https://genshin-impact.fandom.com/wiki/File%3ATalent_Echoes_of_the_Surging_Earth.png,https://static.wikia.nocookie.net/gensin-impact/images/5/5e/Talent_Echoes_of_the_Surging_Earth.png/revision/latest?cb=20251203170806,0ce00d6d93ae30b3ef8f719a78a9c8a6626df76b
1113_T06.png,downloaded,unknown,1113,杜林,Durin,extra,,,,Ode to Ascension,,,,,,Talent Ode to Ascension.png,https://genshin-impact.fandom.com/wiki/Ode_to_Ascension,https://genshin-impact.fandom.com/wiki/File%3ATalent_Ode_to_Ascension.png,https://static.wikia.nocookie.net/gensin-impact/images/6/6d/Talent_Ode_to_Ascension.png/revision/latest?cb=20251203170811,666c3876f66332f239902aa7e15305e913ab9a59
1113_T07.png,downloaded,unknown,1113,杜林,Durin,extra,,,,Principle of Darkness As the Stars Smolder,,,,,,Talent Principle of Darkness As the Stars Smolder.png,https://genshin-impact.fandom.com/wiki/Principle_of_Darkness_As_the_Stars_Smolder,https://genshin-impact.fandom.com/wiki/File%3ATalent_Principle_of_Darkness_As_the_Stars_Smolder.png,https://static.wikia.nocookie.net/gensin-impact/images/b/be/Talent_Principle_of_Darkness_As_the_Stars_Smolder.png/revision/latest?cb=20251213121345,4f31db43f9e2095776b3e952eca02a7adc46fe70
1113_T08.png,skipped_existing,unknown,1113,杜林,Durin,extra,,,,Transmutation Confirmation of Purity,,,,,,Talent Transmutation Confirmation of Purity.png,https://genshin-impact.fandom.com/wiki/Transmutation_Confirmation_of_Purity,https://genshin-impact.fandom.com/wiki/File%3ATalent_Transmutation_Confirmation_of_Purity.png,https://static.wikia.nocookie.net/gensin-impact/images/1/19/Talent_Transmutation_Confirmation_of_Purity.png/revision/latest?cb=20251213121343,3c4b10eead935e7975957ccdaf73df4856a27de3
1113_T09.png,skipped_existing,unknown,1113,杜林,Durin,extra,,,,Transmutation Denial of Darkness,,,,,,Talent Transmutation Denial of Darkness.png,https://genshin-impact.fandom.com/wiki/Transmutation_Denial_of_Darkness,https://genshin-impact.fandom.com/wiki/File%3ATalent_Transmutation_Denial_of_Darkness.png,https://static.wikia.nocookie.net/gensin-impact/images/0/02/Talent_Transmutation_Denial_of_Darkness.png/revision/latest?cb=20251213121341,01438b0bc26ce190c0abde040b6b1fbd6b48d3cf
1114_T01.png,downloaded,unknown,1114,雅珂达,Jahoda,skill,combat2,Elemental Skill,元素战技,Savvy Strategy: Splitting the Spoils,奇策·财富分配方案,,,"雅珂达向敌人突进，并在触及敌人时进入「掠影追袭」状态。处于该状态下时，雅珂达将持续快速移动；若附近的敌人处于火元素、水元素、雷元素或冰元素附着下，雅珂达还会偷偷将随身携带的**呼噜噜秘藏瓶**转换成对应的元素属性，并持续进行装填。持续时间结束或再次施放时，雅珂达将会清空呼噜噜秘藏瓶，并对附近的敌人造成一次风元素伤害；呼噜噜秘藏瓶装满时，雅珂达也会清空呼噜噜秘藏瓶，退出掠影追袭状态，并对附近的敌人造成一次伤害更高的风元素伤害。
如果雅珂达的突进没有触及敌人，雅珂达会在原地投掷下一枚烟雾弹，对身边的敌人造成一次风元素伤害。

月兆·满辉：呼噜噜秘藏瓶装满时，雅珂达不会立刻清空呼噜噜秘藏瓶，而是会在接下来的一段时间内，持续消耗瓶中装填的元素，并间歇性向附近的敌人发射软绒绒猫猫球，造成呼噜噜秘藏瓶对应元素类型的伤害。软绒绒猫猫球命中敌人时，还会为雅珂达恢复2点元素能量，该效果每3.5秒至多触发一次。","Jahoda dashes toward her opponent, entering the Shadow Pursuit state upon contact. While in this state, Jahoda moves continuously and swiftly: If nearby opponents are affected by Pyro, Hydro, Electro, or Cryo, she will quietly convert her **Purr-loined Treasure Flask** to that element, gradually filling it. When the duration ends or the skill is used again, Jahoda drains the Purr-loined Treasure Flask and deals a single instance of Anemo DMG to nearby opponents. When the Purr-loined Treasure Flask is full, Jahoda immediately drains it, exiting the Shadow Pursuit state and dealing a more powerful instance of Anemo DMG.
If her dash fails to make contact with an opponent, Jahoda instead drops a Smoke Bomb at her location, dealing a single instance of Anemo DMG to nearby opponents.

Moonsign: Ascendant Gleam: When the Purr-loined Treasure Flask becomes full, Jahoda will not immediately discharge it. Instead, for a short duration, she steadily consumes the stored element inside and periodically fires Fluffy Meowballs at nearby opponents, dealing DMG of the corresponding element stored in the Purr-loined Treasure Flask. When a Fluffy Meowball hits an opponent, Jahoda regenerates 2 Elemental Energy. This effect can be triggered once every 3.5s.",Talent Savvy Strategy Splitting the Spoils.png,https://genshin-impact.fandom.com/wiki/Savvy_Strategy_Splitting_the_Spoils,https://genshin-impact.fandom.com/wiki/File%3ATalent_Savvy_Strategy_Splitting_the_Spoils.png,https://static.wikia.nocookie.net/gensin-impact/images/8/80/Talent_Savvy_Strategy_Splitting_the_Spoils.png/revision/latest?cb=20251203174011,ec8f3f6df893a1e998662aafa983716a583990fa
1114_T02.png,skipped_existing,unknown,1114,雅珂达,Jahoda,burst,combat3,Elemental Burst,元素爆发,Hidden Aces: Seven Tools of the Hunter,秘器·猎人的七道具,,,压箱底的秘藏只能在这里用掉啦！雅珂达取出两枚**猫型家用互助协调器**，并对附近的敌人造成一次风元素伤害。,Time to reveal those pocket aces! Jahoda retrieves 2 **Purrsonal Coordinated Assistance Robots** and deals a single instance of Anemo DMG to nearby opponents.,Talent Hidden Aces Seven Tools of the Hunter.png,https://genshin-impact.fandom.com/wiki/Hidden_Aces_Seven_Tools_of_the_Hunter,https://genshin-impact.fandom.com/wiki/File%3ATalent_Hidden_Aces_Seven_Tools_of_the_Hunter.png,https://static.wikia.nocookie.net/gensin-impact/images/9/9d/Talent_Hidden_Aces_Seven_Tools_of_the_Hunter.png/revision/latest?cb=20251203174018,3357e65fe5785cad176eb698aeaca687374181a0
1114_T03.png,skipped_existing,unknown,1114,雅珂达,Jahoda,passive,passive1,1st Ascension Passive,突破天赋1,Plan to Get Paid,索酬的巧计,,,"当队伍中存在至少1名元素类型为火元素、水元素、雷元素或冰元素的角色时，将依据对应元素类型的角色数量，使元素爆发秘器·猎人的七道具中的**猫型家用互助协调器**获得强化。
雅珂达会偷偷记录队伍中上述元素类型的角色。在这些角色中，若角色数量最多的元素类型为：
·火元素：猫型家用互助协调器造成原本130%的伤害；
·水元素：猫型家用互助协调器造成原本120%的治疗量；
·雷元素：猫型家用互助协调器的数量增加一个；
·冰元素：猫型家用互助协调器的攻击间隔减少10%。

若上述元素类型的角色数量相同，则按照火元素、水元素、雷元素、冰元素的顺序进行记录。初始至多只有一种元素类型对应的效果生效。","When your team has at least one Pyro, Hydro, Electro, or Cryo character, the **Purrsonal Coordinated Assistance Robots** from the Elemental Burst Hidden Aces: Seven Tools of the Hunter will be enhanced based on the number of characters of each corresponding element.
Jahoda secretly keeps track of these characters. Among them, the element with the highest number of characters determines the enhancement effect:
· Pyro: Purrsonal Coordinated Assistance Robots deal 130% of their original DMG.
· Hydro: Purrsonal Coordinated Assistance Robots heal for 120% of their original healing amount.
· Electro: The number of Purrsonal Coordinated Assistance Robots increases by one.
· Cryo: The attack interval of Purrsonal Coordinated Assistance Robots is reduced by 10%.

If there's a tie between elements, the order of priority that determines which enhancement takes effect is: Pyro, Hydro, Electro, then Cryo. Only one elemental effect can initially be triggered.",Talent Plan to Get Paid.png,https://genshin-impact.fandom.com/wiki/Plan_to_Get_Paid,https://genshin-impact.fandom.com/wiki/File%3ATalent_Plan_to_Get_Paid.png,https://static.wikia.nocookie.net/gensin-impact/images/f/fb/Talent_Plan_to_Get_Paid.png/revision/latest?cb=20251203174021,e04f5f1dc6736c96d87bf9822b31b426c45ba77b
1114_T04.png,downloaded,unknown,1114,雅珂达,Jahoda,passive,passive2,4th Ascension Passive,突破天赋2,Sweet Berry Bounty,蜜莓的嘉赏,,,元素爆发秘器·猎人的七道具中的**猫型家用互助协调器**对队伍中自己的当前场上角色触发治疗时，若受到治疗的角色生命值高于70%，则该角色的元素精通提升100点，持续6秒。,"When a **Purrsonal Coordinated Assistance Robot** from the Elemental Burst Hidden Aces: Seven Tools of the Hunter triggers healing on an active team member, if that character's HP is above 70%, their Elemental Mastery will be increased by 100 for 6s.",Talent Sweet Berry Bounty.png,https://genshin-impact.fandom.com/wiki/Sweet_Berry_Bounty,https://genshin-impact.fandom.com/wiki/File%3ATalent_Sweet_Berry_Bounty.png,https://static.wikia.nocookie.net/gensin-impact/images/f/f6/Talent_Sweet_Berry_Bounty.png/revision/latest?cb=20251203174014,ab7b02bbc1632230ecced985948ba577cbdc66a1
1114_T05.png,downloaded,unknown,1114,雅珂达,Jahoda,passive,passive4,Additional Passive,附加天赋,Backstreet Guile,暗巷的黠慧,,,在挪德卡莱执行探索派遣任务时，消耗的时间缩短25%。,"When dispatched on an expedition in Nod-Krai, time consumed is reduced by 25%.",Talent Backstreet Guile.png,https://genshin-impact.fandom.com/wiki/Backstreet_Guile,https://genshin-impact.fandom.com/wiki/File%3ATalent_Backstreet_Guile.png,https://static.wikia.nocookie.net/gensin-impact/images/4/47/Talent_Backstreet_Guile.png/revision/latest?cb=20251203174016,1475abd42f7c7f0c2054a24a6f387d109e078bcb
1114_T06.png,downloaded,unknown,1114,雅珂达,Jahoda,extra,,,,Rooftop Dash,,,,,,Talent Rooftop Dash.png,https://genshin-impact.fandom.com/wiki/Rooftop_Dash,https://genshin-impact.fandom.com/wiki/File%3ATalent_Rooftop_Dash.png,https://static.wikia.nocookie.net/gensin-impact/images/a/aa/Talent_Rooftop_Dash.png/revision/latest?cb=20251203174023,221fc0c27e41553137771a14aca5928bf5771ba4
1114_T07.png,downloaded,unknown,1114,雅珂达,Jahoda,extra,,,,Savvy Strategy Splitting the Spoils 2,,,,,,Talent Savvy Strategy Splitting the Spoils 2.png,https://genshin-impact.fandom.com/wiki/Savvy_Strategy_Splitting_the_Spoils_2,https://genshin-impact.fandom.com/wiki/File%3ATalent_Savvy_Strategy_Splitting_the_Spoils_2.png,https://static.wikia.nocookie.net/gensin-impact/images/9/90/Talent_Savvy_Strategy_Splitting_the_Spoils_2.png/revision/latest?cb=20260621215844,04ca7d187dde5d40f118536f6858bfae0a40b030
1115_T02.png,downloaded,unknown,1115,兹白,Zibai,burst,combat3,Elemental Burst,元素爆发,Tri-Sphere Eminence,三垣威仪法,,,"兹白转起青玄乘阳华盖，造成两次岩元素伤害，其中的第二段伤害视为月结晶反应伤害。
施放时，若兹白处于**「月转时隙」**模式下，则本次「月转时隙」模式的持续时间还会延长1.7秒。","Zibai operates the Jadelight Canopy, dealing two instances of Geo DMG, with the second damage instance being considered Lunar-Crystallize Reaction DMG.
When cast, if Zibai is in the **Lunar Phase Shift**, the duration of the current Lunar Phase Shift will extend by an additional 1.7s.",Talent Tri-Sphere Eminence.png,https://genshin-impact.fandom.com/wiki/Tri-Sphere_Eminence,https://genshin-impact.fandom.com/wiki/File%3ATalent_Tri-Sphere_Eminence.png,https://static.wikia.nocookie.net/gensin-impact/images/b/b0/Talent_Tri-Sphere_Eminence.png/revision/latest?cb=20260205145216,b9ecc169898591183df2c722113d95c404c82be0
1115_T03.png,downloaded,unknown,1115,兹白,Zibai,passive,passive1,1st Ascension Passive,突破天赋1,The Selenic Adeptus Descends,月下素娥降仙,,,施放元素战技**天地忽然身**时，或队伍中附近的角色触发月笼谐奏时，兹白将获得持续4秒的「太阴降」效果：**灵驹飞踏**第二段攻击造成的伤害提升，提升值相当于兹白防御力的60%。,"When casting the Elemental Skill **Heaven and Earth Made Manifest**, or when nearby party members trigger Moondrift Harmony, Zibai gains the Selenic Descent effect for 4s: The DMG dealt by the 2nd hit of **Spirit Steed's Stride** is increased by 60% of Zibai's DEF.",Talent The Selenic Adeptus Descends.png,https://genshin-impact.fandom.com/wiki/The_Selenic_Adeptus_Descends,https://genshin-impact.fandom.com/wiki/File%3ATalent_The_Selenic_Adeptus_Descends.png,https://static.wikia.nocookie.net/gensin-impact/images/6/6b/Talent_The_Selenic_Adeptus_Descends.png/revision/latest?cb=20260205145256,a1cd3403629dcf1c7f97de81d132667200c4a3fe
1115_T04.png,downloaded,unknown,1115,兹白,Zibai,passive,passive1,1st Ascension Passive,突破天赋1,Heaven and Earth Made Manifest,天地忽然身,The Selenic Adeptus Descends,月下素娥降仙,施放元素战技**天地忽然身**时，或队伍中附近的角色触发月笼谐奏时，兹白将获得持续4秒的「太阴降」效果：**灵驹飞踏**第二段攻击造成的伤害提升，提升值相当于兹白防御力的60%。,"When casting the Elemental Skill **Heaven and Earth Made Manifest**, or when nearby party members trigger Moondrift Harmony, Zibai gains the Selenic Descent effect for 4s: The DMG dealt by the 2nd hit of **Spirit Steed's Stride** is increased by 60% of Zibai's DEF.",Talent Heaven and Earth Made Manifest.png,https://genshin-impact.fandom.com/wiki/Heaven_and_Earth_Made_Manifest,https://genshin-impact.fandom.com/wiki/File%3ATalent_Heaven_and_Earth_Made_Manifest.png,https://static.wikia.nocookie.net/gensin-impact/images/0/01/Talent_Heaven_and_Earth_Made_Manifest.png/revision/latest?cb=20260205145140,7082865d27f29a6e14008187acf4d490b2748352
1115_T05.png,downloaded,unknown,1115,兹白,Zibai,passive,passive2,4th Ascension Passive,突破天赋2,Layered Peaks Pierce the Clouds,叠嶂峦岫出云,,,队伍中每存在一名元素类型为岩元素的其他角色，都会使兹白的防御力提升15%；队伍中每存在一名元素类型为水元素的其他角色，都会使兹白的元素精通提升60点。,Other Geo party members increase Zibai's DEF by 15% each. Hydro party members increase her Elemental Mastery by 60 each.,Talent Layered Peaks Pierce the Clouds.png,https://genshin-impact.fandom.com/wiki/Layered_Peaks_Pierce_the_Clouds,https://genshin-impact.fandom.com/wiki/File%3ATalent_Layered_Peaks_Pierce_the_Clouds.png,https://static.wikia.nocookie.net/gensin-impact/images/a/a2/Talent_Layered_Peaks_Pierce_the_Clouds.png/revision/latest?cb=20260205145324,fd0397817c9aefba0dee8db59164ff72d4fa94dc
1115_T06.png,downloaded,unknown,1115,兹白,Zibai,passive,passive4,Additional Passive,附加天赋,Moonlit Flower Forest,花林如霰,,,"在夜间（18时至6时），不处于战斗状态下时，每2秒为兹白恢复1点元素能量。
该效果在秘境、征讨领域、深境螺旋中无效。","At night (18:00 – 06:00), when not in combat, restore 1 Elemental Energy to Zibai every 2 seconds.
This effect does not work in Domains, Trounce Domains, or the Spiral Abyss.",Talent Moonlit Flower Forest.png,https://genshin-impact.fandom.com/wiki/Moonlit_Flower_Forest,https://genshin-impact.fandom.com/wiki/File%3ATalent_Moonlit_Flower_Forest.png,https://static.wikia.nocookie.net/gensin-impact/images/3/35/Talent_Moonlit_Flower_Forest.png/revision/latest?cb=20260205145737,f1e9e0005d5c23e9eae9b5379e93ab56432c50c3
1115_T07.png,downloaded,unknown,1115,兹白,Zibai,extra,,,,Geo Moonsign Lunar-Crystallize,,,,,,Talent Geo Moonsign Lunar-Crystallize.png,https://genshin-impact.fandom.com/wiki/Geo_Moonsign_Lunar-Crystallize,https://genshin-impact.fandom.com/wiki/File%3ATalent_Geo_Moonsign_Lunar-Crystallize.png,https://static.wikia.nocookie.net/gensin-impact/images/1/18/Talent_Geo_Moonsign_Lunar-Crystallize.png/revision/latest?cb=20260205145546,dc67013dc2f557976ce84251cb9c0c0eb73d6590
1116_T03.png,downloaded,unknown,1116,叶洛亚,Illuga,passive,passive1,1st Ascension Passive,突破天赋1,Torchforger's Covenant,铸灯者的盟约,,,"施放元素战技**衔莺破晓**或元素爆发**鉴照无影**后，队伍中附近的其他角色将获得持续20秒的「执灯之誓」效果：对敌人造成的岩元素伤害，暴击率提升5%，暴击伤害提升10%。

月兆·满辉 
处于「执灯之誓」效果影响下的角色，元素精通提升50点。","After unleashing Elemental Skill **Dawnbearing Songbird** or Elemental Burst **Shadowless Reflection**, other nearby party members will gain the Lightkeeper's Oath effect for 20s: For Geo DMG dealt to opponents, CRIT Rate increases by 5% and CRIT DMG increases by 10%.

Moonsign: Ascendant Gleam 
Party members affected by the Lightkeeper's Oath effect have their Elemental Mastery increased by 50.",Talent Torchforger's Covenant.png,https://genshin-impact.fandom.com/wiki/Torchforger%27s_Covenant,https://genshin-impact.fandom.com/wiki/File%3ATalent_Torchforger%27s_Covenant.png,https://static.wikia.nocookie.net/gensin-impact/images/7/7c/Talent_Torchforger%27s_Covenant.png/revision/latest?cb=20260205150401,2363270d2984ef742c4095e7dc9c2dccb3d86fad
1116_T04.png,downloaded,unknown,1116,叶洛亚,Illuga,passive,passive1,1st Ascension Passive,突破天赋1,Dawnbearing Songbird,衔莺破晓,Torchforger's Covenant,铸灯者的盟约,"施放元素战技**衔莺破晓**或元素爆发**鉴照无影**后，队伍中附近的其他角色将获得持续20秒的「执灯之誓」效果：对敌人造成的岩元素伤害，暴击率提升5%，暴击伤害提升10%。

月兆·满辉 
处于「执灯之誓」效果影响下的角色，元素精通提升50点。","After unleashing Elemental Skill **Dawnbearing Songbird** or Elemental Burst **Shadowless Reflection**, other nearby party members will gain the Lightkeeper's Oath effect for 20s: For Geo DMG dealt to opponents, CRIT Rate increases by 5% and CRIT DMG increases by 10%.

Moonsign: Ascendant Gleam 
Party members affected by the Lightkeeper's Oath effect have their Elemental Mastery increased by 50.",Talent Dawnbearing Songbird.png,https://genshin-impact.fandom.com/wiki/Dawnbearing_Songbird,https://genshin-impact.fandom.com/wiki/File%3ATalent_Dawnbearing_Songbird.png,https://static.wikia.nocookie.net/gensin-impact/images/c/cd/Talent_Dawnbearing_Songbird.png/revision/latest?cb=20260205150258,aa466be67ff85688072646b8c34b0087dd4b3958
1116_T05.png,downloaded,unknown,1116,叶洛亚,Illuga,passive,passive1,1st Ascension Passive,突破天赋1,Shadowless Reflection,鉴照无影,Torchforger's Covenant,铸灯者的盟约,"施放元素战技**衔莺破晓**或元素爆发**鉴照无影**后，队伍中附近的其他角色将获得持续20秒的「执灯之誓」效果：对敌人造成的岩元素伤害，暴击率提升5%，暴击伤害提升10%。

月兆·满辉 
处于「执灯之誓」效果影响下的角色，元素精通提升50点。","After unleashing Elemental Skill **Dawnbearing Songbird** or Elemental Burst **Shadowless Reflection**, other nearby party members will gain the Lightkeeper's Oath effect for 20s: For Geo DMG dealt to opponents, CRIT Rate increases by 5% and CRIT DMG increases by 10%.

Moonsign: Ascendant Gleam 
Party members affected by the Lightkeeper's Oath effect have their Elemental Mastery increased by 50.",Talent Shadowless Reflection.png,https://genshin-impact.fandom.com/wiki/Shadowless_Reflection,https://genshin-impact.fandom.com/wiki/File%3ATalent_Shadowless_Reflection.png,https://static.wikia.nocookie.net/gensin-impact/images/4/48/Talent_Shadowless_Reflection.png/revision/latest?cb=20260205150332,6bc6e9cf064cb9df0b6b9e7b0b7f2f29316f4735
1116_T06.png,downloaded,unknown,1116,叶洛亚,Illuga,passive,passive2,4th Ascension Passive,突破天赋2,Demonhunter's Dusk,狩魔者的黄昏,,,**「夜莺之歌」**的效果获得强化：当队伍中存在1/2/3名水元素或岩元素角色时，「夜莺之歌」会进一步提升造成的伤害，提升值相当于叶洛亚元素精通的7%/14%/24%；若上述伤害为月结晶反应造成的伤害，提升值则相当于叶洛亚元素精通的48%/96%/160%。,"**Nightingale's Song**'s effects are enhanced: When there are 1/2/3 Hydro or Geo characters in the party, Nightingale's Song will further increase DMG. Increase in DMG is equal to 7%/14%/24% of Illuga's Elemental Mastery. If this aforementioned DMG is inflicted by a Lunar-Crystallize reaction, increase in DMG is equal to 48%/96%/160% of Illuga's Elemental Mastery.",Talent Demonhunter's Dusk.png,https://genshin-impact.fandom.com/wiki/Demonhunter%27s_Dusk,https://genshin-impact.fandom.com/wiki/File%3ATalent_Demonhunter%27s_Dusk.png,https://static.wikia.nocookie.net/gensin-impact/images/4/44/Talent_Demonhunter%27s_Dusk.png/revision/latest?cb=20260205150429,44f128b9d9f0504f6d7f8c5493b158f155bd65a7
1116_T07.png,downloaded,unknown,1116,叶洛亚,Illuga,passive,passive4,Additional Passive,附加天赋,Night Warden's Stride,巡夜者的疾行,,,"在夜间（18时至6时），队伍中自己的角色获得迅行效果：移动速度提高10%。
该效果在秘境、征讨领域、深境螺旋中无效，迅行效果无法叠加。
此外，叶洛亚似乎能听懂狂猎的低语…","At night (18:00 – 06:00), your party members gain the Swift Stride effect: Movement SPD increased by 10%.
Does not take effect in Domains, Trounce Domains, or Spiral Abyss. Swift Stride does not stack.
Additionally, Illuga appears to be able to decipher the whispers of the Wild Hunt...",Talent Night Warden's Stride.png,https://genshin-impact.fandom.com/wiki/Night_Warden%27s_Stride,https://genshin-impact.fandom.com/wiki/File%3ATalent_Night_Warden%27s_Stride.png,https://static.wikia.nocookie.net/gensin-impact/images/d/d8/Talent_Night_Warden%27s_Stride.png/revision/latest?cb=20260205150543,2a4fa8f824c86dbccf3b5d1dc172cb3eec0bc46f
1116_T08.png,downloaded,unknown,1116,叶洛亚,Illuga,extra,,,,Unwithering in Winter,,,,,,Talent Unwithering in Winter.png,https://genshin-impact.fandom.com/wiki/Unwithering_in_Winter,https://genshin-impact.fandom.com/wiki/File%3ATalent_Unwithering_in_Winter.png,https://static.wikia.nocookie.net/gensin-impact/images/4/4c/Talent_Unwithering_in_Winter.png/revision/latest?cb=20260205150518,1441a51ba51b15fc1ea0560229cb6de9280010db
1117_T01.png,skipped_existing,unknown,1117,哥伦比娅,Columbina,skill,combat2,Elemental Skill,元素战技,Eternal Tides,万古潮汐,,,"唤起月海的潮汐，造成水元素范围伤害，并唤出**引力涟漪**。
引力涟漪将跟随场上角色，并持续对周围的敌人造成水元素范围伤害。引力涟漪存在期间，队伍中附近的角色触发月曜反应或造成月曜反应伤害时，将会为哥伦比娅积攒特殊的引力值，积攒至上限时，将会依据为哥伦比娅积攒最多引力值的月曜反应的类型，对敌人造成不同类型的伤害。
月兆·满辉：引力涟漪会造成范围更大的水元素范围伤害。","Awaken Moonbound Tides, dealing AoE Hydro DMG and summoning **Gravity Ripple**.
Gravity Ripple will follow the active character on the field, while continuously dealing AoE Hydro DMG to surrounding opponents. While Gravity Ripple is on the field, and nearby party members trigger Lunar reactions or inflict Lunar Reaction DMG, Columbina will accrue a special Gravity. Once Gravity is accumulated to its limit, different types of damage will be dealt to enemies based on the type of Lunar Reaction that has accumulated the most Gravity for Columbina.
Moonsign: Ascendant Gleam: Gravity Ripple inflicts AoE Hydro DMG over a wider area.",Talent Eternal Tides.png,https://genshin-impact.fandom.com/wiki/Eternal_Tides,https://genshin-impact.fandom.com/wiki/File%3ATalent_Eternal_Tides.png,https://static.wikia.nocookie.net/gensin-impact/images/1/14/Talent_Eternal_Tides.png/revision/latest?cb=20260115185652,d3f4081bb65688cb80403f46ed48ca48f60bb54f
1117_T02.png,downloaded,unknown,1117,哥伦比娅,Columbina,burst,combat3,Elemental Burst,元素爆发,Moonlit Melancholy,她的乡愁,,,以无秽的新月之名连接山与海，将身边的大地短暂变换为**月之领域**，并造成水元素范围伤害。,"Hills and tides unite under the silver light of a pristine new moon. Temporarily transforms the surrounding terrain into **Lunar Domain**, dealing  AoE Hydro DMG.",Talent Moonlit Melancholy.png,https://genshin-impact.fandom.com/wiki/Moonlit_Melancholy,https://genshin-impact.fandom.com/wiki/File%3ATalent_Moonlit_Melancholy.png,https://static.wikia.nocookie.net/gensin-impact/images/4/41/Talent_Moonlit_Melancholy.png/revision/latest?cb=20260115185654,abc87762ba7487a215bc4ff4f902bc1ef87291d4
1117_T03.png,skipped_existing,unknown,1117,哥伦比娅,Columbina,passive,passive1,1st Ascension Passive,突破天赋1,Lunacy's Lure,月亮诱发的疯狂,,,触发**引力干涉**时，哥伦比娅将获得月诱效果，使自身的暴击率提升5%，持续10秒。该效果至多叠加3层。,"When triggering **Gravity Interference**, Columbina gains the Lunacy effect, increasing her CRIT Rate by 5% for 10s. This effect can be stacked up to 3 times.",Talent Lunacy's Lure.png,https://genshin-impact.fandom.com/wiki/Lunacy%27s_Lure,https://genshin-impact.fandom.com/wiki/File%3ATalent_Lunacy%27s_Lure.png,https://static.wikia.nocookie.net/gensin-impact/images/5/5a/Talent_Lunacy%27s_Lure.png/revision/latest?cb=20260115185656,0dc224330523d2926800540c3b97e30bb65b74a5
1117_T04.png,downloaded,unknown,1117,哥伦比娅,Columbina,passive,passive2,4th Ascension Passive,突破天赋2,Law of the New Moon,新月自己的法则,,,"处于**月之领域**中的角色触发月曜反应时，将分别获得以下效果：
·月感电反应：雷暴云对符合条件的目标进行雷击时，有33%概率额外进行一次雷击；
·月绽放反应：触发月绽放反应时，将为队伍提供一枚特殊的**山月草露**，每18秒至多通过这种方式为队伍提供3枚山月草露；
·月结晶反应：触发月笼谐奏时，每枚月笼有33%概率额外进行一次攻击。","When characters within the **Lunar Domain** trigger Lunar reactions, they will gain the following effects respectively: 
· Lunar-Charged: When the Thundercloud performs lightning strike(s) against a valid target, it has a 33% chance to perform an additional lightning strike. 
· Lunar-Bloom: When triggering Lunar-Bloom reactions, the party gains a special **Moonridge Dew**. Up to 3 Moonridge Dews can be gained every 18s. 
· Lunar-Crystallize: When Moondrift Harmony is triggered, every Moondrift has a 33% chance to inflict an extra attack.",Talent Law of the New Moon.png,https://genshin-impact.fandom.com/wiki/Law_of_the_New_Moon,https://genshin-impact.fandom.com/wiki/File%3ATalent_Law_of_the_New_Moon.png,https://static.wikia.nocookie.net/gensin-impact/images/3/37/Talent_Law_of_the_New_Moon.png/revision/latest?cb=20260115185658,2737d18e0577b3d95ba3209a2d40aa518141d6bd
1117_T05.png,downloaded,unknown,1117,哥伦比娅,Columbina,passive,passive4,Additional Passive,附加天赋,Lunar Vigil,月的守望,,,"处于挪德卡莱或霜月区域时，队伍中自己的角色倒下时，哥伦比娅将复苏该角色，并为其恢复生命值，恢复值基于哥伦比娅的好感等级，该效果每100秒至多触发一次。该效果在秘境、征讨领域、深境螺旋中无效。
此外，对受到月矩力影响的部分小动物，哥伦比娅似乎有着特殊的亲和力…","If one of your party members is incapacitated while in the Nod-Krai or Frost Moon regions, Columbina will revive this character. The amount of HP the character will have upon revival is based on Columbina's Friendship Level. This effect can occur once every 100s. This effect does not trigger in Domains, Trounce Domains, or the Spiral Abyss.
Additionally, Columbina appears to have a special affinity for certain animals who are influenced by kuuvahki...",Talent Lunar Vigil.png,https://genshin-impact.fandom.com/wiki/Lunar_Vigil,https://genshin-impact.fandom.com/wiki/File%3ATalent_Lunar_Vigil.png,https://static.wikia.nocookie.net/gensin-impact/images/2/28/Talent_Lunar_Vigil.png/revision/latest?cb=20260115185702,8318ea56cc64a1a495c569385a74567446924fc1
1117_T06.png,downloaded,unknown,1117,哥伦比娅,Columbina,extra,,,,"Moonlight, Lent Unto You",,,,,,"Talent Moonlight, Lent Unto You.png",https://genshin-impact.fandom.com/wiki/Moonlight%2C_Lent_Unto_You,https://genshin-impact.fandom.com/wiki/File%3ATalent_Moonlight%2C_Lent_Unto_You.png,https://static.wikia.nocookie.net/gensin-impact/images/f/f6/Talent_Moonlight%2C_Lent_Unto_You.png/revision/latest?cb=20260115185700,4a1c0711b70da1263e1defb3f680b26851c8ce63
1118_T01.png,downloaded,unknown,1118,法尔伽,Varka,skill,combat2,Elemental Skill,元素战技,Windbound Execution,烈风终坠,,,"以绝对的力量，呈现西风剑术的真髓，依据点按、长按，以不同的方式产生效果。

点按
向前方腾跃而起并顺势劈斩，造成风元素范围伤害，并切换至**狂飙突进**模式。
处于狂飙突进模式下时，法尔伽的普通攻击与重击造成的伤害提高，无法进行下落攻击，且进行普通攻击与重击时，将根据队伍中角色的元素类型，使双持的大剑分别造成无法被附魔覆盖的对应元素伤害。
此外，处于狂飙突进模式下时，若队伍中存在火元素、水元素、雷元素或冰元素角色，法尔伽的元素战技烈风终坠将会被替换为特殊的元素战技**四风将起**，造成对应元素伤害与风元素伤害；此外，法尔伽还可以消耗特殊元素战技四风将起的可使用次数，进行不消耗体力的特殊重击苍噬，造成对应元素伤害与风元素伤害。

长按
进行蓄力后，向前方腾跃而起，蓄力时间会提升腾跃距离。","Manifest the true essence of Favonius Bladework with absolute power. Produces different effects depending on whether the skill is Tapped or Held.

Tap
Leap forward and slash in one fluid motion, dealing AoE Anemo DMG and switching to **Sturm und Drang** mode.
While in Sturm und Drang, Varka's Normal Attack and Charged Attack DMG is increased, and he cannot perform Plunging Attacks. Also, when performing Normal or Charged Attacks, Varka's dual-wielded claymores will deal corresponding Elemental DMG based on the Elemental Types of the characters in the party, respectively. This Elemental DMG cannot be overridden by infusions.
Additionally, when in Sturm und Drang, if there are Pyro, Hydro, Electro or Cryo characters in the party, Varka's Elemental Skill Windbound Execution will be converted to the special Elemental Skill, **Four Winds' Ascension**, dealing corresponding Elemental DMG and Anemo DMG. Additionally, Varka can also expend uses of the special Elemental Skill Four Winds' Ascension to perform a special Charged Attack, Azure Devour, that does not consume stamina to deal corresponding Elemental DMG and Anemo DMG.

Hold
After charging for a while, leap forward. The duration of the charge will increase the distance of the leap.",Talent Windbound Execution.png,https://genshin-impact.fandom.com/wiki/Windbound_Execution,https://genshin-impact.fandom.com/wiki/File%3ATalent_Windbound_Execution.png,https://static.wikia.nocookie.net/gensin-impact/images/f/fa/Talent_Windbound_Execution.png/revision/latest?cb=20260225033649,5d3cc7cc17ab3ef078e6455e5a253694e49496c7
1118_T02.png,downloaded,unknown,1118,法尔伽,Varka,burst,combat3,Elemental Burst,元素爆发,Northwind Avatar,我即朔风,,,"以最强的北风骑士之名，向前方挥出强力的二连斩，造成两次风元素伤害。
若队伍中存在火元素、水元素、雷元素或冰元素角色，则第一次斩击将会按照上述元素类型的优先级，转为造成对应元素伤害。","In the name of the mightiest Knight of Boreas, unleash a powerful double slash attack toward the front, dealing 2 instances of Anemo DMG.
If there are Pyro, Hydro, Electro or Cryo characters in the party, the first slash will be converted to deal corresponding Elemental DMG according to the aforementioned priority order of Elemental Types.",Talent Northwind Avatar.png,https://genshin-impact.fandom.com/wiki/Northwind_Avatar,https://genshin-impact.fandom.com/wiki/File%3ATalent_Northwind_Avatar.png,https://static.wikia.nocookie.net/gensin-impact/images/0/0e/Talent_Northwind_Avatar.png/revision/latest?cb=20260225033647,e846e09aac3656f545e368c47a695383d2de4f25
1118_T03.png,downloaded,unknown,1118,法尔伽,Varka,passive,passive1,1st Ascension Passive,突破天赋1,Dawn Wind's March,晓风的行军,,,"队伍中存在火元素、水元素、雷元素或冰元素角色时，按照上述元素类型的优先级，基于法尔伽的攻击力，每1000点攻击力都将使法尔伽获得10%风元素伤害加成与对应元素伤害加成（上述元素类型中，至多有一种元素类型可以通过这种方式获得伤害加成），至多通过这种方式获得25%。

此外，如果队伍中存在至少2名风元素角色，或存在至少2名元素类型相同的火元素、水元素、雷元素或冰元素角色，法尔伽在**狂飙突进**模式下进行的普通攻击、重击、特殊重击苍噬与施放的特殊元素战技**四风将起**将造成原本140%的伤害；若队伍中同时存在至少2名风元素角色与至少2名元素类型相同的火元素、水元素、雷元素或冰元素角色，则会使上述效果提升至220%。","When there are Pyro, Hydro, Electro or Cryo characters in the party, according to the aforementioned priority order of Elemental Types, every 1,000 points of Varka's ATK will grant Varka a 10% Anemo DMG Bonus and corresponding Elemental DMG Bonus (among the aforementioned Elemental Types, only one element can gain bonus DMG this way). Up to 25% bonus DMG can be gained this way. 

Additionally, if there are at least 2 Anemo characters, or at least 2 characters of the same Element among Pyro, Hydro, Electro or Cryo in the party, the Normal Attacks, Charged Attacks, Special Charged Attack Azure Devour and the special Elemental Skill **Four Winds' Ascension** that Varka deals or unleashes while in the **Sturm und Drang** mode will deal 140% of their original DMG. If there are at least 2 Anemo characters and at least 2 other characters of the same element among Pyro, Hydro, Electro or Cryo present in the party at the same time, the aforementioned effect will be increased to 220%.",Talent Dawn Wind's March.png,https://genshin-impact.fandom.com/wiki/Dawn_Wind%27s_March,https://genshin-impact.fandom.com/wiki/File%3ATalent_Dawn_Wind%27s_March.png,https://static.wikia.nocookie.net/gensin-impact/images/3/30/Talent_Dawn_Wind%27s_March.png/revision/latest?cb=20260225033640,42f455d8f6721fc1396b366becdf90f0aaa34cd0
1118_T04.png,downloaded,unknown,1118,法尔伽,Varka,passive,passive2,4th Ascension Passive,突破天赋2,Wind's Vanguard,风帜的先引,,,队伍中附近的角色触发扩散或星扩散反应时，法尔伽将获得一层「苍牙之誓」，使法尔伽的普通攻击、重击、特殊重击苍噬与施放的特殊元素战技**四风将起**造成的伤害提升7.5%。该效果持续8秒，至多叠加4层，每名角色每1秒至多通过这种方式使法尔伽获得一层「苍牙之誓」。,"When nearby party members trigger a Swirl or Stellar Swirl reaction, Varka gains 1 stack of Azure Fang's Oath, increasing the DMG dealt by his Normal Attacks, Charged Attacks, special Charged Attack Azure Devour and special Elemental Skill **Four Winds' Ascension** by 7.5% for 8s. Max 4 stacks. Each character can grant Varka with 1 stack of Azure Fang's Oath every second this way.",Talent Wind's Vanguard.png,https://genshin-impact.fandom.com/wiki/Wind%27s_Vanguard,https://genshin-impact.fandom.com/wiki/File%3ATalent_Wind%27s_Vanguard.png,https://static.wikia.nocookie.net/gensin-impact/images/8/85/Talent_Wind%27s_Vanguard.png/revision/latest?cb=20260225033651,7d94ecd15390711b5a28d2ce807dd89949b9b9f8
1118_T05.png,downloaded,unknown,1118,法尔伽,Varka,passive,passive3,Utility Passive,探索天赋,Homebound Wind's Paean,归风的凯歌,,,"队伍中每有一名蒙德角色，通过长按施放的元素战技烈风终坠的冷却时间就会缩短5%。
该效果在秘境、征讨领域、深境螺旋中无效。","For every party member from Mondstadt, the Hold version of Varka's Elemental Skill Windbound Execution's CD is decreased by 5%.
This effect does not trigger in Domains, Trounce Domains, or the Spiral Abyss.",Talent Homebound Wind's Paean.png,https://genshin-impact.fandom.com/wiki/Homebound_Wind%27s_Paean,https://genshin-impact.fandom.com/wiki/File%3ATalent_Homebound_Wind%27s_Paean.png,https://static.wikia.nocookie.net/gensin-impact/images/0/0f/Talent_Homebound_Wind%27s_Paean.png/revision/latest?cb=20260225033644,fb38204a71367f42794b4364f8a03ae99cf22526
1118_T06.png,downloaded,unknown,1118,法尔伽,Varka,extra,,,,Dawn's Return,,,,,,Talent Dawn's Return.png,https://genshin-impact.fandom.com/wiki/Dawn%27s_Return,https://genshin-impact.fandom.com/wiki/File%3ATalent_Dawn%27s_Return.png,https://static.wikia.nocookie.net/gensin-impact/images/2/25/Talent_Dawn%27s_Return.png/revision/latest?cb=20260225033642,40f6b57c16b5bdf9bb10fe41f8cc88e66643d0cf
1120_T02.png,downloaded,unknown,1120,尼可,Nicole,burst,combat3,Elemental Burst,元素爆发,Revelation: Ladder of Divine Ascent,圣言默示·天路历程,,,"以天光的金缕，纺出「锚定」的命途，造成火元素范围伤害，并切换至「默观颂祷」模式。
尼可处于该模式下时，队伍中附近的当前场上角色的攻击命中敌人时，将会召唤出「奥迹造影」，对敌人发起协同攻击，依据该角色的元素类型，造成对应的元素范围伤害。该伤害受益于该角色的攻击力，并视为由该角色造成的伤害。
该效果每3秒至多触发一次，尼可每次切换至「默观颂祷」模式后，至多触发4次。

此外，魔导角色的「奥迹造影」在外观上似乎会有所不同…","As Nicole weaves the path of anchored fate with golden threads of light, she deals AoE Pyro DMG and switches to Silent Contemplation mode.
In this mode, when nearby active party members hit an opponent, an Arcane Projection is summoned to perform a Coordinated Attack against the opponent, dealing AoE Elemental DMG of the character's corresponding Elemental Type. This DMG scales based on the corresponding character's ATK and will be considered as having been dealt by them.
This effect can occur once every 3s, and can be triggered up to 4 times each time Nicole switches to Silent Contemplation mode.

It is worth noting that Hexerei characters' Arcane Projections appear to differ somehow in appearance from the others...",Talent Revelation Ladder of Divine Ascent.png,https://genshin-impact.fandom.com/wiki/Revelation_Ladder_of_Divine_Ascent,https://genshin-impact.fandom.com/wiki/File%3ATalent_Revelation_Ladder_of_Divine_Ascent.png,https://static.wikia.nocookie.net/gensin-impact/images/a/ac/Talent_Revelation_Ladder_of_Divine_Ascent.png/revision/latest?cb=20260525040324,137809a5b12172c41c39bf6b9a1ff652ea867c3f
1120_T03.png,downloaded,unknown,1120,尼可,Nicole,passive,passive1,1st Ascension Passive,突破天赋1,Methexis,分有,,,"施放元素战技**圣言默示·未现之光**后的20秒内，尼可将持续「观测」队伍中自己的当前场上其他角色。受观测的角色持续处于场上3秒后，其拥有的**虚己之赐**效果将会升变为**圣祝之引**，使其额外提升300点攻击力；若受观测的角色为魔导角色，则虚己之赐效果将会直接升变为圣祝之引。
除尼可外，其他角色拥有的圣祝之引将在退场时还原为虚己之赐。","For 20s after unleashing the Elemental Skill **Revelation: Uncreated Light**, Nicole will continuously ""observe"" the other current active party members. After the observed character has remained on the field for 3s, their **Grace of Kenosis** is upgraded to **Guidance of Theosis**, increasing their ATK by an additional 300. If the observed character is a Hexerei character, Grace of Kenosis is upgraded to Guidance of Theosis straight away.
When characters other than Nicole who have Guidance of Theosis leave the field, their effect reverts to Grace of Kenosis.",Talent Methexis.png,https://genshin-impact.fandom.com/wiki/Methexis,https://genshin-impact.fandom.com/wiki/File%3ATalent_Methexis.png,https://static.wikia.nocookie.net/gensin-impact/images/8/84/Talent_Methexis.png/revision/latest?cb=20260522164127,f499f289bda8ad09e98b43da5ebb8bf09161f6a8
1120_T04.png,downloaded,unknown,1120,尼可,Nicole,passive,passive1,1st Ascension Passive,突破天赋1,Revelation: Uncreated Light,圣言默示·未现之光,Methexis,分有,"施放元素战技**圣言默示·未现之光**后的20秒内，尼可将持续「观测」队伍中自己的当前场上其他角色。受观测的角色持续处于场上3秒后，其拥有的**虚己之赐**效果将会升变为**圣祝之引**，使其额外提升300点攻击力；若受观测的角色为魔导角色，则虚己之赐效果将会直接升变为圣祝之引。
除尼可外，其他角色拥有的圣祝之引将在退场时还原为虚己之赐。","For 20s after unleashing the Elemental Skill **Revelation: Uncreated Light**, Nicole will continuously ""observe"" the other current active party members. After the observed character has remained on the field for 3s, their **Grace of Kenosis** is upgraded to **Guidance of Theosis**, increasing their ATK by an additional 300. If the observed character is a Hexerei character, Grace of Kenosis is upgraded to Guidance of Theosis straight away.
When characters other than Nicole who have Guidance of Theosis leave the field, their effect reverts to Grace of Kenosis.",Talent Revelation Uncreated Light.png,https://genshin-impact.fandom.com/wiki/Revelation_Uncreated_Light,https://genshin-impact.fandom.com/wiki/File%3ATalent_Revelation_Uncreated_Light.png,https://static.wikia.nocookie.net/gensin-impact/images/4/46/Talent_Revelation_Uncreated_Light.png/revision/latest?cb=20260525040322,54e51fb6a1fe8fa1c085e9b6c1f296a8c857b3cd
1120_T05.png,downloaded,unknown,1120,尼可,Nicole,passive,passive2,4th Ascension Passive,突破天赋2,Philokalia,慕善,,,队伍中附近的当前场上角色的元素伤害命中敌人后，尼可自己拥有的**虚己之赐**将会升变为**圣祝之引**，持续8秒。,"When Elemental DMG from nearby active party members hits an opponent, Nicole's own **Grace of Kenosis** effect is upgraded to **Guidance of Theosis** for 8s.",Talent Philokalia.png,https://genshin-impact.fandom.com/wiki/Philokalia,https://genshin-impact.fandom.com/wiki/File%3ATalent_Philokalia.png,https://static.wikia.nocookie.net/gensin-impact/images/a/a8/Talent_Philokalia.png/revision/latest?cb=20260522164217,2c5db6776c0b2de1c166f76b745e5abbf27155a6
1120_T06.png,downloaded,unknown,1120,尼可,Nicole,passive,passive3,Utility Passive,探索天赋,Nepsis,静念,,,"在提瓦特，不处于战斗状态下时，若已获得当前区域的寻宝罗盘，则尼可的重击将会转而施放「御使之引」：呼唤附近的仙灵指引道路，触发等同于当前区域寻宝罗盘的效果。
该效果有5秒的冷却时间，且在秘境、征讨领域、深境螺旋中无效。","When you are in Teyvat and not in combat, Nicole's Charged Attack becomes ""Emissarial Guidance"" if you have already obtained the current region's Treasure Compass. Emissarial Guidance: Calls upon nearby Seelie to show the way, triggering an effect similar to the region's Treasure Compass.
This effect has a cooldown time of 5 seconds and does not work in Domains, Trounce Domains, and the Spiral Abyss.",Talent Nepsis.png,https://genshin-impact.fandom.com/wiki/Nepsis,https://genshin-impact.fandom.com/wiki/File%3ATalent_Nepsis.png,https://static.wikia.nocookie.net/gensin-impact/images/6/6d/Talent_Nepsis.png/revision/latest?cb=20260522164428,51e92903e3d4f2a4c3ca234420622bbfbb1997c6
1120_T07.png,downloaded,unknown,1120,尼可,Nicole,extra,,,,Light in the Darkness,,,,,,Talent Light in the Darkness.png,https://genshin-impact.fandom.com/wiki/Light_in_the_Darkness,https://genshin-impact.fandom.com/wiki/File%3ATalent_Light_in_the_Darkness.png,https://static.wikia.nocookie.net/gensin-impact/images/3/33/Talent_Light_in_the_Darkness.png/revision/latest?cb=20260522164320,55e1d49999c8e5ae9e72cb52076e1c20dd4cba46
1121_T01.png,skipped_existing,unknown,1121,布伦妮,Prune,skill,combat2,Elemental Skill,元素战技,Ring-A-Ding-Ding! Hexhunter Chime,叮铃铃·猎魔之音,,,"怀揣着打败「邪恶」魔女、拯救「德斯卡戴」的决心，解放风的力量吧！布伦妮使用「狩灾誓锤」敲击「诱巫饵铃」，造成风元素伤害。
若布伦妮通过该次攻击对敌人触发了扩散或星扩散反应，则在接下来6秒内，叮铃铃·猎魔之音将被替换为咚锵锵·裁魔之惩。

咚锵锵·裁魔之惩
将先前参与扩散或星扩散反应的元素类型缠绕于锤，并使**「狩灾誓锤」**发生元素转化，点按施放时，布伦妮跃起并将「狩灾誓锤」向前踢出，对面前的敌人造成对应的元素类型伤害。","Determined to take down the ""evil"" witch and save her beloved Descartes, Prune unleashes the power of the wind! She strikes at the Witchlure Bell using her Banehunter Oathhammer, dealing Anemo DMG.
If Prune triggers a Swirl or Stellar Swirl reaction in the opponent with this attack, her Ring-A-Ding-Ding! Hexhunter Chime is changed to Clang Clang! Witch-tribution Comes! for the next 6s.

Clang Clang! Witch-tribution Comes!
Ensconces the **Banehunter Oathhammer** in the element involved in the earlier Swirl or Stellar Swirl reaction. After tapping to unleash, Prune will launch a midair kick at the Banehunter Oathhammer, dealing DMG to opponents in front of her of the corresponding elemental type.",Talent Ring-A-Ding-Ding! Hexhunter Chime.png,https://genshin-impact.fandom.com/wiki/Ring-A-Ding-Ding%21_Hexhunter_Chime,https://genshin-impact.fandom.com/wiki/File%3ATalent_Ring-A-Ding-Ding%21_Hexhunter_Chime.png,https://static.wikia.nocookie.net/gensin-impact/images/f/f7/Talent_Ring-A-Ding-Ding%21_Hexhunter_Chime.png/revision/latest?cb=20260525041910,507949ffddd3d9232fcf0a1314d2ba76ac149044
1121_T03.png,downloaded,unknown,1121,布伦妮,Prune,passive,passive1,1st Ascension Passive,突破天赋1,Verdict and Punishment,裁断追惩,,,元素爆发**铃鸣·狩魔之刻**中，处于「寻猎」模式下的「诱巫饵铃」对敌人造成伤害后，若该次伤害对敌人触发了扩散或星扩散反应，则还会在敌人面前召唤出一柄依据本次扩散或星扩散反应进行元素转化的**「狩灾誓锤」**向其砸下，造成布伦妮攻击力150%的对应类型的元素伤害，该伤害视为元素爆发伤害。,"During the Elemental Burst **The Bell Tolls! The Hunt Is On!**, after the Witchlure Bell in Hunter-Seeker mode deals DMG to an opponent, if this DMG triggers Swirl or Stellar Swirl in an opponent, it will also summon a **Banehunter Oathhammer** that will deal 150% of Prune's ATK as DMG to them, with the DMG Type matching the Elemental Conversion from the Swirl or Stellar Swirl. This DMG is considered Elemental Burst DMG.",Talent Verdict and Punishment.png,https://genshin-impact.fandom.com/wiki/Verdict_and_Punishment,https://genshin-impact.fandom.com/wiki/File%3ATalent_Verdict_and_Punishment.png,https://static.wikia.nocookie.net/gensin-impact/images/4/46/Talent_Verdict_and_Punishment.png/revision/latest?cb=20260525041914,403724847118a3971f781db86d80d7b5879fa2a6
1121_T04.png,downloaded,unknown,1121,布伦妮,Prune,passive,passive1,1st Ascension Passive,突破天赋1,The Bell Tolls! The Hunt Is On!,铃鸣·狩魔之刻,Verdict and Punishment,裁断追惩,元素爆发**铃鸣·狩魔之刻**中，处于「寻猎」模式下的「诱巫饵铃」对敌人造成伤害后，若该次伤害对敌人触发了扩散或星扩散反应，则还会在敌人面前召唤出一柄依据本次扩散或星扩散反应进行元素转化的**「狩灾誓锤」**向其砸下，造成布伦妮攻击力150%的对应类型的元素伤害，该伤害视为元素爆发伤害。,"During the Elemental Burst **The Bell Tolls! The Hunt Is On!**, after the Witchlure Bell in Hunter-Seeker mode deals DMG to an opponent, if this DMG triggers Swirl or Stellar Swirl in an opponent, it will also summon a **Banehunter Oathhammer** that will deal 150% of Prune's ATK as DMG to them, with the DMG Type matching the Elemental Conversion from the Swirl or Stellar Swirl. This DMG is considered Elemental Burst DMG.",Talent The Bell Tolls! The Hunt Is On!.png,https://genshin-impact.fandom.com/wiki/The_Bell_Tolls%21_The_Hunt_Is_On%21,https://genshin-impact.fandom.com/wiki/File%3ATalent_The_Bell_Tolls%21_The_Hunt_Is_On%21.png,https://static.wikia.nocookie.net/gensin-impact/images/7/7a/Talent_The_Bell_Tolls%21_The_Hunt_Is_On%21.png/revision/latest?cb=20260525041912,223af14e637749329b9c5e5ede00697316889095
1121_T05.png,downloaded,unknown,1121,布伦妮,Prune,passive,passive2,4th Ascension Passive,突破天赋2,Tolling Synchronicity,振铃同心,,,当布伦妮使用发生过元素转化的**「狩灾誓锤」**命中敌人后，队伍中附近的其他角色将获得持续5秒的「振铃鼓舞」效果：普通攻击、重击、下落攻击、元素战技或元素爆发对敌人造成伤害时，基于其获得「振铃鼓舞」效果时，布伦妮攻击力超过2000的部分，提升本次攻击造成的伤害：每点攻击力都会使本次攻击造成的伤害提升0.025%，至多提升50%。,"After Prune hits an opponent with the **Banehunter Oathhammer** that has undergone Elemental Conversion, other nearby party members will gain the Tolling Rally effect for 5s: When Normal, Charged, or Plunging Attacks, or Elemental Skills and Bursts deal DMG to opponents, that attack's DMG will be increased based on the portion of Prune's ATK in excess of 2,000 when they become affected by the Tolling Rally effect. Every excess ATK point increases that instance of DMG by 0.025%, up to a total of 50% max.",Talent Tolling Synchronicity.png,https://genshin-impact.fandom.com/wiki/Tolling_Synchronicity,https://genshin-impact.fandom.com/wiki/File%3ATalent_Tolling_Synchronicity.png,https://static.wikia.nocookie.net/gensin-impact/images/3/33/Talent_Tolling_Synchronicity.png/revision/latest?cb=20260525041916,cf98589d2317916e61ea991d0f4aa66562553a65
1121_T06.png,downloaded,unknown,1121,布伦妮,Prune,passive,passive3,Utility Passive,探索天赋,"Tinker-Tink, Clank, and Bang!",改装！敲敲打打！,,,合成角色天赋素材时，有10%概率额外产生一份地区相同的其他随机天赋素材，等阶与合成后获得的素材相同。,Has a 10% chance to get 1 regional Character Talent Material (base material excluded) when crafting. The rarity is the same as the resulting material.,"Talent Tinker-Tink, Clank, and Bang!.png",https://genshin-impact.fandom.com/wiki/Tinker-Tink%2C_Clank%2C_and_Bang%21,https://genshin-impact.fandom.com/wiki/File%3ATalent_Tinker-Tink%2C_Clank%2C_and_Bang%21.png,https://static.wikia.nocookie.net/gensin-impact/images/3/3c/Talent_Tinker-Tink%2C_Clank%2C_and_Bang%21.png/revision/latest?cb=20260525041919,1c68ab5450bb34996a12dd8688ea988c253d0484
1121_T07.png,downloaded,unknown,1121,布伦妮,Prune,extra,,,,Witchseeker's Vow,,,,,,Talent Witchseeker's Vow.png,https://genshin-impact.fandom.com/wiki/Witchseeker%27s_Vow,https://genshin-impact.fandom.com/wiki/File%3ATalent_Witchseeker%27s_Vow.png,https://static.wikia.nocookie.net/gensin-impact/images/3/3a/Talent_Witchseeker%27s_Vow.png/revision/latest?cb=20260525041918,32258a3571c24417c5805a04950e2f5525059d3e
1122_T01.png,downloaded,unknown,1122,洛恩,Lohen,skill,combat2,Elemental Skill,元素战技,Unforeseen Strike,奇兵诡出,,,"寻觅敌人的破绽，切换至**奇谋**状态。在这种状态下：
·洛恩可以主动积攒**欢悦**，从而施放特殊的元素战技**镂骨彻心**；
·队伍中附近的其他角色可以为洛恩积攒**争胜**，来提高镂骨彻心的伤害。
在奇谋状态下至多施放3次镂骨彻心，之后无法获得欢悦。","As he searches for weaknesses, Lohen switches to **Masterstroke** mode. While in this state:
· Lohen can actively accumulate **Joy**, using it to unleash the special Elemental Skill **Etched Into Bone and Soul**.
· Nearby party members can accumulate **Will to Win** for Lohen, increasing the DMG dealt by Etched Into Bone and Soul.
Lohen can unleash Etched Into Bone and Soul up to 3 times while in Masterstroke mode, after which, he will no longer be able to accumulate Joy.",Talent Unforeseen Strike.png,https://genshin-impact.fandom.com/wiki/Unforeseen_Strike,https://genshin-impact.fandom.com/wiki/File%3ATalent_Unforeseen_Strike.png,https://static.wikia.nocookie.net/gensin-impact/images/7/70/Talent_Unforeseen_Strike.png/revision/latest?cb=20260610222114,ba4671a54b109e29dd683e831e7d22712d6f636c
1122_T02.png,downloaded,unknown,1122,洛恩,Lohen,burst,combat3,Elemental Burst,元素爆发,Manifest Judgment,裁罚遂成,,,向前方快速连续斩击，消耗所有**争胜**，造成冰元素伤害，并依据消耗的争胜，提升本次伤害。施放时，若洛恩处于**奇谋**状态下，则本次奇谋状态的持续时间还会延长1.65秒。,"Performs a swift series of forward strikes, consuming all **Will to Win** and dealing Cryo DMG. This DMG will be increased based on the amount of Will to Win consumed. If Lohen is in **Masterstroke** mode when this is performed, the duration of Masterstroke will be extended by 1.65s.",Talent Manifest Judgment.png,https://genshin-impact.fandom.com/wiki/Manifest_Judgment,https://genshin-impact.fandom.com/wiki/File%3ATalent_Manifest_Judgment.png,https://static.wikia.nocookie.net/gensin-impact/images/3/32/Talent_Manifest_Judgment.png/revision/latest?cb=20260610222116,d6bad1f46c31f726ab399a0088123fd6d1e1794b
1122_T03.png,downloaded,unknown,1122,洛恩,Lohen,passive,passive1,1st Ascension Passive,突破天赋1,Moratorium on Questioning,禁问的训诫,,,在**奇谋**状态下，队伍中附近的其他角色通过造成伤害为洛恩积攒**争胜**时，若本次伤害不低于洛恩基础攻击力的3000%，则还会为洛恩额外积攒60点争胜。,"When nearby party members accumulate **Will to Win** for Lohen by dealing DMG while he is in **Masterstroke** mode, if that DMG is not less than 3,000% of Lohen's Base ATK, it will accumulate an extra 60 Will to Win.",Talent Moratorium on Questioning.png,https://genshin-impact.fandom.com/wiki/Moratorium_on_Questioning,https://genshin-impact.fandom.com/wiki/File%3ATalent_Moratorium_on_Questioning.png,https://static.wikia.nocookie.net/gensin-impact/images/f/fe/Talent_Moratorium_on_Questioning.png/revision/latest?cb=20260610222117,19c4731285a7ac6c0bf151e34f2a71648227da53
1122_T04.png,downloaded,unknown,1122,洛恩,Lohen,passive,passive2,4th Ascension Passive,突破天赋2,Flippant Masterpiece,戏言的杰作,,,在**奇谋**状态下，队伍中附近的其他角色对敌人触发冰元素相关反应后的8秒内，该角色的攻击力提升15%，洛恩的攻击力提升15%。,"While in **Masterstroke** mode, for 8s after another nearby party member triggers a Cryo Reaction, that character's ATK is increased by 15%, while Lohen's ATK is increased by 15%.",Talent Flippant Masterpiece.png,https://genshin-impact.fandom.com/wiki/Flippant_Masterpiece,https://genshin-impact.fandom.com/wiki/File%3ATalent_Flippant_Masterpiece.png,https://static.wikia.nocookie.net/gensin-impact/images/8/81/Talent_Flippant_Masterpiece.png/revision/latest?cb=20260610222119,14dcfba1d4612316f2f9b22653165a5242313dd9
1122_T05.png,downloaded,unknown,1122,洛恩,Lohen,passive,passive3,Utility Passive,探索天赋,When the Mood Strikes,兴尽且去来,,,"施放元素战技奇兵诡出后，洛恩还会获得9秒的「乘兴」效果：持续期间，元素战技奇兵诡出的技能等级提高1级。
施放元素战技时，如果队伍中其他角色的普通攻击、元素战技或元素爆发中，任一技能等级不低于洛恩的元素战技的技能等级，则本次「乘兴」效果的持续时间额外延长6秒。
每18秒至多获得一次「乘兴」效果。","Lohen gains ""High Spirits"" for 9s after he unleashes the Elemental Skill Unforeseen Strike: Increases the Skill Level of Unforeseen Strike by 1.
When unleashing an Elemental Skill, if the Level of any other party member's Normal Attack, Elemental Skill, or Elemental Burst is not lower than Lohen's Elemental Skill Level, the duration of this instance of High Spirits will be increased by an additional 6s.
High Spirits can be gained once every 18s.",Talent When the Mood Strikes.png,https://genshin-impact.fandom.com/wiki/When_the_Mood_Strikes,https://genshin-impact.fandom.com/wiki/File%3ATalent_When_the_Mood_Strikes.png,https://static.wikia.nocookie.net/gensin-impact/images/f/f0/Talent_When_the_Mood_Strikes.png/revision/latest?cb=20260610222123,061ac1ff968e707eda0bbeb6a27ce7fb5085bb44
1122_T06.png,downloaded,unknown,1122,洛恩,Lohen,skill,combat2,Elemental Skill,元素战技,Etched Into Bone and Soul,镂骨彻心,Unforeseen Strike,奇兵诡出,"寻觅敌人的破绽，切换至**奇谋**状态。在这种状态下：
·洛恩可以主动积攒**欢悦**，从而施放特殊的元素战技**镂骨彻心**；
·队伍中附近的其他角色可以为洛恩积攒**争胜**，来提高镂骨彻心的伤害。
在奇谋状态下至多施放3次镂骨彻心，之后无法获得欢悦。","As he searches for weaknesses, Lohen switches to **Masterstroke** mode. While in this state:
· Lohen can actively accumulate **Joy**, using it to unleash the special Elemental Skill **Etched Into Bone and Soul**.
· Nearby party members can accumulate **Will to Win** for Lohen, increasing the DMG dealt by Etched Into Bone and Soul.
Lohen can unleash Etched Into Bone and Soul up to 3 times while in Masterstroke mode, after which, he will no longer be able to accumulate Joy.",Talent Etched Into Bone and Soul.png,https://genshin-impact.fandom.com/wiki/Etched_Into_Bone_and_Soul,https://genshin-impact.fandom.com/wiki/File%3ATalent_Etched_Into_Bone_and_Soul.png,https://static.wikia.nocookie.net/gensin-impact/images/2/2a/Talent_Etched_Into_Bone_and_Soul.png/revision/latest?cb=20260610222125,7394452424af2b92366e79e5bb38a3880fd924d2
1122_T07.png,downloaded,unknown,1122,洛恩,Lohen,extra,,,,Unhealing Thorn,,,,,,Talent Unhealing Thorn.png,https://genshin-impact.fandom.com/wiki/Unhealing_Thorn,https://genshin-impact.fandom.com/wiki/File%3ATalent_Unhealing_Thorn.png,https://static.wikia.nocookie.net/gensin-impact/images/7/76/Talent_Unhealing_Thorn.png/revision/latest?cb=20260610222121,982047cb545a32024dae3838a83bbd0f3dbe0b33
1123_T03.png,downloaded,unknown,1123,桑多涅,Sandrone,passive,passive1,1st Ascension Passive,突破天赋1,Eternal Speculation Engine,悠久的演算机关,,,"**辉映·星烁**：施放元素战技**事象数式·游衍解析**时，若法洁欧的**解算功率**超过50点，则会在降低解算功率的同时，使向附近敌人发射的第二枚棱晶弹造成原本400%的伤害。
此外，法洁欧的解算功率每降低10点，都会获得一层持续60秒的改进战术效果，该效果至多叠加10层。桑多涅处于辉映·星烁状态下施放元素爆发**事象数式·万理证毕**时，将会清除全部的改进战术层数，使负温聚能光束造成原本100%+清除层数*10%的伤害。","**Radiance: Stellar Glimmer**: When using the Elemental Skill **Formule Phenomenale: Differential Analysis**, if Fagio's **Decoding Power** is greater than 50, the second Prism Shot fired by Fagio at nearby opponents will deal 400% of its original DMG as Fagio's Decoding Power is decreased.
Additionally, for every 10 points of Decoding Power Fagio loses, it gains 1 stack of Refined Tactics for 60s (max 10 stacks). When Sandrone uses the Elemental Burst **Formule Phenomenale: Q.E.D.** while in the Radiance: Stellar Glimmer state, all stacks of Refined Tactics are cleared, causing the Convective Inhibition Ray to deal 100% + (number of stacks cleared) × 10% of its original DMG.",Talent Eternal Speculation Engine.png,https://genshin-impact.fandom.com/wiki/Eternal_Speculation_Engine,https://genshin-impact.fandom.com/wiki/File%3ATalent_Eternal_Speculation_Engine.png,https://static.wikia.nocookie.net/gensin-impact/images/c/c1/Talent_Eternal_Speculation_Engine.png/revision/latest?cb=20260701122057,134b1828ea41ce4cca80c68ffed6216d56a82663
1123_T04.png,skipped_existing,unknown,1123,桑多涅,Sandrone,passive,passive1,1st Ascension Passive,突破天赋1,Formule Phenomenale: Differential Analysis,事象数式·游衍解析,Eternal Speculation Engine,悠久的演算机关,"**辉映·星烁**：施放元素战技**事象数式·游衍解析**时，若法洁欧的**解算功率**超过50点，则会在降低解算功率的同时，使向附近敌人发射的第二枚棱晶弹造成原本400%的伤害。
此外，法洁欧的解算功率每降低10点，都会获得一层持续60秒的改进战术效果，该效果至多叠加10层。桑多涅处于辉映·星烁状态下施放元素爆发**事象数式·万理证毕**时，将会清除全部的改进战术层数，使负温聚能光束造成原本100%+清除层数*10%的伤害。","**Radiance: Stellar Glimmer**: When using the Elemental Skill **Formule Phenomenale: Differential Analysis**, if Fagio's **Decoding Power** is greater than 50, the second Prism Shot fired by Fagio at nearby opponents will deal 400% of its original DMG as Fagio's Decoding Power is decreased.
Additionally, for every 10 points of Decoding Power Fagio loses, it gains 1 stack of Refined Tactics for 60s (max 10 stacks). When Sandrone uses the Elemental Burst **Formule Phenomenale: Q.E.D.** while in the Radiance: Stellar Glimmer state, all stacks of Refined Tactics are cleared, causing the Convective Inhibition Ray to deal 100% + (number of stacks cleared) × 10% of its original DMG.",Talent Formule Phenomenale Differential Analysis.png,https://genshin-impact.fandom.com/wiki/Formule_Phenomenale_Differential_Analysis,https://genshin-impact.fandom.com/wiki/File%3ATalent_Formule_Phenomenale_Differential_Analysis.png,https://static.wikia.nocookie.net/gensin-impact/images/e/e0/Talent_Formule_Phenomenale_Differential_Analysis.png/revision/latest?cb=20260701121944,5426ee3dfcaa2a4a4b42b3416a9de2d04274f189
1123_T05.png,skipped_existing,unknown,1123,桑多涅,Sandrone,passive,passive1,1st Ascension Passive,突破天赋1,Formule Phenomenale: Q.E.D.,事象数式·万理证毕,Eternal Speculation Engine,悠久的演算机关,"**辉映·星烁**：施放元素战技**事象数式·游衍解析**时，若法洁欧的**解算功率**超过50点，则会在降低解算功率的同时，使向附近敌人发射的第二枚棱晶弹造成原本400%的伤害。
此外，法洁欧的解算功率每降低10点，都会获得一层持续60秒的改进战术效果，该效果至多叠加10层。桑多涅处于辉映·星烁状态下施放元素爆发**事象数式·万理证毕**时，将会清除全部的改进战术层数，使负温聚能光束造成原本100%+清除层数*10%的伤害。","**Radiance: Stellar Glimmer**: When using the Elemental Skill **Formule Phenomenale: Differential Analysis**, if Fagio's **Decoding Power** is greater than 50, the second Prism Shot fired by Fagio at nearby opponents will deal 400% of its original DMG as Fagio's Decoding Power is decreased.
Additionally, for every 10 points of Decoding Power Fagio loses, it gains 1 stack of Refined Tactics for 60s (max 10 stacks). When Sandrone uses the Elemental Burst **Formule Phenomenale: Q.E.D.** while in the Radiance: Stellar Glimmer state, all stacks of Refined Tactics are cleared, causing the Convective Inhibition Ray to deal 100% + (number of stacks cleared) × 10% of its original DMG.",Talent Formule Phenomenale Q.E.D..png,https://genshin-impact.fandom.com/wiki/Formule_Phenomenale_Q.E.D.,https://genshin-impact.fandom.com/wiki/File%3ATalent_Formule_Phenomenale_Q.E.D..png,https://static.wikia.nocookie.net/gensin-impact/images/0/06/Talent_Formule_Phenomenale_Q.E.D..png/revision/latest?cb=20260701121824,1ada802cfdd64a38f66b52342a2e02215a42455f
1123_T06.png,downloaded,unknown,1123,桑多涅,Sandrone,extra,,,,Formule Phenomenale Differential Analysis 2,,,,,,Talent Formule Phenomenale Differential Analysis 2.png,https://genshin-impact.fandom.com/wiki/Formule_Phenomenale_Differential_Analysis_2,https://genshin-impact.fandom.com/wiki/File%3ATalent_Formule_Phenomenale_Differential_Analysis_2.png,https://static.wikia.nocookie.net/gensin-impact/images/3/36/Talent_Formule_Phenomenale_Differential_Analysis_2.png/revision/latest?cb=20260728015551,989af15b90a7091a0f6f9f4c1dcf73d096e28c3b
1123_T07.png,downloaded,unknown,1123,桑多涅,Sandrone,extra,,,,Formule Phenomenale Differential Analysis 3,,,,,,Talent Formule Phenomenale Differential Analysis 3.png,https://genshin-impact.fandom.com/wiki/Formule_Phenomenale_Differential_Analysis_3,https://genshin-impact.fandom.com/wiki/File%3ATalent_Formule_Phenomenale_Differential_Analysis_3.png,https://static.wikia.nocookie.net/gensin-impact/images/a/a4/Talent_Formule_Phenomenale_Differential_Analysis_3.png/revision/latest?cb=20260728015553,8abc9c619d11e38e492faf5ff3c7e5a89847298c
1123_T08.png,downloaded,unknown,1123,桑多涅,Sandrone,extra,,,,Light of Rationalisme,,,,,,Talent Light of Rationalisme.png,https://genshin-impact.fandom.com/wiki/Light_of_Rationalisme,https://genshin-impact.fandom.com/wiki/File%3ATalent_Light_of_Rationalisme.png,https://static.wikia.nocookie.net/gensin-impact/images/3/33/Talent_Light_of_Rationalisme.png/revision/latest?cb=20260701122100,13aa1590eec866108d15bf630396d31b818b15e9
1124_T01.png,skipped_existing,unknown,1124,奥黛塔,Odette,skill,combat2,Elemental Skill,元素战技,Adagio: Phantom Night Dancers,柔板·幻灵夜舞,,,"呈现柔缓的舞步，造成冰元素范围伤害，并召唤出自身的**独舞倒影**。
若场上存在奥黛塔自己召唤的独舞倒影，则会重新召唤，并重置其持续时间。

独舞倒影
交替呈现拂羽与旋翼两种舞步，以优雅轻盈的舞姿间歇性攻击附近的敌人，造成冰元素范围伤害。
此外，施放元素战技柔板·幻灵夜舞后的6秒内，奥黛塔的元素战技柔板·幻灵夜舞将会被替换为特殊的元素战技**柔板·破晓终奏******，以共舞对附近的敌人持续造成冰元素范围伤害，并在共舞结束时，造成一次视为星超导或星扩散反应伤害的冰元素范围伤害。","With slow, graceful dance steps, Odette deals AoE Cryo DMG to the opponent, and also summons her **Solo Dance Double** to the field.
If a Dance Double summoned by Odette is already on the field, this will re-summon the Dance Double and reset its duration.

Solo Dance Double
Alternates between the Plume and Wing dance moves, periodically attacking nearby opponents and dealing to them AoE Cryo DMG.
Additionally, for 6s after unleashing the Elemental Skill Adagio: Phantom Night Dancers, Odette's Elemental Skill Adagio: Phantom Night Dancers will become the special Elemental Skill **Adagio: Coda at Dawn's Tolling** instead, where a dance duet deals AoE Cryo DMG to nearby opponents over time. Then, when the duet ends, she deals another instance of AoE Cryo DMG that is considered Stellar-Conduct or Stellar Swirl DMG.",Talent Adagio Phantom Night Dancers.png,https://genshin-impact.fandom.com/wiki/Adagio_Phantom_Night_Dancers,https://genshin-impact.fandom.com/wiki/File%3ATalent_Adagio_Phantom_Night_Dancers.png,https://static.wikia.nocookie.net/gensin-impact/images/1/15/Talent_Adagio_Phantom_Night_Dancers.png/revision/latest?cb=20260812034013,c9e34831f319d3ee5dcb2804264ccc759e25b869
1124_T02.png,downloaded,unknown,1124,奥黛塔,Odette,burst,combat3,Elemental Burst,元素爆发,Presto: Bluebird Finale,疾板·苍羽一梦,,,"呈现迅疾的舞步，造成多次冰元素范围伤害，召唤出自身的**独舞倒影**，并获得雪鹄之梦：提升奥黛塔造成的星烁反应伤害。
此外，施放元素爆发疾板·苍羽一梦后的6秒内，奥黛塔的元素战技柔板·幻灵夜舞将会被替换为特殊的元素战技**柔板·破晓终奏******。

若场上存在奥黛塔自己召唤的独舞倒影，则将其召唤至身边，并重置其持续时间。","With quick, lively dance steps, Odette deals multiple instances of AoE Cryo DMG, and summons her **Solo Dance Double**. She also gains Snow Swan's Dream, which increases the Stellar Glimmer reaction DMG Odette deals.
Additionally, for 6s after unleashing the Elemental Burst Presto: Bluebird Finale, Odette's Elemental Skill Adagio: Phantom Night Dancers will be replaced with the special Elemental Skill **Adagio: Coda at Dawn's Tolling** instead.

If there is a Solo Dance Double summoned by Odette on the field, it will be summoned to her side with its duration refreshed.",Talent Presto Bluebird Finale.png,https://genshin-impact.fandom.com/wiki/Presto_Bluebird_Finale,https://genshin-impact.fandom.com/wiki/File%3ATalent_Presto_Bluebird_Finale.png,https://static.wikia.nocookie.net/gensin-impact/images/5/5a/Talent_Presto_Bluebird_Finale.png/revision/latest?cb=20260812034015,7a85cbba1132f6a4cb2236ddcc8ab9dd0e53d8fc
1124_T03.png,downloaded,unknown,1124,奥黛塔,Odette,passive,passive1,1st Ascension Passive,突破天赋1,Spring Rite of the Chosen One,获选者的春祭,,,奥黛塔召唤**独舞倒影**时，还会获得4层**华彩**。,"When Odette summons her **Solo Dance Double**, she also obtains 4 stacks of **Marvelous Splendor**.",Talent Spring Rite of the Chosen One.png,https://genshin-impact.fandom.com/wiki/Spring_Rite_of_the_Chosen_One,https://genshin-impact.fandom.com/wiki/File%3ATalent_Spring_Rite_of_the_Chosen_One.png,https://static.wikia.nocookie.net/gensin-impact/images/1/19/Talent_Spring_Rite_of_the_Chosen_One.png/revision/latest?cb=20260812034017,e5b95469427c04a505470377ee6a6ce7fc32e200
1124_T04.png,skipped_existing,unknown,1124,奥黛塔,Odette,passive,passive2,4th Ascension Passive,突破天赋2,Pathetique of Pateticheskaya,赤忱者的悲歌,,,基于奥黛塔攻击力超过1000点的部分，每100点攻击力都将使奥黛塔造成的星烁反应伤害额外造成原本1.5%的伤害，至多通过这种方式额外造成原本30%的伤害。,"For every 100 ATK Odette has over 1,000, her Stellar Glimmer DMG is additionally increased by 1.5% of the original DMG. She can deal up to 30% more additional DMG in this way.",Talent Pathetique of Pateticheskaya.png,https://genshin-impact.fandom.com/wiki/Pathetique_of_Pateticheskaya,https://genshin-impact.fandom.com/wiki/File%3ATalent_Pathetique_of_Pateticheskaya.png,https://static.wikia.nocookie.net/gensin-impact/images/0/0a/Talent_Pathetique_of_Pateticheskaya.png/revision/latest?cb=20260812034020,0bc3d09b7f62224cd495f21129f35b1735fa0965
1124_T05.png,downloaded,unknown,1124,奥黛塔,Odette,passive,passive4,Additional Passive,附加天赋,Echo of Winter Daydreams,回响中的冬梦,,,"在小地图上显示周围的至冬区域特产的位置。
在闲暇时练习舞蹈，或许还会触发其他的效果…","Shows the locations of Snezhnaya's Local Specialties on the mini-map.
Practicing dance in one's spare time might even trigger other effects...",Talent Echo of Winter Daydreams.png,https://genshin-impact.fandom.com/wiki/Echo_of_Winter_Daydreams,https://genshin-impact.fandom.com/wiki/File%3ATalent_Echo_of_Winter_Daydreams.png,https://static.wikia.nocookie.net/gensin-impact/images/d/dd/Talent_Echo_of_Winter_Daydreams.png/revision/latest?cb=20260812034025,98abacd8bb850e06e3ef33761b935f03c64f1f2d
1124_T06.png,downloaded,unknown,1124,奥黛塔,Odette,extra,,,,Dance of Aurore,,,,,,Talent Dance of Aurore.png,https://genshin-impact.fandom.com/wiki/Dance_of_Aurore,https://genshin-impact.fandom.com/wiki/File%3ATalent_Dance_of_Aurore.png,https://static.wikia.nocookie.net/gensin-impact/images/c/c1/Talent_Dance_of_Aurore.png/revision/latest?cb=20260812034023,24984d33bb675a67176900b9464a8ecd41fbe473
1125_T01.png,downloaded,unknown,1125,阿罗夏,Alyosha,skill,combat2,Elemental Skill,元素战技,Thunderbolt Strike,伏袭霆击,,,"循借猎人的本能，依据点按、长按，以不同的方式产生效果，并对命中的敌人施加**弋猎印记**效果。

点按
向前方射击，造成雷元素范围伤害。

长按
进入瞄准状态，并选定前方一定范围内的敌人，在该状态下提高阿罗夏的抗打断能力。
长按结束时，对选定的敌人造成雷元素伤害。","Follows his hunter's instincts. Tap or hold to produce different effects as well as apply the **Hunter's Mark** effect to the hit opponents.

Tapping
Fires at opponents in front of him, dealing AoE Electro DMG.

Holding
Enters aiming mode, then targets opponents within a certain area in front of him. Alyosha's Interruption RES is enhanced when in this mode.
At the end of the button hold, he deals Electro DMG to the targeted opponents.",Talent Thunderbolt Strike.png,https://genshin-impact.fandom.com/wiki/Thunderbolt_Strike,https://genshin-impact.fandom.com/wiki/File%3ATalent_Thunderbolt_Strike.png,https://static.wikia.nocookie.net/gensin-impact/images/c/c0/Talent_Thunderbolt_Strike.png/revision/latest?cb=20260812034028,478c3ef72b82526dd272ce706e61b04441db54e6
1125_T02.png,skipped_existing,unknown,1125,阿罗夏,Alyosha,burst,combat3,Elemental Burst,元素爆发,Hunter's Advance,守猎进踞,,,"召唤信赖的好伙伴图加林一同战斗，并将前方区域短暂变换为轰霆猎场。

轰霆猎场
·持续嘲讽周围的敌人，吸引敌人攻击；
·每隔2秒，对踏入其中的敌人造成一次雷元素范围伤害。

图加林
·若周围存在敌人，每隔2秒，图加林将快速移动至一名敌人附近，对其进行撕咬攻击，造成雷元素伤害。
·若命中的敌人处于弋猎印记效果影响下，还会激活弋猎印记。
·图加林会优先攻击处于弋猎印记效果影响下的敌人。","Summons his trusted companion Tugarin to fight alongside him on the field. This also turns an area in front of him into a Fulgurite Hunting Field for a short time.

Fulgurite Hunting Field
· Continuously taunts nearby opponents to incite them to attack.
· Every 2s, deals an instance of AoE Electro DMG to any opponent that enters the field.

Tugarin
· If there are any opponents nearby, Tugarin will quickly move close to an opponent and maul them every 2s, dealing Electro DMG.
· If an opponent affected by the Hunter's Mark effect is hit, the Hunter's Mark will also be activated.
· Where there are multiple opponents, Tugarin will attack those affected by the Hunter's Mark effect first.",Talent Hunter's Advance.png,https://genshin-impact.fandom.com/wiki/Hunter%27s_Advance,https://genshin-impact.fandom.com/wiki/File%3ATalent_Hunter%27s_Advance.png,https://static.wikia.nocookie.net/gensin-impact/images/4/46/Talent_Hunter%27s_Advance.png/revision/latest?cb=20260812034030,f5b00243059c40a96e26d08524091c92fe1a7a17
1125_T03.png,downloaded,unknown,1125,阿罗夏,Alyosha,passive,passive1,1st Ascension Passive,突破天赋1,Awakened by the Baying Hounds,惊醒沉睡的林线,,,**图加林**进行攻击时，还会为队伍中附近的当前场上角色恢复生命值，回复量相当于阿罗夏攻击力的120%。,"When **Tugarin** attacks, it will also restore HP to nearby active characters at 120% of Alyosha's ATK.",Talent Awakened By the Baying Hounds.png,https://genshin-impact.fandom.com/wiki/Awakened_By_the_Baying_Hounds,https://genshin-impact.fandom.com/wiki/File%3ATalent_Awakened_By_the_Baying_Hounds.png,https://static.wikia.nocookie.net/gensin-impact/images/4/4d/Talent_Awakened_By_the_Baying_Hounds.png/revision/latest?cb=20260812034032,4e9839213f0abedf2f3ef9068f27996c4f23435c
1125_T04.png,skipped_existing,unknown,1125,阿罗夏,Alyosha,passive,passive2,4th Ascension Passive,突破天赋2,Suffer the Winter Wheat Will,告别冬麦与残叶,,,基于阿罗夏的元素充能效率，提升阿罗夏的元素战技与元素爆发造成的伤害：每1%元素充能效率都会使上述伤害提升0.35%，至多提升至70%。,Increases the DMG Alyosha deals with his Elemental Skill and Elemental Burst by 0.35% for every 1% of his Energy Recharge. Up to a 70% increase can be obtained in this way.,Talent Suffer the Winter Wheat Will.png,https://genshin-impact.fandom.com/wiki/Suffer_the_Winter_Wheat_Will,https://genshin-impact.fandom.com/wiki/File%3ATalent_Suffer_the_Winter_Wheat_Will.png,https://static.wikia.nocookie.net/gensin-impact/images/7/7b/Talent_Suffer_the_Winter_Wheat_Will.png/revision/latest?cb=20260812034035,79258a56d281df6a2db2a7e86ecd789b9019c463
1125_T05.png,downloaded,unknown,1125,阿罗夏,Alyosha,passive,passive3,Utility Passive,探索天赋,Into the Fray,星赴险域,,,"处于**极星辉域**中时，阿罗夏将会进入辉映·星超导状态。
辉映·星超导：激活**弋猎印记**时获得的猎者之准效果还会使角色处于场上时造成的星超导反应伤害提升20%。","Alyosha will enter the Radiance: Stellar-Conduct state when inside a **Polestar Field**.
Radiance: Stellar-Conduct: The Hunter's Precision effect obtained when the **Hunter's Mark** is activated will also increase Stellar-Conduct reaction DMG dealt by the character when on the field by 20%.",Talent Into the Fray.png,https://genshin-impact.fandom.com/wiki/Into_the_Fray,https://genshin-impact.fandom.com/wiki/File%3ATalent_Into_the_Fray.png,https://static.wikia.nocookie.net/gensin-impact/images/2/2c/Talent_Into_the_Fray.png/revision/latest?cb=20260812034037,5daafb80c3b763281e8c9239eb87f5b04d509c33
1125_T06.png,skipped_existing,unknown,1125,阿罗夏,Alyosha,passive,passive4,Additional Passive,附加天赋,Treetop Watch,树梢察伺,,,在小地图上显示周围的至冬区域特产的位置。,Displays the location of nearby resources unique to Snezhnaya on the mini-map.,Talent Treetop Watch.png,https://genshin-impact.fandom.com/wiki/Treetop_Watch,https://genshin-impact.fandom.com/wiki/File%3ATalent_Treetop_Watch.png,https://static.wikia.nocookie.net/gensin-impact/images/5/59/Talent_Treetop_Watch.png/revision/latest?cb=20260812034040,91dce029c6b081d19ded47ac4a6c92fb04071c8a
_unmatched\Talent Agile Stance.png,skipped_existing,unknown,,,Wonderland Manekin,,,,,,,,,,,Talent Agile Stance.png,,https://genshin-impact.fandom.com/wiki/File%3ATalent_Agile_Stance.png,https://static.wikia.nocookie.net/gensin-impact/images/d/dd/Talent_Agile_Stance.png/revision/latest?cb=20251022045659,d45af8f75f2ccace1161dc6364bf952bf373e022
_unmatched\Talent Aquacrest Saber.png,skipped_existing,unknown,,,Traveler (Hydro),,,,,,,,,,,Talent Aquacrest Saber.png,,https://genshin-impact.fandom.com/wiki/File%3ATalent_Aquacrest_Saber.png,https://static.wikia.nocookie.net/gensin-impact/images/2/2e/Talent_Aquacrest_Saber.png/revision/latest?cb=20230816022010,506af288af6b42d95ca19fd4b92b66ec4e735a5e
_unmatched\Talent Battlelines Redrawn.png,skipped_existing,unknown,,,Wonderland Manekin,,,,,,,,,,,Talent Battlelines Redrawn.png,,https://genshin-impact.fandom.com/wiki/File%3ATalent_Battlelines_Redrawn.png,https://static.wikia.nocookie.net/gensin-impact/images/5/58/Talent_Battlelines_Redrawn.png/revision/latest?cb=20251022045655,0d4a8851875d406e593eb93a5de3a1ba4534ee59
_unmatched\Talent Bellowing Thunder.png,skipped_existing,unknown,,,Traveler (Electro),,,,,,,,,,,Talent Bellowing Thunder.png,,https://genshin-impact.fandom.com/wiki/File%3ATalent_Bellowing_Thunder.png,https://static.wikia.nocookie.net/gensin-impact/images/a/a7/Talent_Bellowing_Thunder.png/revision/latest?cb=20210721030529,a5a7f09745a0d8d458cbacec13a2f53b4c237bb1
_unmatched\Talent Clear Waters.png,skipped_existing,unknown,,,Traveler (Hydro),,,,,,,,,,,Talent Clear Waters.png,,https://genshin-impact.fandom.com/wiki/File%3ATalent_Clear_Waters.png,https://static.wikia.nocookie.net/gensin-impact/images/e/e4/Talent_Clear_Waters.png/revision/latest?cb=20230816022012,e373e15d0bc60554bbe746345534790659c8534a
_unmatched\Talent Combat Override.png,skipped_existing,unknown,,,Aloy,,,,,,,,,,,Talent Combat Override.png,,https://genshin-impact.fandom.com/wiki/File%3ATalent_Combat_Override.png,https://static.wikia.nocookie.net/gensin-impact/images/0/01/Talent_Combat_Override.png/revision/latest?cb=20210901030937,37b5295defffd324c8701070ebab5b02988e04a0
_unmatched\Talent Combat Readiness.png,skipped_existing,unknown,,,Wonderland Manekin,,,,,,,,,,,Talent Combat Readiness.png,,https://genshin-impact.fandom.com/wiki/File%3ATalent_Combat_Readiness.png,https://static.wikia.nocookie.net/gensin-impact/images/2/2d/Talent_Combat_Readiness.png/revision/latest?cb=20251022045657,bb4eb4c5c876fc63580c95eb6baa027b8b74ba50
_unmatched\Talent Countermeasure- Lumi's Battle Cry!.png,skipped_existing,unknown,,,Linnea,,,,,,,,,,,Talent Countermeasure- Lumi's Battle Cry!.png,,https://genshin-impact.fandom.com/wiki/File%3ATalent_Countermeasure-_Lumi%27s_Battle_Cry%21.png,https://static.wikia.nocookie.net/gensin-impact/images/a/ad/Talent_Countermeasure-_Lumi%27s_Battle_Cry%21.png/revision/latest?cb=20260408033521,e42e86a8ed28d8c0246be48697b053902d86ab83
_unmatched\Talent Easy Does It.png,skipped_existing,unknown,,,Aloy,,,,,,,,,,,Talent Easy Does It.png,,https://genshin-impact.fandom.com/wiki/File%3ATalent_Easy_Does_It.png,https://static.wikia.nocookie.net/gensin-impact/images/0/0f/Talent_Easy_Does_It.png/revision/latest?cb=20210901030938,7392d7c9c15b864e974696b334e74b0b832e7ff4
_unmatched\Talent Embers Unspent.png,skipped_existing,unknown,,,Traveler (Pyro),,,,,,,,,,,Talent Embers Unspent.png,,https://genshin-impact.fandom.com/wiki/File%3ATalent_Embers_Unspent.png,https://static.wikia.nocookie.net/gensin-impact/images/d/d5/Talent_Embers_Unspent.png/revision/latest?cb=20250101020433,1e1e94ea98153cb1a2253da553c7020672f16c01
_unmatched\Talent Ever-Keen Frost.png,skipped_existing,unknown,,,Traveler (Cryo),,,,,,,,,,,Talent Ever-Keen Frost.png,,https://genshin-impact.fandom.com/wiki/File%3ATalent_Ever-Keen_Frost.png,https://static.wikia.nocookie.net/gensin-impact/images/b/b9/Talent_Ever-Keen_Frost.png/revision/latest?cb=20260814234814,24eda931580abadfa5a423844fafcd96b5df2333
_unmatched\Talent Field Observation Notes.png,skipped_existing,unknown,,,Linnea,,,,,,,,,,,Talent Field Observation Notes.png,,https://genshin-impact.fandom.com/wiki/File%3ATalent_Field_Observation_Notes.png,https://static.wikia.nocookie.net/gensin-impact/images/f/f3/Talent_Field_Observation_Notes.png/revision/latest?cb=20260408033523,2e0f3e29e4b6612fe1573b88e66486b7d640d84f
_unmatched\Talent Flowfire Blade.png,skipped_existing,unknown,,,Traveler (Pyro),,,,,,,,,,,Talent Flowfire Blade.png,,https://genshin-impact.fandom.com/wiki/File%3ATalent_Flowfire_Blade.png,https://static.wikia.nocookie.net/gensin-impact/images/a/a2/Talent_Flowfire_Blade.png/revision/latest?cb=20250101020434,a40dbd9bb909d66e5d2aea96b348c7528f7bbcea
_unmatched\Talent Foreign Adamantine.png,skipped_existing,unknown,,,Traveler (Geo),,,,,,,,,,,Talent Foreign Adamantine.png,,https://genshin-impact.fandom.com/wiki/File%3ATalent_Foreign_Adamantine.png,https://static.wikia.nocookie.net/gensin-impact/images/a/a2/Talent_Foreign_Adamantine.png/revision/latest?cb=20260115173456,3231f70f4f3baaceb66ec850f63568698822fb08
_unmatched\Talent Foreign Aqualis.png,skipped_existing,unknown,,,Traveler (Hydro),,,,,,,,,,,Talent Foreign Aqualis.png,,https://genshin-impact.fandom.com/wiki/File%3ATalent_Foreign_Aqualis.png,https://static.wikia.nocookie.net/gensin-impact/images/e/ec/Talent_Foreign_Aqualis.png/revision/latest?cb=20260115173522,9c464a3c8c0369c64c236fdb4fae5c3e4e5306a9
_unmatched\Talent Foreign Permafrost.png,skipped_existing,unknown,,,Traveler (Cryo),,,,,,,,,,,Talent Foreign Permafrost.png,,https://genshin-impact.fandom.com/wiki/File%3ATalent_Foreign_Permafrost.png,https://static.wikia.nocookie.net/gensin-impact/images/c/c4/Talent_Foreign_Permafrost.png/revision/latest?cb=20260814234911,2b72a4f9bcc102347650e2d086f27e40787535e7
_unmatched\Talent Foreign Starfire.png,skipped_existing,unknown,,,Traveler (Pyro),,,,,,,,,,,Talent Foreign Starfire.png,,https://genshin-impact.fandom.com/wiki/File%3ATalent_Foreign_Starfire.png,https://static.wikia.nocookie.net/gensin-impact/images/a/a2/Talent_Foreign_Starfire.png/revision/latest?cb=20260115180046,686fe77e46574bb68bf748d58c3cea59551f49b9
_unmatched\Talent Foreign Thundertrail.png,skipped_existing,unknown,,,Traveler (Electro),,,,,,,,,,,Talent Foreign Thundertrail.png,,https://genshin-impact.fandom.com/wiki/File%3ATalent_Foreign_Thundertrail.png,https://static.wikia.nocookie.net/gensin-impact/images/4/44/Talent_Foreign_Thundertrail.png/revision/latest?cb=20260115173505,d62b64dc39ed35cb2205b7da3508fe6ee7dee7bf
_unmatched\Talent Foreign Verdalume.png,skipped_existing,unknown,,,Traveler (Dendro),,,,,,,,,,,Talent Foreign Verdalume.png,,https://genshin-impact.fandom.com/wiki/File%3ATalent_Foreign_Verdalume.png,https://static.wikia.nocookie.net/gensin-impact/images/0/0c/Talent_Foreign_Verdalume.png/revision/latest?cb=20260115173514,051c7f5c7d72fa5f04d5d794e00e28b035361d5c
_unmatched\Talent Foreign Windwrath.png,skipped_existing,unknown,,,Traveler (Anemo),,,,,,,,,,,Talent Foreign Windwrath.png,,https://genshin-impact.fandom.com/wiki/File%3ATalent_Foreign_Windwrath.png,https://static.wikia.nocookie.net/gensin-impact/images/9/9f/Talent_Foreign_Windwrath.png/revision/latest?cb=20260115173419,4a78f932cb3dc81e7128588c6b087b8c1026deed
_unmatched\Talent Frenzied Rockslide.png,skipped_existing,unknown,,,Traveler (Geo),,,,,,,,,,,Talent Frenzied Rockslide.png,,https://genshin-impact.fandom.com/wiki/File%3ATalent_Frenzied_Rockslide.png,https://static.wikia.nocookie.net/gensin-impact/images/4/40/Talent_Frenzied_Rockslide.png/revision/latest?cb=20210607090147,a3d000bf7c7666b3509fbefa30c6f848538cedb1
_unmatched\Talent Frostbound Javelin.png,skipped_existing,unknown,,,Traveler (Cryo),,,,,,,,,,,Talent Frostbound Javelin.png,,https://genshin-impact.fandom.com/wiki/File%3ATalent_Frostbound_Javelin.png,https://static.wikia.nocookie.net/gensin-impact/images/4/42/Talent_Frostbound_Javelin.png/revision/latest?cb=20260814234742,8cdbc15232dd744ab4cb2f784b76cdd576801f64
_unmatched\Talent Frozen Wilds.png,skipped_existing,unknown,,,Aloy,,,,,,,,,,,Talent Frozen Wilds.png,,https://genshin-impact.fandom.com/wiki/File%3ATalent_Frozen_Wilds.png,https://static.wikia.nocookie.net/gensin-impact/images/9/9a/Talent_Frozen_Wilds.png/revision/latest?cb=20210901030941,7f62c687c0307f6edf0568a0fb1d65b8e294954c
_unmatched\Talent Gust Surge.png,skipped_existing,unknown,,,Traveler (Anemo),,,,,,,,,,,Talent Gust Surge.png,,https://genshin-impact.fandom.com/wiki/File%3ATalent_Gust_Surge.png,https://static.wikia.nocookie.net/gensin-impact/images/9/98/Talent_Gust_Surge.png/revision/latest?cb=20210607090503,14646739d000557cb89d92fb82c4587b11d9b67f
_unmatched\Talent Ice Fog Piercer.png,skipped_existing,unknown,,,Traveler (Cryo),,,,,,,,,,,Talent Ice Fog Piercer.png,,https://genshin-impact.fandom.com/wiki/File%3ATalent_Ice_Fog_Piercer.png,https://static.wikia.nocookie.net/gensin-impact/images/4/4d/Talent_Ice_Fog_Piercer.png/revision/latest?cb=20260814234708,8ec99eb6aa66b5d65782a0e92d0bfbaecf3fe06e
_unmatched\Talent Illusory Frostmirror.png,skipped_existing,unknown,,,Traveler (Cryo),,,,,,,,,,,Talent Illusory Frostmirror.png,,https://genshin-impact.fandom.com/wiki/File%3ATalent_Illusory_Frostmirror.png,https://static.wikia.nocookie.net/gensin-impact/images/1/15/Talent_Illusory_Frostmirror.png/revision/latest?cb=20260814234943,58b58b32279d558c3e2954df7348d711b8a2ca56
_unmatched\Talent Lightning Blade.png,skipped_existing,unknown,,,Traveler (Electro),,,,,,,,,,,Talent Lightning Blade.png,,https://genshin-impact.fandom.com/wiki/File%3ATalent_Lightning_Blade.png,https://static.wikia.nocookie.net/gensin-impact/images/0/03/Talent_Lightning_Blade.png/revision/latest?cb=20210721030532,cc7e359f32a32d07d17141b57c7d9ac3549b6e08
_unmatched\Talent Lucent Ice.png,skipped_existing,unknown,,,Traveler (Cryo),,,,,,,,,,,Talent Lucent Ice.png,,https://genshin-impact.fandom.com/wiki/File%3ATalent_Lucent_Ice.png,https://static.wikia.nocookie.net/gensin-impact/images/b/b3/Talent_Lucent_Ice.png/revision/latest?cb=20260814234841,e278a2b88bb4ea4c29a6a077104963503b89bbe9
_unmatched\Talent Master Adventurer.png,skipped_existing,unknown,,,Linnea,,,,,,,,,,,Talent Master Adventurer.png,,https://genshin-impact.fandom.com/wiki/File%3ATalent_Master_Adventurer.png,https://static.wikia.nocookie.net/gensin-impact/images/9/9d/Talent_Master_Adventurer.png/revision/latest?cb=20260408033526,e1d3f8746f2923deb6bfa7f7228f6d12c35afa7e
_unmatched\Talent Memo- Survival Guide in Extreme Conditions.png,skipped_existing,unknown,,,Linnea,,,,,,,,,,,Talent Memo- Survival Guide in Extreme Conditions.png,,https://genshin-impact.fandom.com/wiki/File%3ATalent_Memo-_Survival_Guide_in_Extreme_Conditions.png,https://static.wikia.nocookie.net/gensin-impact/images/2/28/Talent_Memo-_Survival_Guide_in_Extreme_Conditions.png/revision/latest?cb=20260408033528,e8638a5814835e9c81e9cc396af32a93e9218856
_unmatched\Talent No Entry.png,skipped_existing,unknown,,,Wonderland Manekin,,,,,,,,,,,Talent No Entry.png,,https://genshin-impact.fandom.com/wiki/File%3ATalent_No_Entry.png,https://static.wikia.nocookie.net/gensin-impact/images/e/e8/Talent_No_Entry.png/revision/latest?cb=20251022045653,24454e2da584578b66d400826f678839b0c3c438
_unmatched\Talent Palm Vortex.png,skipped_existing,unknown,,,Traveler (Anemo),,,,,,,,,,,Talent Palm Vortex.png,,https://genshin-impact.fandom.com/wiki/File%3ATalent_Palm_Vortex.png,https://static.wikia.nocookie.net/gensin-impact/images/0/07/Talent_Palm_Vortex.png/revision/latest?cb=20210607091232,3839afe787fc1e9d678634b5ce012f978d45d812
_unmatched\Talent Plains Scorcher.png,skipped_existing,unknown,,,Traveler (Pyro),,,,,,,,,,,Talent Plains Scorcher.png,,https://genshin-impact.fandom.com/wiki/File%3ATalent_Plains_Scorcher.png,https://static.wikia.nocookie.net/gensin-impact/images/f/f2/Talent_Plains_Scorcher.png/revision/latest?cb=20250101020435,c6edd118aa962b819cf75a9c02806368387a67b2
_unmatched\Talent Prophecies of Dawn.png,skipped_existing,unknown,,,Aloy,,,,,,,,,,,Talent Prophecies of Dawn.png,,https://genshin-impact.fandom.com/wiki/File%3ATalent_Prophecies_of_Dawn.png,https://static.wikia.nocookie.net/gensin-impact/images/b/b4/Talent_Prophecies_of_Dawn.png/revision/latest?cb=20220521143803,992daab8ca0a221c744dc7c73f1d4ce17d0791b2
_unmatched\Talent Punishing Barrage.png,skipped_existing,unknown,,,Wonderland Manekin,,,,,,,,,,,Talent Punishing Barrage.png,,https://genshin-impact.fandom.com/wiki/File%3ATalent_Punishing_Barrage.png,https://static.wikia.nocookie.net/gensin-impact/images/e/e0/Talent_Punishing_Barrage.png/revision/latest?cb=20251022045651,a685dffe6d4dfd93c91c7e767cef65f4fef0540b
_unmatched\Talent Razorgrass Blade.png,skipped_existing,unknown,,,Traveler (Dendro),,,,,,,,,,,Talent Razorgrass Blade.png,,https://genshin-impact.fandom.com/wiki/File%3ATalent_Razorgrass_Blade.png,https://static.wikia.nocookie.net/gensin-impact/images/2/24/Talent_Razorgrass_Blade.png/revision/latest?cb=20220824024608,093934cdd54004a405002e8c7629c26e09b3c9eb
_unmatched\Talent Resounding Roar.png,skipped_existing,unknown,,,Traveler (Electro),,,,,,,,,,,Talent Resounding Roar.png,,https://genshin-impact.fandom.com/wiki/File%3ATalent_Resounding_Roar.png,https://static.wikia.nocookie.net/gensin-impact/images/2/26/Talent_Resounding_Roar.png/revision/latest?cb=20210721030534,591e2d96a9047a4ea2596cb7db49dfa2b32257bb
_unmatched\Talent Rising Waters.png,skipped_existing,unknown,,,Traveler (Hydro),,,,,,,,,,,Talent Rising Waters.png,,https://genshin-impact.fandom.com/wiki/File%3ATalent_Rising_Waters.png,https://static.wikia.nocookie.net/gensin-impact/images/6/65/Talent_Rising_Waters.png/revision/latest?cb=20230816022013,d6ec9f344ec8e7b1de0883158d3fc0039375fb1a
_unmatched\Talent Second Wind.png,skipped_existing,unknown,,,Traveler (Anemo),,,,,,,,,,,Talent Second Wind.png,,https://genshin-impact.fandom.com/wiki/File%3ATalent_Second_Wind.png,https://static.wikia.nocookie.net/gensin-impact/images/5/5e/Talent_Second_Wind.png/revision/latest?cb=20210607091739,cf58f0d378307d44c005d148c82c4df0b3225f30
_unmatched\Talent Shattered Darkrock.png,skipped_existing,unknown,,,Traveler (Geo),,,,,,,,,,,Talent Shattered Darkrock.png,,https://genshin-impact.fandom.com/wiki/File%3ATalent_Shattered_Darkrock.png,https://static.wikia.nocookie.net/gensin-impact/images/5/5e/Talent_Shattered_Darkrock.png/revision/latest?cb=20210607091827,e6b84c31928b808675d36cf02bc6c5e0ab1ee271
_unmatched\Talent Slitting Wind.png,skipped_existing,unknown,,,Traveler (Anemo),,,,,,,,,,,Talent Slitting Wind.png,,https://genshin-impact.fandom.com/wiki/File%3ATalent_Slitting_Wind.png,https://static.wikia.nocookie.net/gensin-impact/images/2/22/Talent_Slitting_Wind.png/revision/latest?cb=20210607091926,ef430e8bc5dead338985f632cc1342d8398bb570
_unmatched\Talent Spotless Waters.png,skipped_existing,unknown,,,Traveler (Hydro),,,,,,,,,,,Talent Spotless Waters.png,,https://genshin-impact.fandom.com/wiki/File%3ATalent_Spotless_Waters.png,https://static.wikia.nocookie.net/gensin-impact/images/1/19/Talent_Spotless_Waters.png/revision/latest?cb=20230816022015,ef46f4aef0a60c7d54ea6dda5e1835d4293b7168
_unmatched\Talent Starfell Sword.png,skipped_existing,unknown,,,Traveler (Geo),,,,,,,,,,,Talent Starfell Sword.png,,https://genshin-impact.fandom.com/wiki/File%3ATalent_Starfell_Sword.png,https://static.wikia.nocookie.net/gensin-impact/images/0/05/Talent_Starfell_Sword.png/revision/latest?cb=20210607092107,909dc53a75e73f61b64bde2f41e8d8a06de436a3
_unmatched\Talent Strong Strike.png,skipped_existing,unknown,,,Aloy,,,,,,,,,,,Talent Strong Strike.png,,https://genshin-impact.fandom.com/wiki/File%3ATalent_Strong_Strike.png,https://static.wikia.nocookie.net/gensin-impact/images/b/ba/Talent_Strong_Strike.png/revision/latest?cb=20210901031000,bd52cbbb3f4e7ef586274f98039b00fb734846ab
_unmatched\Talent Surgent Manifestation.png,skipped_existing,unknown,,,Traveler (Dendro),,,,,,,,,,,Talent Surgent Manifestation.png,,https://genshin-impact.fandom.com/wiki/File%3ATalent_Surgent_Manifestation.png,https://static.wikia.nocookie.net/gensin-impact/images/a/af/Talent_Surgent_Manifestation.png/revision/latest?cb=20220824024610,0d8cb07361c42d1e38412996481be8691c1e8c20
_unmatched\Talent Thunderflash.png,skipped_existing,unknown,,,Traveler (Electro),,,,,,,,,,,Talent Thunderflash.png,,https://genshin-impact.fandom.com/wiki/File%3ATalent_Thunderflash.png,https://static.wikia.nocookie.net/gensin-impact/images/1/16/Talent_Thunderflash.png/revision/latest?cb=20210721030536,bc9ea6ec0bd130650996eb1273aad2e6d053e4f7
_unmatched\Talent True Flame of Incineration.png,skipped_existing,unknown,,,Traveler (Pyro),,,,,,,,,,,Talent True Flame of Incineration.png,,https://genshin-impact.fandom.com/wiki/File%3ATalent_True_Flame_of_Incineration.png,https://static.wikia.nocookie.net/gensin-impact/images/b/b6/Talent_True_Flame_of_Incineration.png/revision/latest?cb=20250101020435,56dbaff597f7ada0c45154c77de832e424bae211
_unmatched\Talent Universal Naturalist Archive.png,skipped_existing,unknown,,,Linnea,,,,,,,,,,,Talent Universal Naturalist Archive.png,,https://genshin-impact.fandom.com/wiki/File%3ATalent_Universal_Naturalist_Archive.png,https://static.wikia.nocookie.net/gensin-impact/images/a/a4/Talent_Universal_Naturalist_Archive.png/revision/latest?cb=20260408033530,b0addb9e326ba9bb894d9bc4599b222d9374447c
_unmatched\Talent Verdant Luxury.png,skipped_existing,unknown,,,Traveler (Dendro),,,,,,,,,,,Talent Verdant Luxury.png,,https://genshin-impact.fandom.com/wiki/File%3ATalent_Verdant_Luxury.png,https://static.wikia.nocookie.net/gensin-impact/images/5/55/Talent_Verdant_Luxury.png/revision/latest?cb=20220824024612,2a0c88ef62bdb0a3106243f2827a36344a458bad
_unmatched\Talent Verdant Overgrowth.png,skipped_existing,unknown,,,Traveler (Dendro),,,,,,,,,,,Talent Verdant Overgrowth.png,,https://genshin-impact.fandom.com/wiki/File%3ATalent_Verdant_Overgrowth.png,https://static.wikia.nocookie.net/gensin-impact/images/5/55/Talent_Verdant_Overgrowth.png/revision/latest?cb=20220824024607,5321225bd06debc39c40db4272d4519ea89d795f
_unmatched\Talent Wake of Earth.png,skipped_existing,unknown,,,Traveler (Geo),,,,,,,,,,,Talent Wake of Earth.png,,https://genshin-impact.fandom.com/wiki/File%3ATalent_Wake_of_Earth.png,https://static.wikia.nocookie.net/gensin-impact/images/5/5f/Talent_Wake_of_Earth.png/revision/latest?cb=20210607092653,40ef85b3c5f6b0d95921f33333a1214a5435ab1c
